anime_id,image_url
32281,https://cdn.myanimelist.net/images/anime/5/87048.jpg
5114,https://cdn.myanimelist.net/images/anime/1208/94745.jpg
28977,https://cdn.myanimelist.net/images/anime/3/72078.jpg
9253,https://cdn.myanimelist.net/images/anime/1935/127974.jpg
9969,https://cdn.myanimelist.net/images/anime/4/50361.jpg
32935,https://cdn.myanimelist.net/images/anime/7/81992.jpg
11061,https://cdn.myanimelist.net/images/anime/1337/99013.jpg
820,https://cdn.myanimelist.net/images/anime/1976/142016.jpg
15335,https://cdn.myanimelist.net/images/anime/10/51723.jpg
15417,https://cdn.myanimelist.net/images/anime/1452/123686.jpg
4181,https://cdn.myanimelist.net/images/anime/1299/110774.jpg
28851,https://cdn.myanimelist.net/images/anime/1122/96435.jpg
918,https://cdn.myanimelist.net/images/anime/10/73274.jpg
2904,https://cdn.myanimelist.net/images/anime/1088/135089.jpg
28891,https://cdn.myanimelist.net/images/anime/9/76662.jpg
199,https://cdn.myanimelist.net/images/anime/6/79597.jpg
23273,https://cdn.myanimelist.net/images/anime/1405/143284.jpg
24701,https://cdn.myanimelist.net/images/anime/9/68095.jpg
12355,https://cdn.myanimelist.net/images/anime/9/35721.jpg
1575,https://cdn.myanimelist.net/images/anime/1032/135088.jpg
263,https://cdn.myanimelist.net/images/anime/4/86334.jpg
44,https://cdn.myanimelist.net/images/anime/1656/137618.jpg
1,https://cdn.myanimelist.net/images/anime/4/19644.jpg
30276,https://cdn.myanimelist.net/images/anime/12/76049.jpg
164,
7311,https://cdn.myanimelist.net/images/anime/1248/112352.jpg
17074,https://cdn.myanimelist.net/images/anime/1807/121534.jpg
21939,https://cdn.myanimelist.net/images/anime/13/58533.jpg
457,https://cdn.myanimelist.net/images/anime/2/73862.jpg
2001,https://cdn.myanimelist.net/images/anime/4/5123.jpg
245,https://cdn.myanimelist.net/images/anime/13/11460.jpg
32983,https://cdn.myanimelist.net/images/anime/11/81755.jpg
5258,https://cdn.myanimelist.net/images/anime/8/56617.jpg
28957,https://cdn.myanimelist.net/images/anime/9/72689.jpg
11665,https://cdn.myanimelist.net/images/anime/3/37449.jpg
431,https://cdn.myanimelist.net/images/anime/1470/138723.jpg
11741,https://cdn.myanimelist.net/images/anime/1522/117645.jpg
31757,https://cdn.myanimelist.net/images/anime/1981/112812.jpg
19,https://cdn.myanimelist.net/images/anime/10/18793.jpg
12365,https://cdn.myanimelist.net/images/anime/6/41845.jpg
1535,https://cdn.myanimelist.net/images/anime/1079/138100.jpg
32366,https://cdn.myanimelist.net/images/anime/1962/133573.jpg
30654,https://cdn.myanimelist.net/images/anime/8/77966.jpg
20583,https://cdn.myanimelist.net/images/anime/7/76014.jpg
19647,https://cdn.myanimelist.net/images/anime/6/56147.jpg
4282,https://cdn.myanimelist.net/images/anime/4/75851.jpg
10379,https://cdn.myanimelist.net/images/anime/8/82394.jpg
22135,https://cdn.myanimelist.net/images/anime/1586/146565.jpg
21329,https://cdn.myanimelist.net/images/anime/1559/147521.jpg
31043,https://cdn.myanimelist.net/images/anime/10/77957.jpg
7785,https://cdn.myanimelist.net/images/anime/1633/123689.jpg
3297,https://cdn.myanimelist.net/images/anime/1431/132867.jpg
30709,https://cdn.myanimelist.net/images/anime/3/81250.jpg
6114,https://cdn.myanimelist.net/images/anime/9/72697.jpg
31240,https://cdn.myanimelist.net/images/anime/1522/128039.jpg
4565,https://cdn.myanimelist.net/images/anime/12/19698.jpg
5300,https://cdn.myanimelist.net/images/anime/4/79738.jpg
9989,
24415,https://cdn.myanimelist.net/images/anime/4/68299.jpg
11577,https://cdn.myanimelist.net/images/anime/1611/112806.jpg
10408,https://cdn.myanimelist.net/images/anime/1599/112267.jpg
28171,https://cdn.myanimelist.net/images/anime/1444/148976.jpg
32995,https://cdn.myanimelist.net/images/anime/6/81149.jpg
21899,https://cdn.myanimelist.net/images/anime/1172/90571.jpg
26055,https://cdn.myanimelist.net/images/anime/11/75045.jpg
7472,https://cdn.myanimelist.net/images/anime/4/28803.jpg
777,https://cdn.myanimelist.net/images/anime/1012/143965.jpg
22535,https://cdn.myanimelist.net/images/anime/3/73178.jpg
28735,https://cdn.myanimelist.net/images/anime/1354/124768.jpg
12431,https://cdn.myanimelist.net/images/anime/1290/135694.jpg
28805,https://cdn.myanimelist.net/images/anime/11/73540.jpg
578,https://cdn.myanimelist.net/images/anime/1485/141208.jpg
16894,https://cdn.myanimelist.net/images/anime/9/56155.jpg
5028,https://cdn.myanimelist.net/images/anime/9/75218.jpg
21,https://cdn.myanimelist.net/images/anime/1244/138851.jpg
801,https://cdn.myanimelist.net/images/anime/1646/135390.jpg
31933,https://cdn.myanimelist.net/images/anime/3/79156.jpg
5205,https://cdn.myanimelist.net/images/anime/9/56619.jpg
17389,https://cdn.myanimelist.net/images/anime/13/53589.jpg
170,https://cdn.myanimelist.net/images/anime/12/86890.jpg
10162,https://cdn.myanimelist.net/images/anime/1460/98853.jpg
18617,https://cdn.myanimelist.net/images/anime/1776/91467.jpg
32182,https://cdn.myanimelist.net/images/anime/8/80356.jpg
877,https://cdn.myanimelist.net/images/anime/2/11232.jpg
2251,https://cdn.myanimelist.net/images/anime/3/14547.jpg
24687,https://cdn.myanimelist.net/images/anime/8/63539.jpg
16498,https://cdn.myanimelist.net/images/anime/10/47347.jpg
10030,https://cdn.myanimelist.net/images/anime/3/34923.jpg
5941,https://cdn.myanimelist.net/images/anime/6/22103.jpg
30346,https://cdn.myanimelist.net/images/anime/3/78606.jpg
3784,https://cdn.myanimelist.net/images/anime/5/74983.jpg
13125,https://cdn.myanimelist.net/images/anime/1549/136389.jpg
12029,https://cdn.myanimelist.net/images/anime/2/36607.jpg
14397,https://cdn.myanimelist.net/images/anime/6/47435.jpg
10087,https://cdn.myanimelist.net/images/anime/1887/117644.jpg
14719,https://cdn.myanimelist.net/images/anime/3/40409.jpg
9756,https://cdn.myanimelist.net/images/anime/11/55225.jpg
10165,https://cdn.myanimelist.net/images/anime/3/75617.jpg
13601,https://cdn.myanimelist.net/images/anime/1314/142015.jpg
22789,https://cdn.myanimelist.net/images/anime/1426/111248.jpg
30230,https://cdn.myanimelist.net/images/anime/9/74398.jpg
18115,https://cdn.myanimelist.net/images/anime/13/55039.jpg
11981,https://cdn.myanimelist.net/images/anime/5/54231.jpg
11917,https://cdn.myanimelist.net/images/anime/5/75220.jpg
205,https://cdn.myanimelist.net/images/anime/1370/135212.jpg
32282,https://cdn.myanimelist.net/images/anime/8/79353.jpg
6594,https://cdn.myanimelist.net/images/anime/1112/119225.jpg
11979,https://cdn.myanimelist.net/images/anime/6/42265.jpg
7655,
2246,https://cdn.myanimelist.net/images/anime/3/20713.jpg
25835,https://cdn.myanimelist.net/images/anime/1460/141897.jpg
2921,https://cdn.myanimelist.net/images/anime/3/45028.jpg
136,https://cdn.myanimelist.net/images/anime/1305/132237.jpg
30503,https://cdn.myanimelist.net/images/anime/1689/94850.jpg
12531,https://cdn.myanimelist.net/images/anime/1604/98654.jpg
523,https://cdn.myanimelist.net/images/anime/1110/147278.jpg
467,https://cdn.myanimelist.net/images/anime/11/50857.jpg
572,https://cdn.myanimelist.net/images/anime/10/75914.jpg
19815,https://cdn.myanimelist.net/images/anime/1074/111944.jpg
2559,https://cdn.myanimelist.net/images/anime/4/17979.jpg
392,https://cdn.myanimelist.net/images/anime/1228/111372.jpg
486,https://cdn.myanimelist.net/images/anime/1763/95397.jpg
11771,https://cdn.myanimelist.net/images/anime/11/50453.jpg
1698,https://cdn.myanimelist.net/images/anime/9/11986.jpg
5341,https://cdn.myanimelist.net/images/anime/6/59399.jpg
25781,https://cdn.myanimelist.net/images/anime/8/69497.jpg
10863,https://cdn.myanimelist.net/images/anime/1805/123188.jpg
28701,https://cdn.myanimelist.net/images/anime/1881/124810.jpg
5420,https://cdn.myanimelist.net/images/anime/1929/121700.jpg
9260,https://cdn.myanimelist.net/images/anime/1783/112810.jpg
32,https://cdn.myanimelist.net/images/anime/1404/98182.jpg
4224,https://cdn.myanimelist.net/images/anime/13/22128.jpg
2236,https://cdn.myanimelist.net/images/anime/1/2432.jpg
2685,https://cdn.myanimelist.net/images/anime/4/49129.jpg
31181,https://cdn.myanimelist.net/images/anime/8/76479.jpg
45,https://cdn.myanimelist.net/images/anime/1346/119505.jpg
2418,https://cdn.myanimelist.net/images/anime/9/87066.jpg
1365,https://cdn.myanimelist.net/images/anime/1400/94320.jpg
22297,https://cdn.myanimelist.net/images/anime/12/67333.jpg
627,https://cdn.myanimelist.net/images/anime/13/73973.jpg
10937,https://cdn.myanimelist.net/images/anime/4/72702.jpg
23755,https://cdn.myanimelist.net/images/anime/8/65409.jpg
4081,https://cdn.myanimelist.net/images/anime/1681/108439.jpg
4155,https://cdn.myanimelist.net/images/anime/1192/116784.jpg
1889,https://cdn.myanimelist.net/images/anime/12/14114.jpg
137,https://cdn.myanimelist.net/images/anime/1/137.jpg
139,https://cdn.myanimelist.net/images/anime/1/139.jpg
23317,https://cdn.myanimelist.net/images/anime/12/74392.jpg
558,https://cdn.myanimelist.net/images/anime/6/73972.jpg
5040,https://cdn.myanimelist.net/images/anime/7/21065.jpg
57,https://cdn.myanimelist.net/images/anime/11/11636.jpg
33,https://cdn.myanimelist.net/images/anime/1384/119988.jpg
5,https://cdn.myanimelist.net/images/anime/1439/93480.jpg
1842,https://cdn.myanimelist.net/images/anime/9/73971.jpg
6336,https://cdn.myanimelist.net/images/anime/12/50459.jpg
20651,https://cdn.myanimelist.net/images/anime/11/79742.jpg
1210,https://cdn.myanimelist.net/images/anime/3/52675.jpg
338,https://cdn.myanimelist.net/images/anime/9/57043.jpg
13759,https://cdn.myanimelist.net/images/anime/4/43643.jpg
6547,https://cdn.myanimelist.net/images/anime/1244/111115.jpg
5081,https://cdn.myanimelist.net/images/anime/11/75274.jpg
32867,https://cdn.myanimelist.net/images/anime/1572/133096.jpg
264,https://cdn.myanimelist.net/images/anime/1521/137978.jpg
12859,https://cdn.myanimelist.net/images/anime/6/44297.jpg
853,https://cdn.myanimelist.net/images/anime/2/71992.jpg
5460,https://cdn.myanimelist.net/images/anime/2/22558.jpg
6746,https://cdn.myanimelist.net/images/anime/10/71772.jpg
5690,https://cdn.myanimelist.net/images/anime/1084/119096.jpg
329,https://cdn.myanimelist.net/images/anime/1209/142900.jpg
34240,https://cdn.myanimelist.net/images/anime/5/82388.jpg
513,https://cdn.myanimelist.net/images/anime/5/37799.jpg
6945,https://cdn.myanimelist.net/images/anime/6/16161.jpg
1142,https://cdn.myanimelist.net/images/anime/6/11040.jpg
6811,https://cdn.myanimelist.net/images/anime/7/75570.jpg
16664,https://cdn.myanimelist.net/images/anime/1935/93606.jpg
1604,https://cdn.myanimelist.net/images/anime/1531/142751.jpg
22145,https://cdn.myanimelist.net/images/anime/6/64811.jpg
2966,https://cdn.myanimelist.net/images/anime/5/59401.jpg
31964,https://cdn.myanimelist.net/images/anime/10/78745.jpg
19363,https://cdn.myanimelist.net/images/anime/8/57995.jpg
18195,https://cdn.myanimelist.net/images/anime/10/55049.jpg
9890,https://cdn.myanimelist.net/images/anime/11/75219.jpg
9130,https://cdn.myanimelist.net/images/anime/12/29597.jpg
9863,https://cdn.myanimelist.net/images/anime/9/73974.jpg
7674,https://cdn.myanimelist.net/images/anime/6/26138.jpg
11843,https://cdn.myanimelist.net/images/anime/3/33257.jpg
16782,https://cdn.myanimelist.net/images/anime/1597/112995.jpg
28675,https://cdn.myanimelist.net/images/anime/9/72614.jpg
3226,https://cdn.myanimelist.net/images/anime/9/75217.jpg
21557,https://cdn.myanimelist.net/images/anime/7/64293.jpg
31715,https://cdn.myanimelist.net/images/anime/10/79375.jpg
43,https://cdn.myanimelist.net/images/anime/10/82594.jpg
9617,https://cdn.myanimelist.net/images/anime/5/76233.jpg
31051,https://cdn.myanimelist.net/images/anime/13/77323.jpg
10153,https://cdn.myanimelist.net/images/anime/1511/94432.jpg
1033,https://cdn.myanimelist.net/images/anime/1648/93626.jpg
32188,https://cdn.myanimelist.net/images/anime/7/77324.jpg
3091,https://cdn.myanimelist.net/images/anime/9/8626.jpg
12115,https://cdn.myanimelist.net/images/anime/12/41305.jpg
28223,https://cdn.myanimelist.net/images/anime/5/71553.jpg
121,https://cdn.myanimelist.net/images/anime/10/75815.jpg
3002,https://cdn.myanimelist.net/images/anime/12/80032.jpg
138,https://cdn.myanimelist.net/images/anime/1902/122320.jpg
6675,https://cdn.myanimelist.net/images/anime/12/28553.jpg
10800,https://cdn.myanimelist.net/images/anime/1959/156735.jpg
32005,https://cdn.myanimelist.net/images/anime/10/78894.jpg
813,https://cdn.myanimelist.net/images/anime/1277/142022.jpg
27821,https://cdn.myanimelist.net/images/anime/9/67425.jpg
28725,https://cdn.myanimelist.net/images/anime/1245/112628.jpg
585,https://cdn.myanimelist.net/images/anime/1764/138714.jpg
16067,https://cdn.myanimelist.net/images/anime/7/53549.jpg
30,https://cdn.myanimelist.net/images/anime/1314/108941.jpg
31490,https://cdn.myanimelist.net/images/anime/1081/137690.jpg
759,https://cdn.myanimelist.net/images/anime/1480/132791.jpg
6,https://cdn.myanimelist.net/images/anime/1130/120002.jpg
6864,https://cdn.myanimelist.net/images/anime/9/25080.jpg
9735,https://cdn.myanimelist.net/images/anime/12/26966.jpg
11977,https://cdn.myanimelist.net/images/anime/6/42331.jpg
11123,https://cdn.myanimelist.net/images/anime/8/34871.jpg
23847,https://cdn.myanimelist.net/images/anime/11/75376.jpg
33161,https://cdn.myanimelist.net/images/anime/13/84052.jpg
962,https://cdn.myanimelist.net/images/anime/2/77621.jpg
1519,https://cdn.myanimelist.net/images/anime/1701/152849.jpg
2167,https://cdn.myanimelist.net/images/anime/1804/95033.jpg
16706,https://cdn.myanimelist.net/images/anime/6/51949.jpg
5681,https://cdn.myanimelist.net/images/anime/1593/116751.jpg
3901,https://cdn.myanimelist.net/images/anime/7/9129.jpg
6467,https://cdn.myanimelist.net/images/anime/7/22312.jpg
10271,https://cdn.myanimelist.net/images/anime/10/30599.jpg
22507,https://cdn.myanimelist.net/images/anime/1404/101364.jpg
3701,https://cdn.myanimelist.net/images/anime/1959/147908.jpg
19123,https://cdn.myanimelist.net/images/anime/9/61015.jpg
33255,https://cdn.myanimelist.net/images/anime/1973/142750.jpg
372,https://cdn.myanimelist.net/images/anime/1652/90326.jpg
265,https://cdn.myanimelist.net/images/anime/4/64737.jpg
25681,https://cdn.myanimelist.net/images/anime/8/69187.jpg
4722,https://cdn.myanimelist.net/images/anime/11/84022.jpg
24277,https://cdn.myanimelist.net/images/anime/12/67799.jpg
239,https://cdn.myanimelist.net/images/anime/1910/138560.jpg
512,https://cdn.myanimelist.net/images/anime/1579/140483.jpg
4477,https://cdn.myanimelist.net/images/anime/1896/147906.jpg
15323,https://cdn.myanimelist.net/images/anime/5/41415.jpg
31174,https://cdn.myanimelist.net/images/anime/7/76540.jpg
23327,https://cdn.myanimelist.net/images/anime/3/64451.jpg
5365,https://cdn.myanimelist.net/images/anime/1063/117013.jpg
3702,https://cdn.myanimelist.net/images/anime/3/9853.jpg
3167,https://cdn.myanimelist.net/images/anime/13/19480.jpg
7465,https://cdn.myanimelist.net/images/anime/9/27711.jpg
7054,https://cdn.myanimelist.net/images/anime/6/25254.jpg
1257,https://cdn.myanimelist.net/images/anime/1182/122016.jpg
23283,https://cdn.myanimelist.net/images/anime/1417/117422.jpg
2025,https://cdn.myanimelist.net/images/anime/5/19570.jpg
235,https://cdn.myanimelist.net/images/anime/7/75199.jpg
1364,https://cdn.myanimelist.net/images/anime/1144/92654.jpg
18689,https://cdn.myanimelist.net/images/anime/5/54235.jpg
22043,https://cdn.myanimelist.net/images/anime/3/60551.jpg
31988,https://cdn.myanimelist.net/images/anime/10/81155.jpg
20899,https://cdn.myanimelist.net/images/anime/11/55267.jpg
1453,https://cdn.myanimelist.net/images/anime/6/17576.jpg
23623,https://cdn.myanimelist.net/images/anime/9/75105.jpg
1559,https://cdn.myanimelist.net/images/anime/9/75515.jpg
1382,https://cdn.myanimelist.net/images/anime/1187/132740.jpg
23289,https://cdn.myanimelist.net/images/anime/5/66083.jpg
18,https://cdn.myanimelist.net/images/anime/9/10521.jpg
4814,https://cdn.myanimelist.net/images/anime/6/38417.jpg
16662,https://cdn.myanimelist.net/images/anime/8/52353.jpg
12031,https://cdn.myanimelist.net/images/anime/13/39511.jpg
8129,https://cdn.myanimelist.net/images/anime/1764/133575.jpg
14513,https://cdn.myanimelist.net/images/anime/11/42773.jpg
2581,https://cdn.myanimelist.net/images/anime/3/13200.jpg
30015,https://cdn.myanimelist.net/images/anime/3/82149.jpg
6171,https://cdn.myanimelist.net/images/anime/8/75546.jpg
1827,https://cdn.myanimelist.net/images/anime/4/50337.jpg
25013,https://cdn.myanimelist.net/images/anime/9/64225.jpg
1367,https://cdn.myanimelist.net/images/anime/2/20982.jpg
27833,https://cdn.myanimelist.net/images/anime/6/77838.jpg
26213,https://cdn.myanimelist.net/images/anime/6/73125.jpg
1974,https://cdn.myanimelist.net/images/anime/7/75061.jpg
8425,https://cdn.myanimelist.net/images/anime/11/27906.jpg
12069,https://cdn.myanimelist.net/images/anime/2/84664.jpg
185,https://cdn.myanimelist.net/images/anime/1384/127972.jpg
18679,https://cdn.myanimelist.net/images/anime/1464/111943.jpg
2034,https://cdn.myanimelist.net/images/anime/11/75563.jpg
437,https://cdn.myanimelist.net/images/anime/1254/134212.jpg
721,https://cdn.myanimelist.net/images/anime/1145/93646.jpg
12477,https://cdn.myanimelist.net/images/anime/12/52415.jpg
4938,https://cdn.myanimelist.net/images/anime/9/33841.jpg
2402,https://cdn.myanimelist.net/images/anime/5/64671.jpg
6702,https://cdn.myanimelist.net/images/anime/5/18179.jpg
1566,https://cdn.myanimelist.net/images/anime/3/85128.jpg
31741,https://cdn.myanimelist.net/images/anime/10/78783.jpg
440,https://cdn.myanimelist.net/images/anime/1078/95285.jpg
4107,https://cdn.myanimelist.net/images/anime/1270/115752.jpg
1506,https://cdn.myanimelist.net/images/anime/1919/94322.jpg
2759,https://cdn.myanimelist.net/images/anime/7/74975.jpg
72,https://cdn.myanimelist.net/images/anime/4/75260.jpg
3016,https://cdn.myanimelist.net/images/anime/8/22498.jpg
3783,https://cdn.myanimelist.net/images/anime/4/21735.jpg
3927,https://cdn.myanimelist.net/images/anime/9/12782.jpg
11597,https://cdn.myanimelist.net/images/anime/1044/103654.jpg
28025,https://cdn.myanimelist.net/images/anime/6/68259.jpg
24833,https://cdn.myanimelist.net/images/anime/5/75639.jpg
29893,https://cdn.myanimelist.net/images/anime/10/74338.jpg
27663,https://cdn.myanimelist.net/images/anime/9/73683.jpg
1482,https://cdn.myanimelist.net/images/anime/13/75194.jpg
3371,https://cdn.myanimelist.net/images/anime/9/28463.jpg
25313,https://cdn.myanimelist.net/images/anime/1327/110925.jpg
1430,https://cdn.myanimelist.net/images/anime/5/26182.jpg
33051,https://cdn.myanimelist.net/images/anime/6/80899.jpg
7720,https://cdn.myanimelist.net/images/anime/10/18671.jpg
1914,https://cdn.myanimelist.net/images/anime/1998/139962.jpg
20371,https://cdn.myanimelist.net/images/anime/11/65927.jpg
15039,https://cdn.myanimelist.net/images/anime/5/49993.jpg
2164,https://cdn.myanimelist.net/images/anime/5/12844.jpg
237,https://cdn.myanimelist.net/images/anime/12/34443.jpg
2449,https://cdn.myanimelist.net/images/anime/1127/141116.jpg
10643,https://cdn.myanimelist.net/images/anime/1725/110927.jpg
17739,https://cdn.myanimelist.net/images/anime/1913/146300.jpg
135,https://cdn.myanimelist.net/images/anime/12/78317.jpg
6045,https://cdn.myanimelist.net/images/anime/1502/124384.jpg
16001,https://cdn.myanimelist.net/images/anime/10/45526.jpg
6211,https://cdn.myanimelist.net/images/anime/1653/152734.jpg
232,https://cdn.myanimelist.net/images/anime/8/60781.jpg
4789,https://cdn.myanimelist.net/images/anime/1675/131993.jpg
16918,https://cdn.myanimelist.net/images/anime/6/49237.jpg
16,https://cdn.myanimelist.net/images/anime/1301/133577.jpg
1486,https://cdn.myanimelist.net/images/anime/5/7016.jpg
24997,https://cdn.myanimelist.net/images/anime/6/75700.jpg
32902,https://cdn.myanimelist.net/images/anime/4/80587.jpg
8063,https://cdn.myanimelist.net/images/anime/11/35863.jpg
25879,https://cdn.myanimelist.net/images/anime/7/73886.jpg
889,https://cdn.myanimelist.net/images/anime/1906/121592.jpg
21419,https://cdn.myanimelist.net/images/anime/11/60289.jpg
2952,https://cdn.myanimelist.net/images/anime/1065/94641.jpg
934,https://cdn.myanimelist.net/images/anime/12/19634.jpg
12189,https://cdn.myanimelist.net/images/anime/13/50521.jpg
731,https://cdn.myanimelist.net/images/anime/1618/146985.jpg
1530,https://cdn.myanimelist.net/images/anime/1362/128746.jpg
9656,https://cdn.myanimelist.net/images/anime/1311/121574.jpg
20507,https://cdn.myanimelist.net/images/anime/1886/128266.jpg
31149,https://cdn.myanimelist.net/images/anime/9/77828.jpg
4918,https://cdn.myanimelist.net/images/anime/12/25079.jpg
14075,https://cdn.myanimelist.net/images/anime/7/42453.jpg
4772,https://cdn.myanimelist.net/images/anime/11/15053.jpg
781,https://cdn.myanimelist.net/images/anime/1831/94317.jpg
1363,https://cdn.myanimelist.net/images/anime/1196/94319.jpg
223,https://cdn.myanimelist.net/images/anime/1887/92364.jpg
2004,https://cdn.myanimelist.net/images/anime/2/87319.jpg
25649,https://cdn.myanimelist.net/images/anime/2/74170.jpg
153,https://cdn.myanimelist.net/images/anime/6/50859.jpg
5029,https://cdn.myanimelist.net/images/anime/10/75221.jpg
302,https://cdn.myanimelist.net/images/anime/6/17529.jpg
8740,https://cdn.myanimelist.net/images/anime/1172/109469.jpg
5682,https://cdn.myanimelist.net/images/anime/8/22470.jpg
21647,https://cdn.myanimelist.net/images/anime/1417/91333.jpg
16049,https://cdn.myanimelist.net/images/anime/1429/152870.jpg
1065,https://cdn.myanimelist.net/images/anime/3/53087.jpg
18179,https://cdn.myanimelist.net/images/anime/5/53211.jpg
47,https://cdn.myanimelist.net/images/anime/1408/114012.jpg
4901,https://cdn.myanimelist.net/images/anime/8/75529.jpg
23199,https://cdn.myanimelist.net/images/anime/12/67743.jpg
32122,https://cdn.myanimelist.net/images/anime/1720/110926.jpg
30415,https://cdn.myanimelist.net/images/anime/8/76967.jpg
851,https://cdn.myanimelist.net/images/anime/1042/110294.jpg
10049,https://cdn.myanimelist.net/images/anime/5/77300.jpg
1943,https://cdn.myanimelist.net/images/anime/1929/93629.jpg
4053,https://cdn.myanimelist.net/images/anime/1142/133867.jpg
846,https://cdn.myanimelist.net/images/anime/5/75490.jpg
9926,https://cdn.myanimelist.net/images/anime/6/29763.jpg
31173,https://cdn.myanimelist.net/images/anime/12/77834.jpg
4059,https://cdn.myanimelist.net/images/anime/12/19620.jpg
589,https://cdn.myanimelist.net/images/anime/3/47461.jpg
15059,https://cdn.myanimelist.net/images/anime/1563/119898.jpg
7791,https://cdn.myanimelist.net/images/anime/12/76121.jpg
17265,https://cdn.myanimelist.net/images/anime/5/84004.jpg
20815,https://cdn.myanimelist.net/images/anime/5/55723.jpg
535,https://cdn.myanimelist.net/images/anime/1165/92536.jpg
2563,https://cdn.myanimelist.net/images/anime/11/77622.jpg
9963,https://cdn.myanimelist.net/images/anime/9/32035.jpg
32551,https://cdn.myanimelist.net/images/anime/4/82612.jpg
2951,https://cdn.myanimelist.net/images/anime/1897/139500.jpg
2762,https://cdn.myanimelist.net/images/anime/1526/151643.jpg
14713,https://cdn.myanimelist.net/images/anime/3/85429.jpg
14807,https://cdn.myanimelist.net/images/anime/6/56621.jpg
81,https://cdn.myanimelist.net/images/anime/9/75618.jpg
9204,https://cdn.myanimelist.net/images/anime/8/25517.jpg
31098,https://cdn.myanimelist.net/images/anime/1092/117404.jpg
1023,https://cdn.myanimelist.net/images/anime/1091/134883.jpg
33253,https://cdn.myanimelist.net/images/anime/12/81858.jpg
24921,https://cdn.myanimelist.net/images/anime/2/74665.jpg
1471,https://cdn.myanimelist.net/images/anime/1272/138953.jpg
27831,https://cdn.myanimelist.net/images/anime/8/74981.jpg
2924,https://cdn.myanimelist.net/images/anime/1246/107820.jpg
4672,https://cdn.myanimelist.net/images/anime/1797/152914.jpg
2448,https://cdn.myanimelist.net/images/anime/5/2829.jpg
3907,https://cdn.myanimelist.net/images/anime/6/30829.jpg
186,https://cdn.myanimelist.net/images/anime/8/12750.jpg
10080,https://cdn.myanimelist.net/images/anime/11/30030.jpg
30885,https://cdn.myanimelist.net/images/anime/11/77510.jpg
21469,https://cdn.myanimelist.net/images/anime/9/65571.jpg
9941,https://cdn.myanimelist.net/images/anime/13/29466.jpg
14813,https://cdn.myanimelist.net/images/anime/1786/120117.jpg
6421,https://cdn.myanimelist.net/images/anime/1493/91571.jpg
21855,https://cdn.myanimelist.net/images/anime/13/65755.jpg
11739,https://cdn.myanimelist.net/images/anime/10/42107.jpg
2159,https://cdn.myanimelist.net/images/anime/2/20751.jpg
28297,https://cdn.myanimelist.net/images/anime/13/69455.jpg
29831,https://cdn.myanimelist.net/images/anime/1697/134884.jpg
2154,https://cdn.myanimelist.net/images/anime/12/8520.jpg
6505,https://cdn.myanimelist.net/images/anime/2/29995.jpg
861,https://cdn.myanimelist.net/images/anime/5/21858.jpg
1689,https://cdn.myanimelist.net/images/anime/1410/112994.jpg
34103,https://cdn.myanimelist.net/images/anime/1295/91106.jpg
3665,https://cdn.myanimelist.net/images/anime/1682/134157.jpg
9996,https://cdn.myanimelist.net/images/anime/3/77282.jpg
7711,https://cdn.myanimelist.net/images/anime/1974/116417.jpg
77,https://cdn.myanimelist.net/images/anime/4/6767.jpg
401,https://cdn.myanimelist.net/images/anime/1971/90877.jpg
32093,https://cdn.myanimelist.net/images/anime/1189/111994.jpg
12113,https://cdn.myanimelist.net/images/anime/12/37193.jpg
7338,https://cdn.myanimelist.net/images/anime/3/17469.jpg
32613,https://cdn.myanimelist.net/images/anime/8/83284.jpg
3014,https://cdn.myanimelist.net/images/anime/3/51345.jpg
645,https://cdn.myanimelist.net/images/anime/12/78453.jpg
11135,https://cdn.myanimelist.net/images/anime/4/65605.jpg
5781,https://cdn.myanimelist.net/images/anime/2/20345.jpg
13767,https://cdn.myanimelist.net/images/anime/6/60389.jpg
5678,https://cdn.myanimelist.net/images/anime/8/79838.jpg
6774,https://cdn.myanimelist.net/images/anime/3/18386.jpg
1089,https://cdn.myanimelist.net/images/anime/1080/107017.jpg
25161,https://cdn.myanimelist.net/images/anime/3/64755.jpg
995,https://cdn.myanimelist.net/images/anime/12/10572.jpg
2752,https://cdn.myanimelist.net/images/anime/1640/133533.jpg
15,https://cdn.myanimelist.net/images/anime/1079/133529.jpg
122,https://cdn.myanimelist.net/images/anime/1900/99154.jpg
29095,https://cdn.myanimelist.net/images/anime/8/72855.jpg
1594,https://cdn.myanimelist.net/images/anime/5/86975.jpg
3092,https://cdn.myanimelist.net/images/anime/7/8811.jpg
10721,https://cdn.myanimelist.net/images/anime/5/30238.jpg
16395,https://cdn.myanimelist.net/images/anime/1703/97779.jpg
3588,https://cdn.myanimelist.net/images/anime/1071/149486.jpg
4106,https://cdn.myanimelist.net/images/anime/1930/116400.jpg
387,https://cdn.myanimelist.net/images/anime/9/13134.jpg
16916,https://cdn.myanimelist.net/images/anime/10/76803.jpg
1088,https://cdn.myanimelist.net/images/anime/1553/137717.jpg
10620,https://cdn.myanimelist.net/images/anime/13/33465.jpg
2143,https://cdn.myanimelist.net/images/anime/1890/94055.jpg
6582,https://cdn.myanimelist.net/images/anime/7/15051.jpg
2158,https://cdn.myanimelist.net/images/anime/1013/117558.jpg
22319,https://cdn.myanimelist.net/images/anime/1498/134443.jpg
11113,https://cdn.myanimelist.net/images/anime/7/30759.jpg
6586,https://cdn.myanimelist.net/images/anime/1369/154654.jpg
66,https://cdn.myanimelist.net/images/anime/1066/117358.jpg
8142,https://cdn.myanimelist.net/images/anime/1839/103426.jpg
6438,
33032,https://cdn.myanimelist.net/images/anime/1141/97770.jpg
227,https://cdn.myanimelist.net/images/anime/7/77356.jpg
73,https://cdn.myanimelist.net/images/anime/11/75261.jpg
4898,https://cdn.myanimelist.net/images/anime/1467/137783.jpg
19111,https://cdn.myanimelist.net/images/anime/10/59101.jpg
7222,https://cdn.myanimelist.net/images/anime/13/76398.jpg
22097,https://cdn.myanimelist.net/images/anime/13/60471.jpg
15689,https://cdn.myanimelist.net/images/anime/1170/121597.jpg
957,https://cdn.myanimelist.net/images/anime/1976/139963.jpg
24,https://cdn.myanimelist.net/images/anime/1465/142014.jpg
33286,https://cdn.myanimelist.net/images/anime/1600/111675.jpg
849,https://cdn.myanimelist.net/images/anime/1470/137929.jpg
2623,https://cdn.myanimelist.net/images/anime/3/75599.jpg
268,https://cdn.myanimelist.net/images/anime/3/62867.jpg
29093,https://cdn.myanimelist.net/images/anime/1278/112633.jpg
427,https://cdn.myanimelist.net/images/anime/1230/98847.jpg
4280,https://cdn.myanimelist.net/images/anime/9/21736.jpg
18429,https://cdn.myanimelist.net/images/anime/4/51663.jpg
17549,https://cdn.myanimelist.net/images/anime/2/51581.jpg
26123,https://cdn.myanimelist.net/images/anime/5/79008.jpg
28,https://cdn.myanimelist.net/images/anime/3/76432.jpg
9513,https://cdn.myanimelist.net/images/anime/3/28013.jpg
14353,https://cdn.myanimelist.net/images/anime/11/48721.jpg
8408,https://cdn.myanimelist.net/images/anime/4/28684.jpg
13331,https://cdn.myanimelist.net/images/anime/4/73278.jpg
4985,https://cdn.myanimelist.net/images/anime/1058/94433.jpg
29803,https://cdn.myanimelist.net/images/anime/1945/136600.jpg
22,https://cdn.myanimelist.net/images/anime/6/21624.jpg
2618,
793,https://cdn.myanimelist.net/images/anime/1482/107802.jpg
30279,https://cdn.myanimelist.net/images/anime/7/76667.jpg
28755,https://cdn.myanimelist.net/images/anime/4/78280.jpg
10029,https://cdn.myanimelist.net/images/anime/8/32547.jpg
2035,https://cdn.myanimelist.net/images/anime/6/80118.jpg
790,https://cdn.myanimelist.net/images/anime/1183/136187.jpg
9289,https://cdn.myanimelist.net/images/anime/1491/117229.jpg
15809,https://cdn.myanimelist.net/images/anime/3/50177.jpg
27989,https://cdn.myanimelist.net/images/anime/1517/142072.jpg
5630,https://cdn.myanimelist.net/images/anime/9/15033.jpg
2829,https://cdn.myanimelist.net/images/anime/12/26250.jpg
30831,https://cdn.myanimelist.net/images/anime/1895/142748.jpg
416,https://cdn.myanimelist.net/images/anime/1728/138709.jpg
85,https://cdn.myanimelist.net/images/anime/6/11153.jpg
30240,https://cdn.myanimelist.net/images/anime/1286/112161.jpg
1254,https://cdn.myanimelist.net/images/anime/1180/133782.jpg
2605,https://cdn.myanimelist.net/images/anime/5/6559.jpg
4163,https://cdn.myanimelist.net/images/anime/6/22426.jpg
3228,https://cdn.myanimelist.net/images/anime/13/75517.jpg
1485,https://cdn.myanimelist.net/images/anime/2/49693.jpg
6351,https://cdn.myanimelist.net/images/anime/10/19621.jpg
13119,https://cdn.myanimelist.net/images/anime/12/71796.jpg
3782,https://cdn.myanimelist.net/images/anime/3/21737.jpg
3572,https://cdn.myanimelist.net/images/anime/9/15648.jpg
8310,https://cdn.myanimelist.net/images/anime/1946/149930.jpg
114,https://cdn.myanimelist.net/images/anime/1782/130913.jpg
11813,https://cdn.myanimelist.net/images/anime/1125/102421.jpg
658,https://cdn.myanimelist.net/images/anime/11/53587.jpg
10012,https://cdn.myanimelist.net/images/anime/1018/92921.jpg
32370,https://cdn.myanimelist.net/images/anime/12/80766.jpg
22961,https://cdn.myanimelist.net/images/anime/1759/131412.jpg
22777,https://cdn.myanimelist.net/images/anime/1333/149169.jpg
29787,https://cdn.myanimelist.net/images/anime/8/76702.jpg
7062,https://cdn.myanimelist.net/images/anime/9/22349.jpg
11887,https://cdn.myanimelist.net/images/anime/2/39665.jpg
9088,https://cdn.myanimelist.net/images/anime/5/75818.jpg
12815,https://cdn.myanimelist.net/images/anime/6/75649.jpg
12017,https://cdn.myanimelist.net/images/anime/9/56915.jpg
6377,
1470,https://cdn.myanimelist.net/images/anime/8/20587.jpg
780,https://cdn.myanimelist.net/images/anime/1900/94316.jpg
27633,https://cdn.myanimelist.net/images/anime/9/66871.jpg
2321,https://cdn.myanimelist.net/images/anime/1784/95157.jpg
17273,https://cdn.myanimelist.net/images/anime/1280/97332.jpg
429,https://cdn.myanimelist.net/images/anime/7/28863.jpg
18661,https://cdn.myanimelist.net/images/anime/6/56425.jpg
14349,https://cdn.myanimelist.net/images/anime/1890/147903.jpg
1729,https://cdn.myanimelist.net/images/anime/6/75209.jpg
31973,https://cdn.myanimelist.net/images/anime/3/77176.jpg
17949,https://cdn.myanimelist.net/images/anime/12/47807.jpg
996,https://cdn.myanimelist.net/images/anime/1645/105992.jpg
9465,https://cdn.myanimelist.net/images/anime/11/68085.jpg
14175,
11239,https://cdn.myanimelist.net/images/anime/2/50501.jpg
967,https://cdn.myanimelist.net/images/anime/8/18502.jpg
1695,https://cdn.myanimelist.net/images/anime/1479/154965.jpg
339,https://cdn.myanimelist.net/images/anime/1718/91550.jpg
7724,https://cdn.myanimelist.net/images/anime/1531/119165.jpg
2753,https://cdn.myanimelist.net/images/anime/1693/133896.jpg
8516,https://cdn.myanimelist.net/images/anime/1415/145672.jpg
779,https://cdn.myanimelist.net/images/anime/3/77131.jpg
1366,https://cdn.myanimelist.net/images/anime/10/20984.jpg
19319,https://cdn.myanimelist.net/images/anime/7/51815.jpg
15195,https://cdn.myanimelist.net/images/anime/12/46073.jpg
187,https://cdn.myanimelist.net/images/anime/13/40397.jpg
30311,https://cdn.myanimelist.net/images/anime/1009/145188.jpg
597,https://cdn.myanimelist.net/images/anime/1109/138719.jpg
400,https://cdn.myanimelist.net/images/anime/1868/145122.jpg
18245,https://cdn.myanimelist.net/images/anime/1674/142746.jpg
10521,https://cdn.myanimelist.net/images/anime/3/75263.jpg
28907,https://cdn.myanimelist.net/images/anime/8/76222.jpg
31637,https://cdn.myanimelist.net/images/anime/8/77382.jpg
1571,https://cdn.myanimelist.net/images/anime/11/73908.jpg
267,https://cdn.myanimelist.net/images/anime/11/75724.jpg
253,https://cdn.myanimelist.net/images/anime/10/24555.jpg
22673,https://cdn.myanimelist.net/images/anime/13/59027.jpg
4080,https://cdn.myanimelist.net/images/anime/7/22639.jpg
27947,https://cdn.myanimelist.net/images/anime/9/75949.jpg
12917,https://cdn.myanimelist.net/images/anime/1640/90459.jpg
3750,https://cdn.myanimelist.net/images/anime/4/75206.jpg
569,https://cdn.myanimelist.net/images/anime/4/14898.jpg
6007,https://cdn.myanimelist.net/images/anime/12/13070.jpg
1253,https://cdn.myanimelist.net/images/anime/12/75732.jpg
15771,https://cdn.myanimelist.net/images/anime/7/48723.jpg
397,https://cdn.myanimelist.net/images/anime/12/61109.jpg
949,https://cdn.myanimelist.net/images/anime/1303/92309.jpg
11001,https://cdn.myanimelist.net/images/anime/9/39273.jpg
17909,https://cdn.myanimelist.net/images/anime/3/85433.jpg
21185,https://cdn.myanimelist.net/images/anime/5/63361.jpg
9724,https://cdn.myanimelist.net/images/anime/9/68087.jpg
6768,https://cdn.myanimelist.net/images/anime/7/15968.jpg
4872,https://cdn.myanimelist.net/images/anime/10/14336.jpg
12413,https://cdn.myanimelist.net/images/anime/11/73280.jpg
2076,https://cdn.myanimelist.net/images/anime/1702/120440.jpg
31251,https://cdn.myanimelist.net/images/anime/6/75879.jpg
5485,https://cdn.myanimelist.net/images/anime/1022/92865.jpg
5005,https://cdn.myanimelist.net/images/anime/11/11740.jpg
890,https://cdn.myanimelist.net/images/anime/12/21183.jpg
269,https://cdn.myanimelist.net/images/anime/1541/147774.jpg
14741,https://cdn.myanimelist.net/images/anime/1905/142840.jpg
1472,https://cdn.myanimelist.net/images/anime/1147/94393.jpg
33028,https://cdn.myanimelist.net/images/anime/4/80932.jpg
7304,https://cdn.myanimelist.net/images/anime/2/17583.jpg
8609,https://cdn.myanimelist.net/images/anime/7/23698.jpg
6033,https://cdn.myanimelist.net/images/anime/1102/133990.jpg
8479,https://cdn.myanimelist.net/images/anime/9/75792.jpg
254,https://cdn.myanimelist.net/images/anime/3/10306.jpg
8525,https://cdn.myanimelist.net/images/anime/2/43361.jpg
19703,https://cdn.myanimelist.net/images/anime/5/85431.jpg
25517,https://cdn.myanimelist.net/images/anime/3/67807.jpg
31764,https://cdn.myanimelist.net/images/anime/11/79531.jpg
27775,https://cdn.myanimelist.net/images/anime/4/72750.jpg
21339,https://cdn.myanimelist.net/images/anime/8/71793.jpg
2104,https://cdn.myanimelist.net/images/anime/1573/146854.jpg
24893,https://cdn.myanimelist.net/images/anime/11/72712.jpg
2150,https://cdn.myanimelist.net/images/anime/13/26765.jpg
12445,https://cdn.myanimelist.net/images/anime/12/64435.jpg
543,https://cdn.myanimelist.net/images/anime/1571/135153.jpg
23225,https://cdn.myanimelist.net/images/anime/2/73281.jpg
9252,https://cdn.myanimelist.net/images/anime/8/68083.jpg
12893,https://cdn.myanimelist.net/images/anime/8/38527.jpg
1505,https://cdn.myanimelist.net/images/anime/8/20983.jpg
4447,https://cdn.myanimelist.net/images/anime/6/22766.jpg
317,https://cdn.myanimelist.net/images/anime/1/317.jpg
22265,https://cdn.myanimelist.net/images/anime/1719/108886.jpg
13117,https://cdn.myanimelist.net/images/anime/9/49399.jpg
9563,https://cdn.myanimelist.net/images/anime/3/26476.jpg
16904,https://cdn.myanimelist.net/images/anime/5/71795.jpg
97,https://cdn.myanimelist.net/images/anime/7/10888.jpg
20517,https://cdn.myanimelist.net/images/anime/3/59031.jpg
2273,https://cdn.myanimelist.net/images/anime/1907/139447.jpg
1735,https://cdn.myanimelist.net/images/anime/1565/111305.jpg
20159,https://cdn.myanimelist.net/images/anime/7/53701.jpg
12403,https://cdn.myanimelist.net/images/anime/8/75174.jpg
7044,https://cdn.myanimelist.net/images/anime/9/17699.jpg
31646,https://cdn.myanimelist.net/images/anime/3/82899.jpg
32998,https://cdn.myanimelist.net/images/anime/13/80515.jpg
30123,
31339,https://cdn.myanimelist.net/images/anime/10/80271.jpg
2890,https://cdn.myanimelist.net/images/anime/1331/138727.jpg
468,https://cdn.myanimelist.net/images/anime/10/75628.jpg
29755,https://cdn.myanimelist.net/images/anime/8/76011.jpg
25303,https://cdn.myanimelist.net/images/anime/1498/96643.jpg
24471,https://cdn.myanimelist.net/images/anime/1531/138993.jpg
516,https://cdn.myanimelist.net/images/anime/1121/117792.jpg
1425,https://cdn.myanimelist.net/images/anime/7/34035.jpg
5310,https://cdn.myanimelist.net/images/anime/2/76397.jpg
93,https://cdn.myanimelist.net/images/anime/1792/91081.jpg
8038,https://cdn.myanimelist.net/images/anime/8/19590.jpg
322,https://cdn.myanimelist.net/images/anime/7/80636.jpg
6154,https://cdn.myanimelist.net/images/anime/7/13518.jpg
7588,https://cdn.myanimelist.net/images/anime/4/75203.jpg
10083,https://cdn.myanimelist.net/images/anime/1041/133313.jpg
1172,https://cdn.myanimelist.net/images/anime/1262/139054.jpg
31711,https://cdn.myanimelist.net/images/anime/9/79330.jpg
2265,
23249,https://cdn.myanimelist.net/images/anime/2/67623.jpg
202,https://cdn.myanimelist.net/images/anime/5/59403.jpg
30370,https://cdn.myanimelist.net/images/anime/8/75974.jpg
9919,https://cdn.myanimelist.net/images/anime/10/75195.jpg
1818,https://cdn.myanimelist.net/images/anime/3/21834.jpg
34036,https://cdn.myanimelist.net/images/anime/5/81968.jpg
10090,https://cdn.myanimelist.net/images/anime/1621/149612.jpg
17895,https://cdn.myanimelist.net/images/anime/12/52091.jpg
1824,https://cdn.myanimelist.net/images/anime/1873/98756.jpg
4192,https://cdn.myanimelist.net/images/anime/1015/142749.jpg
10357,https://cdn.myanimelist.net/images/anime/12/50345.jpg
30745,
19489,https://cdn.myanimelist.net/images/anime/12/75752.jpg
4472,https://cdn.myanimelist.net/images/anime/1475/99189.jpg
19613,
5530,https://cdn.myanimelist.net/images/anime/4/75535.jpg
6591,https://cdn.myanimelist.net/images/anime/4/25808.jpg
10218,https://cdn.myanimelist.net/images/anime/12/62179.jpg
388,https://cdn.myanimelist.net/images/anime/1467/148890.jpg
28999,https://cdn.myanimelist.net/images/anime/1826/147276.jpg
1473,https://cdn.myanimelist.net/images/anime/7/50531.jpg
1379,https://cdn.myanimelist.net/images/anime/5/73888.jpg
23293,https://cdn.myanimelist.net/images/anime/12/69457.jpg
1910,https://cdn.myanimelist.net/images/anime/9/14522.jpg
33221,https://cdn.myanimelist.net/images/anime/2/79823.jpg
18897,https://cdn.myanimelist.net/images/anime/13/75587.jpg
31592,https://cdn.myanimelist.net/images/anime/1627/140267.jpg
31380,https://cdn.myanimelist.net/images/anime/13/76320.jpg
28677,https://cdn.myanimelist.net/images/anime/2/73700.jpg
7193,https://cdn.myanimelist.net/images/anime/10/17471.jpg
1961,https://cdn.myanimelist.net/images/anime/9/5064.jpg
21405,https://cdn.myanimelist.net/images/anime/1257/145479.jpg
6024,https://cdn.myanimelist.net/images/anime/9/14095.jpg
2761,https://cdn.myanimelist.net/images/anime/1146/91266.jpg
1491,https://cdn.myanimelist.net/images/anime/1685/104554.jpg
106,https://cdn.myanimelist.net/images/anime/1420/105742.jpg
5835,https://cdn.myanimelist.net/images/anime/1094/116584.jpg
3604,https://cdn.myanimelist.net/images/anime/1571/134092.jpg
11237,https://cdn.myanimelist.net/images/anime/9/34085.jpg
2828,https://cdn.myanimelist.net/images/anime/9/76757.jpg
4087,https://cdn.myanimelist.net/images/anime/10/59535.jpg
28881,https://cdn.myanimelist.net/images/anime/6/72246.jpg
21473,https://cdn.myanimelist.net/images/anime/11/61681.jpg
582,https://cdn.myanimelist.net/images/anime/13/39595.jpg
8311,https://cdn.myanimelist.net/images/anime/4/26472.jpg
21995,https://cdn.myanimelist.net/images/anime/8/64813.jpg
532,https://cdn.myanimelist.net/images/anime/1077/92346.jpg
552,https://cdn.myanimelist.net/images/anime/1471/99249.jpg
13629,https://cdn.myanimelist.net/images/anime/2/68985.jpg
7645,https://cdn.myanimelist.net/images/anime/2/25915.jpg
249,https://cdn.myanimelist.net/images/anime/1589/95329.jpg
4886,https://cdn.myanimelist.net/images/anime/8/60877.jpg
451,https://cdn.myanimelist.net/images/anime/1658/95332.jpg
9734,https://cdn.myanimelist.net/images/anime/7/26965.jpg
433,https://cdn.myanimelist.net/images/anime/1725/133738.jpg
6115,https://cdn.myanimelist.net/images/anime/1849/134190.jpg
80,https://cdn.myanimelist.net/images/anime/5/88524.jpg
1092,https://cdn.myanimelist.net/images/anime/1318/128901.jpg
20767,https://cdn.myanimelist.net/images/anime/7/77177.jpg
10119,https://cdn.myanimelist.net/images/anime/1631/111781.jpg
1921,https://cdn.myanimelist.net/images/anime/1999/98665.jpg
1562,https://cdn.myanimelist.net/images/anime/11/7701.jpg
11111,https://cdn.myanimelist.net/images/anime/4/75509.jpg
32863,https://cdn.myanimelist.net/images/anime/1807/96939.jpg
11737,https://cdn.myanimelist.net/images/anime/7/42005.jpg
28249,https://cdn.myanimelist.net/images/anime/1168/148973.jpg
13535,https://cdn.myanimelist.net/images/anime/8/39333.jpg
1520,https://cdn.myanimelist.net/images/anime/5/12978.jpg
28121,https://cdn.myanimelist.net/images/anime/1172/148981.jpg
30191,https://cdn.myanimelist.net/images/anime/9/72248.jpg
10497,https://cdn.myanimelist.net/images/anime/13/28864.jpg
6862,https://cdn.myanimelist.net/images/anime/9/15892.jpg
251,https://cdn.myanimelist.net/images/anime/11/75544.jpg
18153,https://cdn.myanimelist.net/images/anime/3/85468.jpg
875,https://cdn.myanimelist.net/images/anime/1861/112656.jpg
795,https://cdn.myanimelist.net/images/anime/12/18531.jpg
33994,https://cdn.myanimelist.net/images/anime/9/83960.jpg
18397,https://cdn.myanimelist.net/images/anime/9/59221.jpg
29830,https://cdn.myanimelist.net/images/anime/10/76022.jpg
16870,https://cdn.myanimelist.net/images/anime/1491/134498.jpg
479,https://cdn.myanimelist.net/images/anime/8/20596.jpg
15197,https://cdn.myanimelist.net/images/anime/9/56243.jpg
32189,https://cdn.myanimelist.net/images/anime/10/80931.jpg
31859,
15451,https://cdn.myanimelist.net/images/anime/12/47729.jpg
33446,https://cdn.myanimelist.net/images/anime/1404/153689.jpg
570,https://cdn.myanimelist.net/images/anime/1323/103343.jpg
5680,https://cdn.myanimelist.net/images/anime/10/76120.jpg
2175,https://cdn.myanimelist.net/images/anime/8/73906.jpg
1887,https://cdn.myanimelist.net/images/anime/1561/115660.jpg
90,https://cdn.myanimelist.net/images/anime/1732/154282.jpg
91,https://cdn.myanimelist.net/images/anime/1724/149786.jpg
2594,https://cdn.myanimelist.net/images/anime/9/45012.jpg
210,https://cdn.myanimelist.net/images/anime/13/6441.jpg
1007,https://cdn.myanimelist.net/images/anime/12/63459.jpg
19775,https://cdn.myanimelist.net/images/anime/12/53257.jpg
534,https://cdn.myanimelist.net/images/anime/6/19870.jpg
9790,https://cdn.myanimelist.net/images/anime/1551/112732.jpg
2582,https://cdn.myanimelist.net/images/anime/1295/91064.jpg
407,https://cdn.myanimelist.net/images/anime/1/407.jpg
6213,https://cdn.myanimelist.net/images/anime/1099/106939.jpg
1000,https://cdn.myanimelist.net/images/anime/1362/90305.jpg
1375,https://cdn.myanimelist.net/images/anime/1969/98819.jpg
8514,https://cdn.myanimelist.net/images/anime/2/68081.jpg
951,https://cdn.myanimelist.net/images/anime/1760/145402.jpg
12117,https://cdn.myanimelist.net/images/anime/8/37511.jpg
2508,https://cdn.myanimelist.net/images/anime/1958/94708.jpg
19115,https://cdn.myanimelist.net/images/anime/5/56297.jpg
6904,https://cdn.myanimelist.net/images/anime/7/26935.jpg
22125,https://cdn.myanimelist.net/images/anime/12/68055.jpg
4454,https://cdn.myanimelist.net/images/anime/4/8507.jpg
32547,https://cdn.myanimelist.net/images/anime/13/78136.jpg
15959,https://cdn.myanimelist.net/images/anime/2/44574.jpg
16239,https://cdn.myanimelist.net/images/anime/8/52463.jpg
31772,https://cdn.myanimelist.net/images/anime/1452/97840.jpg
396,https://cdn.myanimelist.net/images/anime/11/61111.jpg
8407,https://cdn.myanimelist.net/images/anime/11/50309.jpg
20057,https://cdn.myanimelist.net/images/anime/4/56611.jpg
9074,https://cdn.myanimelist.net/images/anime/1851/98621.jpg
7305,
226,https://cdn.myanimelist.net/images/anime/1780/121555.jpg
644,https://cdn.myanimelist.net/images/anime/1657/106011.jpg
2405,https://cdn.myanimelist.net/images/anime/4/16819.jpg
15117,https://cdn.myanimelist.net/images/anime/11/43359.jpg
10460,https://cdn.myanimelist.net/images/anime/4/34949.jpg
6050,https://cdn.myanimelist.net/images/anime/1434/98809.jpg
444,https://cdn.myanimelist.net/images/anime/9/75208.jpg
82,https://cdn.myanimelist.net/images/anime/1839/92857.jpg
15315,https://cdn.myanimelist.net/images/anime/12/43369.jpg
30347,https://cdn.myanimelist.net/images/anime/1973/97505.jpg
31704,https://cdn.myanimelist.net/images/anime/1802/124744.jpg
1699,https://cdn.myanimelist.net/images/anime/12/75159.jpg
517,https://cdn.myanimelist.net/images/anime/5/75489.jpg
29829,https://cdn.myanimelist.net/images/anime/12/76028.jpg
30868,https://cdn.myanimelist.net/images/anime/1038/112814.jpg
22199,https://cdn.myanimelist.net/images/anime/1429/95946.jpg
14941,https://cdn.myanimelist.net/images/anime/11/44450.jpg
978,https://cdn.myanimelist.net/images/anime/4/23767.jpg
2994,https://cdn.myanimelist.net/images/anime/13/8518.jpg
14735,https://cdn.myanimelist.net/images/anime/4/47419.jpg
10350,https://cdn.myanimelist.net/images/anime/6/71799.jpg
20431,https://cdn.myanimelist.net/images/anime/7/87177.jpg
15487,https://cdn.myanimelist.net/images/anime/12/42751.jpg
1462,https://cdn.myanimelist.net/images/anime/9/74781.jpg
13667,https://cdn.myanimelist.net/images/anime/1620/94336.jpg
28927,https://cdn.myanimelist.net/images/anime/9/76632.jpg
398,https://cdn.myanimelist.net/images/anime/11/2755.jpg
20847,https://cdn.myanimelist.net/images/anime/9/56941.jpg
2451,https://cdn.myanimelist.net/images/anime/7/41437.jpg
8937,https://cdn.myanimelist.net/images/anime/9/75612.jpg
12883,https://cdn.myanimelist.net/images/anime/4/69909.jpg
30413,https://cdn.myanimelist.net/images/anime/10/74402.jpg
30902,https://cdn.myanimelist.net/images/anime/1278/149931.jpg
6347,https://cdn.myanimelist.net/images/anime/3/50389.jpg
3841,https://cdn.myanimelist.net/images/anime/6/7632.jpg
8086,https://cdn.myanimelist.net/images/anime/8/73651.jpg
9982,https://cdn.myanimelist.net/images/anime/10/65661.jpg
1888,https://cdn.myanimelist.net/images/anime/4/4325.jpg
33082,https://cdn.myanimelist.net/images/anime/12/79392.jpg
1096,https://cdn.myanimelist.net/images/anime/6/74764.jpg
14407,https://cdn.myanimelist.net/images/anime/6/55287.jpg
1719,https://cdn.myanimelist.net/images/anime/1/1719.jpg
290,https://cdn.myanimelist.net/images/anime/1585/99289.jpg
154,https://cdn.myanimelist.net/images/anime/1722/99235.jpg
11757,https://cdn.myanimelist.net/images/anime/11/39717.jpg
5074,https://cdn.myanimelist.net/images/anime/10/53907.jpg
31733,https://cdn.myanimelist.net/images/anime/3/78859.jpg
1690,https://cdn.myanimelist.net/images/anime/1690/97048.jpg
4177,https://cdn.myanimelist.net/images/anime/1987/155177.jpg
10092,https://cdn.myanimelist.net/images/anime/4/68089.jpg
9785,https://cdn.myanimelist.net/images/anime/1864/138513.jpg
985,https://cdn.myanimelist.net/images/anime/7/10207.jpg
18055,https://cdn.myanimelist.net/images/anime/10/50885.jpg
6984,https://cdn.myanimelist.net/images/anime/13/17727.jpg
27991,https://cdn.myanimelist.net/images/anime/6/76198.jpg
21659,https://cdn.myanimelist.net/images/anime/1964/122317.jpg
3545,https://cdn.myanimelist.net/images/anime/5/21196.jpg
474,https://cdn.myanimelist.net/images/anime/12/75807.jpg
1211,https://cdn.myanimelist.net/images/anime/1487/133799.jpg
9510,https://cdn.myanimelist.net/images/anime/11/71554.jpg
5751,https://cdn.myanimelist.net/images/anime/1907/133535.jpg
3515,https://cdn.myanimelist.net/images/anime/9/55659.jpg
13663,https://cdn.myanimelist.net/images/anime/8/42217.jpg
13851,https://cdn.myanimelist.net/images/anime/9/41251.jpg
6956,https://cdn.myanimelist.net/images/anime/10/75262.jpg
9441,https://cdn.myanimelist.net/images/anime/2/27794.jpg
233,https://cdn.myanimelist.net/images/anime/3/21166.jpg
2397,https://cdn.myanimelist.net/images/anime/1414/143226.jpg
345,https://cdn.myanimelist.net/images/anime/5/80117.jpg
71,https://cdn.myanimelist.net/images/anime/2/75259.jpg
10793,https://cdn.myanimelist.net/images/anime/1566/133912.jpg
9760,https://cdn.myanimelist.net/images/anime/1000/133740.jpg
160,https://cdn.myanimelist.net/images/anime/1094/109008.jpg
3713,https://cdn.myanimelist.net/images/anime/11/86976.jpg
2593,https://cdn.myanimelist.net/images/anime/12/21741.jpg
2454,https://cdn.myanimelist.net/images/anime/1142/106021.jpg
32380,https://cdn.myanimelist.net/images/anime/1649/98516.jpg
33263,https://cdn.myanimelist.net/images/anime/12/81588.jpg
13203,https://cdn.myanimelist.net/images/anime/1482/133813.jpg
2963,https://cdn.myanimelist.net/images/anime/2/75279.jpg
87,https://cdn.myanimelist.net/images/anime/1523/92371.jpg
20,https://cdn.myanimelist.net/images/anime/1141/142503.jpg
31953,https://cdn.myanimelist.net/images/anime/9/80417.jpg
28069,https://cdn.myanimelist.net/images/anime/6/74156.jpg
1002,https://cdn.myanimelist.net/images/anime/7/50475.jpg
9471,https://cdn.myanimelist.net/images/anime/3/67303.jpg
150,https://cdn.myanimelist.net/images/anime/10/10183.jpg
60,https://cdn.myanimelist.net/images/anime/13/14141.jpg
19671,https://cdn.myanimelist.net/images/anime/3/55083.jpg
120,https://cdn.myanimelist.net/images/anime/4/75204.jpg
74,https://cdn.myanimelist.net/images/anime/4/18118.jpg
30364,https://cdn.myanimelist.net/images/anime/2/74813.jpg
8426,https://cdn.myanimelist.net/images/anime/13/53945.jpg
33209,
2547,https://cdn.myanimelist.net/images/anime/1102/147304.jpg
22101,https://cdn.myanimelist.net/images/anime/4/59259.jpg
182,https://cdn.myanimelist.net/images/anime/5/30689.jpg
21867,https://cdn.myanimelist.net/images/anime/1533/133822.jpg
28979,https://cdn.myanimelist.net/images/anime/5/69847.jpg
16011,https://cdn.myanimelist.net/images/anime/13/75094.jpg
22819,
9062,https://cdn.myanimelist.net/images/anime/4/25073.jpg
477,https://cdn.myanimelist.net/images/anime/2/77620.jpg
6772,https://cdn.myanimelist.net/images/anime/10/68079.jpg
2450,https://cdn.myanimelist.net/images/anime/1824/94859.jpg
5177,https://cdn.myanimelist.net/images/anime/1722/111810.jpg
2229,https://cdn.myanimelist.net/images/anime/1963/108416.jpg
6927,https://cdn.myanimelist.net/images/anime/11/17608.jpg
4811,https://cdn.myanimelist.net/images/anime/12/14251.jpg
13403,https://cdn.myanimelist.net/images/anime/10/41927.jpg
228,https://cdn.myanimelist.net/images/anime/4/86907.jpg
30952,https://cdn.myanimelist.net/images/anime/9/76759.jpg
24135,https://cdn.myanimelist.net/images/anime/6/64519.jpg
8795,https://cdn.myanimelist.net/images/anime/1296/142674.jpg
12021,https://cdn.myanimelist.net/images/anime/11/35455.jpg
17249,https://cdn.myanimelist.net/images/anime/8/73957.jpg
1011,https://cdn.myanimelist.net/images/anime/1071/94957.jpg
18119,https://cdn.myanimelist.net/images/anime/13/51579.jpg
2787,https://cdn.myanimelist.net/images/anime/1827/134365.jpg
6046,https://cdn.myanimelist.net/images/anime/7/16680.jpg
9000,https://cdn.myanimelist.net/images/anime/3/36903.jpg
10717,https://cdn.myanimelist.net/images/anime/10/35131.jpg
31580,https://cdn.myanimelist.net/images/anime/13/77968.jpg
31483,https://cdn.myanimelist.net/images/anime/10/77943.jpg
531,https://cdn.myanimelist.net/images/anime/12/18897.jpg
4596,https://cdn.myanimelist.net/images/anime/6/23532.jpg
1015,https://cdn.myanimelist.net/images/anime/3/23458.jpg
4725,https://cdn.myanimelist.net/images/anime/9/83975.jpg
6637,https://cdn.myanimelist.net/images/anime/5/26126.jpg
255,https://cdn.myanimelist.net/images/anime/6/14520.jpg
10790,https://cdn.myanimelist.net/images/anime/4/37451.jpg
23385,https://cdn.myanimelist.net/images/anime/2/63205.jpg
1418,https://cdn.myanimelist.net/images/anime/5/27778.jpg
14511,https://cdn.myanimelist.net/images/anime/7/53133.jpg
10389,https://cdn.myanimelist.net/images/anime/1149/107242.jpg
7592,https://cdn.myanimelist.net/images/anime/9/75631.jpg
31289,https://cdn.myanimelist.net/images/anime/1373/106587.jpg
32729,https://cdn.myanimelist.net/images/anime/1415/102477.jpg
2112,https://cdn.myanimelist.net/images/anime/3/89534.jpg
208,https://cdn.myanimelist.net/images/anime/1824/98849.jpg
30296,https://cdn.myanimelist.net/images/anime/9/76493.jpg
1008,https://cdn.myanimelist.net/images/anime/11/63453.jpg
65,https://cdn.myanimelist.net/images/anime/4/10242.jpg
2499,https://cdn.myanimelist.net/images/anime/1931/94408.jpg
3470,https://cdn.myanimelist.net/images/anime/8/77363.jpg
540,https://cdn.myanimelist.net/images/anime/1/2437.jpg
26,https://cdn.myanimelist.net/images/anime/1027/131977.jpg
1293,https://cdn.myanimelist.net/images/anime/9/17573.jpg
856,https://cdn.myanimelist.net/images/anime/1119/118609.jpg
9201,https://cdn.myanimelist.net/images/anime/8/74158.jpg
2214,https://cdn.myanimelist.net/images/anime/1300/133792.jpg
32108,https://cdn.myanimelist.net/images/anime/2/77425.jpg
123,https://cdn.myanimelist.net/images/anime/1281/101838.jpg
488,https://cdn.myanimelist.net/images/anime/10/11042.jpg
3603,https://cdn.myanimelist.net/images/anime/5/50055.jpg
32268,https://cdn.myanimelist.net/images/anime/2/77744.jpg
7270,https://cdn.myanimelist.net/images/anime/11/17217.jpg
1376,https://cdn.myanimelist.net/images/anime/1986/99238.jpg
464,https://cdn.myanimelist.net/images/anime/1328/147315.jpg
9745,https://cdn.myanimelist.net/images/anime/13/50871.jpg
21843,https://cdn.myanimelist.net/images/anime/2/67513.jpg
539,https://cdn.myanimelist.net/images/anime/1224/95301.jpg
14227,https://cdn.myanimelist.net/images/anime/4/39779.jpg
11319,https://cdn.myanimelist.net/images/anime/2/75559.jpg
24151,https://cdn.myanimelist.net/images/anime/9/69517.jpg
997,https://cdn.myanimelist.net/images/anime/1601/98566.jpg
24913,https://cdn.myanimelist.net/images/anime/12/71613.jpg
31478,https://cdn.myanimelist.net/images/anime/3/79409.jpg
28479,https://cdn.myanimelist.net/images/anime/5/73618.jpg
2471,https://cdn.myanimelist.net/images/anime/3/3953.jpg
240,https://cdn.myanimelist.net/images/anime/1890/94707.jpg
1301,https://cdn.myanimelist.net/images/anime/3/50505.jpg
18619,https://cdn.myanimelist.net/images/anime/1959/92804.jpg
9065,https://cdn.myanimelist.net/images/anime/12/71797.jpg
5060,https://cdn.myanimelist.net/images/anime/5/75791.jpg
3731,https://cdn.myanimelist.net/images/anime/10/19933.jpg
1412,https://cdn.myanimelist.net/images/anime/10/15625.jpg
20785,https://cdn.myanimelist.net/images/anime/11/61039.jpg
2985,https://cdn.myanimelist.net/images/anime/12/20930.jpg
1483,https://cdn.myanimelist.net/images/anime/7/73931.jpg
10161,https://cdn.myanimelist.net/images/anime/1474/90768.jpg
462,https://cdn.myanimelist.net/images/anime/1100/116767.jpg
5507,https://cdn.myanimelist.net/images/anime/6/53901.jpg
6444,https://cdn.myanimelist.net/images/anime/9/71808.jpg
10715,https://cdn.myanimelist.net/images/anime/1014/94473.jpg
95,https://cdn.myanimelist.net/images/anime/4/78330.jpg
8247,https://cdn.myanimelist.net/images/anime/1554/134492.jpg
20031,https://cdn.myanimelist.net/images/anime/1662/112108.jpg
7471,https://cdn.myanimelist.net/images/anime/1356/150509.jpg
986,https://cdn.myanimelist.net/images/anime/1978/138488.jpg
28669,https://cdn.myanimelist.net/images/anime/10/88625.jpg
2026,https://cdn.myanimelist.net/images/anime/7/73932.jpg
450,https://cdn.myanimelist.net/images/anime/1162/92219.jpg
32491,https://cdn.myanimelist.net/images/anime/9/79716.jpg
6624,https://cdn.myanimelist.net/images/anime/11/15175.jpg
3466,https://cdn.myanimelist.net/images/anime/11/62873.jpg
15439,https://cdn.myanimelist.net/images/anime/7/43465.jpg
19669,https://cdn.myanimelist.net/images/anime/1148/96321.jpg
25015,https://cdn.myanimelist.net/images/anime/6/73298.jpg
331,https://cdn.myanimelist.net/images/anime/2/75814.jpg
33338,https://cdn.myanimelist.net/images/anime/1673/120160.jpg
23777,https://cdn.myanimelist.net/images/anime/2/72510.jpg
10278,https://cdn.myanimelist.net/images/anime/1682/142758.jpg
2557,https://cdn.myanimelist.net/images/anime/2/17856.jpg
1830,https://cdn.myanimelist.net/images/anime/1319/99303.jpg
24405,https://cdn.myanimelist.net/images/anime/1783/106843.jpg
4416,https://cdn.myanimelist.net/images/anime/2/50385.jpg
740,https://cdn.myanimelist.net/images/anime/1/740.jpg
2213,https://cdn.myanimelist.net/images/anime/1588/133791.jpg
371,https://cdn.myanimelist.net/images/anime/1733/90336.jpg
7303,https://cdn.myanimelist.net/images/anime/1309/121762.jpg
430,https://cdn.myanimelist.net/images/anime/1707/94039.jpg
1813,https://cdn.myanimelist.net/images/anime/2/21672.jpg
16528,https://cdn.myanimelist.net/images/anime/6/46549.jpg
9288,https://cdn.myanimelist.net/images/anime/5/25737.jpg
6372,https://cdn.myanimelist.net/images/anime/12/19101.jpg
17,https://cdn.myanimelist.net/images/anime/12/49655.jpg
3931,https://cdn.myanimelist.net/images/anime/3/13167.jpg
24439,https://cdn.myanimelist.net/images/anime/1449/142053.jpg
23441,https://cdn.myanimelist.net/images/anime/2/72350.jpg
1915,https://cdn.myanimelist.net/images/anime/3/14190.jpg
323,https://cdn.myanimelist.net/images/anime/7/10240.jpg
2313,
584,https://cdn.myanimelist.net/images/anime/1087/152978.jpg
24543,https://cdn.myanimelist.net/images/anime/8/72443.jpg
6634,https://cdn.myanimelist.net/images/anime/6/80999.jpg
355,https://cdn.myanimelist.net/images/anime/8/21197.jpg
30549,https://cdn.myanimelist.net/images/anime/7/76538.jpg
1279,https://cdn.myanimelist.net/images/anime/1936/134369.jpg
10033,https://cdn.myanimelist.net/images/anime/1757/100671.jpg
11531,https://cdn.myanimelist.net/images/anime/1167/155057.jpg
966,https://cdn.myanimelist.net/images/anime/10/59897.jpg
25341,https://cdn.myanimelist.net/images/anime/5/71263.jpg
10534,https://cdn.myanimelist.net/images/anime/7/72436.jpg
32979,https://cdn.myanimelist.net/images/anime/4/82292.jpg
132,https://cdn.myanimelist.net/images/anime/1056/109721.jpg
14467,https://cdn.myanimelist.net/images/anime/3/47607.jpg
8532,https://cdn.myanimelist.net/images/anime/7/27088.jpg
1606,https://cdn.myanimelist.net/images/anime/7/75191.jpg
9136,https://cdn.myanimelist.net/images/anime/7/26664.jpg
2227,https://cdn.myanimelist.net/images/anime/13/16818.jpg
7627,https://cdn.myanimelist.net/images/anime/12/53947.jpg
32485,https://cdn.myanimelist.net/images/anime/1216/122467.jpg
6773,https://cdn.myanimelist.net/images/anime/9/32539.jpg
1650,https://cdn.myanimelist.net/images/anime/12/16154.jpg
2558,https://cdn.myanimelist.net/images/anime/1860/149202.jpg
1840,https://cdn.myanimelist.net/images/anime/2/22740.jpg
33513,https://cdn.myanimelist.net/images/anime/4/84834.jpg
2724,https://cdn.myanimelist.net/images/anime/12/3673.jpg
905,https://cdn.myanimelist.net/images/anime/1015/93675.jpg
32915,https://cdn.myanimelist.net/images/anime/2/78979.jpg
1395,https://cdn.myanimelist.net/images/anime/6/29342.jpg
5231,https://cdn.myanimelist.net/images/anime/1854/94704.jpg
5204,https://cdn.myanimelist.net/images/anime/2/21739.jpg
12487,https://cdn.myanimelist.net/images/anime/6/38227.jpg
324,https://cdn.myanimelist.net/images/anime/1739/144310.jpg
709,https://cdn.myanimelist.net/images/anime/3/46859.jpg
21755,https://cdn.myanimelist.net/images/anime/12/65403.jpg
32668,https://cdn.myanimelist.net/images/anime/5/78406.jpg
1034,https://cdn.myanimelist.net/images/anime/1811/112663.jpg
33157,https://cdn.myanimelist.net/images/anime/1511/111995.jpg
23701,https://cdn.myanimelist.net/images/anime/2/77024.jpg
10716,https://cdn.myanimelist.net/images/anime/3/34343.jpg
1924,https://cdn.myanimelist.net/images/anime/1776/113284.jpg
33350,https://cdn.myanimelist.net/images/anime/1543/153683.jpg
3090,https://cdn.myanimelist.net/images/anime/7/18673.jpg
7647,https://cdn.myanimelist.net/images/anime/1019/98620.jpg
530,https://cdn.myanimelist.net/images/anime/1440/92258.jpg
3785,https://cdn.myanimelist.net/images/anime/9/43201.jpg
7902,https://cdn.myanimelist.net/images/anime/3/76154.jpg
1281,https://cdn.myanimelist.net/images/anime/1414/112029.jpg
24765,https://cdn.myanimelist.net/images/anime/1798/91548.jpg
129,https://cdn.myanimelist.net/images/anime/11/75282.jpg
7661,https://cdn.myanimelist.net/images/anime/13/30191.jpg
31997,https://cdn.myanimelist.net/images/anime/10/77986.jpg
24703,https://cdn.myanimelist.net/images/anime/12/73642.jpg
10999,https://cdn.myanimelist.net/images/anime/1615/146476.jpg
6116,https://cdn.myanimelist.net/images/anime/4/70931.jpg
16762,https://cdn.myanimelist.net/images/anime/1715/103523.jpg
18849,https://cdn.myanimelist.net/images/anime/5/51431.jpg
10500,https://cdn.myanimelist.net/images/anime/9/76455.jpg
14123,https://cdn.myanimelist.net/images/anime/3/56333.jpg
10573,https://cdn.myanimelist.net/images/anime/8/29026.jpg
8675,https://cdn.myanimelist.net/images/anime/4/75550.jpg
1557,https://cdn.myanimelist.net/images/anime/1865/106109.jpg
14289,https://cdn.myanimelist.net/images/anime/11/39777.jpg
11743,https://cdn.myanimelist.net/images/anime/1885/93861.jpg
30458,https://cdn.myanimelist.net/images/anime/1739/123152.jpg
29854,https://cdn.myanimelist.net/images/anime/8/74945.jpg
11433,https://cdn.myanimelist.net/images/anime/12/59405.jpg
31821,https://cdn.myanimelist.net/images/anime/1395/148975.jpg
14967,https://cdn.myanimelist.net/images/anime/3/44724.jpg
12049,https://cdn.myanimelist.net/images/anime/13/47083.jpg
6152,https://cdn.myanimelist.net/images/anime/9/13516.jpg
1393,https://cdn.myanimelist.net/images/anime/1994/153970.jpg
19191,https://cdn.myanimelist.net/images/anime/8/52135.jpg
11617,https://cdn.myanimelist.net/images/anime/1331/111940.jpg
10935,https://cdn.myanimelist.net/images/anime/7/30177.jpg
914,https://cdn.myanimelist.net/images/anime/10/25459.jpg
24781,https://cdn.myanimelist.net/images/anime/1004/96669.jpg
21327,https://cdn.myanimelist.net/images/anime/6/61891.jpg
10568,https://cdn.myanimelist.net/images/anime/13/75202.jpg
1087,https://cdn.myanimelist.net/images/anime/1960/142715.jpg
33605,https://cdn.myanimelist.net/images/anime/1266/91829.jpg
15051,https://cdn.myanimelist.net/images/anime/11/56849.jpg
11933,https://cdn.myanimelist.net/images/anime/11/39249.jpg
23301,https://cdn.myanimelist.net/images/anime/12/60225.jpg
5493,https://cdn.myanimelist.net/images/anime/10/63469.jpg
23775,https://cdn.myanimelist.net/images/anime/7/63283.jpg
9751,https://cdn.myanimelist.net/images/anime/1133/96040.jpg
969,https://cdn.myanimelist.net/images/anime/4/6554.jpg
32681,https://cdn.myanimelist.net/images/anime/4/79073.jpg
2202,https://cdn.myanimelist.net/images/anime/3/52037.jpg
7762,https://cdn.myanimelist.net/images/anime/2/24619.jpg
10495,https://cdn.myanimelist.net/images/anime/12/75173.jpg
880,https://cdn.myanimelist.net/images/anime/4/78931.jpg
15061,https://cdn.myanimelist.net/images/anime/6/74783.jpg
857,https://cdn.myanimelist.net/images/anime/11/18227.jpg
110,https://cdn.myanimelist.net/images/anime/6/75283.jpg
23251,https://cdn.myanimelist.net/images/anime/6/65665.jpg
587,https://cdn.myanimelist.net/images/anime/10/75201.jpg
12725,https://cdn.myanimelist.net/images/anime/12/35739.jpg
11013,https://cdn.myanimelist.net/images/anime/1760/98794.jpg
452,https://cdn.myanimelist.net/images/anime/1683/94370.jpg
1579,https://cdn.myanimelist.net/images/anime/1565/153275.jpg
32869,https://cdn.myanimelist.net/images/anime/5/82691.jpg
6793,https://cdn.myanimelist.net/images/anime/8/21336.jpg
6172,https://cdn.myanimelist.net/images/anime/3/25873.jpg
21105,https://cdn.myanimelist.net/images/anime/11/76599.jpg
194,https://cdn.myanimelist.net/images/anime/12/76289.jpg
3001,https://cdn.myanimelist.net/images/anime/5/37533.jpg
8190,https://cdn.myanimelist.net/images/anime/1492/119100.jpg
23277,https://cdn.myanimelist.net/images/anime/1329/142757.jpg
2498,https://cdn.myanimelist.net/images/anime/1140/94409.jpg
25729,https://cdn.myanimelist.net/images/anime/6/71628.jpg
4654,https://cdn.myanimelist.net/images/anime/2/75533.jpg
18139,https://cdn.myanimelist.net/images/anime/9/55489.jpg
16005,https://cdn.myanimelist.net/images/anime/11/44522.jpg
32015,https://cdn.myanimelist.net/images/anime/1173/132720.jpg
22147,https://cdn.myanimelist.net/images/anime/5/85435.jpg
1946,https://cdn.myanimelist.net/images/anime/7/75381.jpg
67,https://cdn.myanimelist.net/images/anime/1103/133549.jpg
32365,https://cdn.myanimelist.net/images/anime/6/77678.jpg
14345,https://cdn.myanimelist.net/images/anime/4/40977.jpg
11359,https://cdn.myanimelist.net/images/anime/13/33877.jpg
428,https://cdn.myanimelist.net/images/anime/10/23761.jpg
4188,https://cdn.myanimelist.net/images/anime/1916/98810.jpg
340,https://cdn.myanimelist.net/images/anime/3/56847.jpg
10588,https://cdn.myanimelist.net/images/anime/4/29107.jpg
5958,https://cdn.myanimelist.net/images/anime/1623/151209.jpg
14669,https://cdn.myanimelist.net/images/anime/1900/142496.jpg
1478,https://cdn.myanimelist.net/images/anime/1814/94961.jpg
8331,https://cdn.myanimelist.net/images/anime/2/21912.jpg
455,https://cdn.myanimelist.net/images/anime/9/77062.jpg
18507,https://cdn.myanimelist.net/images/anime/6/51107.jpg
27411,https://cdn.myanimelist.net/images/anime/2/72690.jpg
17729,https://cdn.myanimelist.net/images/anime/1645/112632.jpg
26023,https://cdn.myanimelist.net/images/anime/7/73735.jpg
21075,https://cdn.myanimelist.net/images/anime/1664/153514.jpg
8217,https://cdn.myanimelist.net/images/anime/12/73943.jpg
617,https://cdn.myanimelist.net/images/anime/1520/145971.jpg
31798,https://cdn.myanimelist.net/images/anime/1085/147246.jpg
8841,https://cdn.myanimelist.net/images/anime/13/75521.jpg
9396,
11371,https://cdn.myanimelist.net/images/anime/10/33591.jpg
32542,https://cdn.myanimelist.net/images/anime/4/79468.jpg
5306,https://cdn.myanimelist.net/images/anime/9/23211.jpg
2268,
177,https://cdn.myanimelist.net/images/anime/9/6555.jpg
22729,https://cdn.myanimelist.net/images/anime/7/60263.jpg
4835,https://cdn.myanimelist.net/images/anime/1633/134491.jpg
8888,https://cdn.myanimelist.net/images/anime/10/41401.jpg
5348,https://cdn.myanimelist.net/images/anime/1509/124723.jpg
9786,https://cdn.myanimelist.net/images/anime/13/27102.jpg
25687,https://cdn.myanimelist.net/images/anime/9/75493.jpg
31552,https://cdn.myanimelist.net/images/anime/3/76082.jpg
14131,https://cdn.myanimelist.net/images/anime/9/40969.jpg
2002,https://cdn.myanimelist.net/images/anime/12/50435.jpg
145,https://cdn.myanimelist.net/images/anime/1222/108880.jpg
5290,https://cdn.myanimelist.net/images/anime/1558/98560.jpg
250,https://cdn.myanimelist.net/images/anime/1151/125951.jpg
23321,https://cdn.myanimelist.net/images/anime/5/68097.jpg
2743,https://cdn.myanimelist.net/images/anime/3/52119.jpg
3626,https://cdn.myanimelist.net/images/anime/1114/118424.jpg
10020,https://cdn.myanimelist.net/images/anime/8/29734.jpg
1873,https://cdn.myanimelist.net/images/anime/1/1873.jpg
528,https://cdn.myanimelist.net/images/anime/1513/140273.jpg
2562,https://cdn.myanimelist.net/images/anime/5/74050.jpg
1861,
8995,https://cdn.myanimelist.net/images/anime/6/35809.jpg
17437,https://cdn.myanimelist.net/images/anime/2/71801.jpg
32673,https://cdn.myanimelist.net/images/anime/10/82343.jpg
1985,https://cdn.myanimelist.net/images/anime/1440/127558.jpg
304,https://cdn.myanimelist.net/images/anime/5/71211.jpg
12291,https://cdn.myanimelist.net/images/anime/5/46489.jpg
1488,https://cdn.myanimelist.net/images/anime/11/2856.jpg
4182,https://cdn.myanimelist.net/images/anime/3/32729.jpg
9839,
874,https://cdn.myanimelist.net/images/anime/7/73696.jpg
2673,https://cdn.myanimelist.net/images/anime/2/72432.jpg
31376,https://cdn.myanimelist.net/images/anime/6/80039.jpg
1251,https://cdn.myanimelist.net/images/anime/1750/118570.jpg
32215,https://cdn.myanimelist.net/images/anime/1928/106618.jpg
2012,https://cdn.myanimelist.net/images/anime/1068/99222.jpg
2848,https://cdn.myanimelist.net/images/anime/10/4001.jpg
15813,https://cdn.myanimelist.net/images/anime/1598/94444.jpg
5162,https://cdn.myanimelist.net/images/anime/10/11458.jpg
13245,https://cdn.myanimelist.net/images/anime/7/39891.jpg
3673,https://cdn.myanimelist.net/images/anime/3/8694.jpg
21667,https://cdn.myanimelist.net/images/anime/7/63773.jpg
3848,https://cdn.myanimelist.net/images/anime/1709/135258.jpg
26243,https://cdn.myanimelist.net/images/anime/1879/148979.jpg
5419,https://cdn.myanimelist.net/images/anime/6/11083.jpg
46,https://cdn.myanimelist.net/images/anime/4/47845.jpg
16241,https://cdn.myanimelist.net/images/anime/3/48957.jpg
2198,https://cdn.myanimelist.net/images/anime/2/13530.jpg
1239,https://cdn.myanimelist.net/images/anime/1600/92253.jpg
2768,https://cdn.myanimelist.net/images/anime/9/59503.jpg
2514,https://cdn.myanimelist.net/images/anime/2/31141.jpg
1394,https://cdn.myanimelist.net/images/anime/1344/93011.jpg
17187,https://cdn.myanimelist.net/images/anime/8/46673.jpg
11663,https://cdn.myanimelist.net/images/anime/9/32507.jpg
270,https://cdn.myanimelist.net/images/anime/10/19956.jpg
1356,https://cdn.myanimelist.net/images/anime/1912/106020.jpg
6553,
1567,https://cdn.myanimelist.net/images/anime/6/46607.jpg
15437,https://cdn.myanimelist.net/images/anime/4/43515.jpg
13655,https://cdn.myanimelist.net/images/anime/6/43757.jpg
334,https://cdn.myanimelist.net/images/anime/8/6092.jpg
7651,https://cdn.myanimelist.net/images/anime/6/24794.jpg
1029,https://cdn.myanimelist.net/images/anime/1289/138708.jpg
209,https://cdn.myanimelist.net/images/anime/3/73350.jpg
15775,https://cdn.myanimelist.net/images/anime/1676/150182.jpg
10469,https://cdn.myanimelist.net/images/anime/12/75518.jpg
16524,https://cdn.myanimelist.net/images/anime/11/48817.jpg
10714,https://cdn.myanimelist.net/images/anime/7/32945.jpg
32899,https://cdn.myanimelist.net/images/anime/4/81953.jpg
10216,https://cdn.myanimelist.net/images/anime/4/75284.jpg
6408,https://cdn.myanimelist.net/images/anime/8/81162.jpg
32828,https://cdn.myanimelist.net/images/anime/6/80546.jpg
10067,https://cdn.myanimelist.net/images/anime/1399/131410.jpg
13115,https://cdn.myanimelist.net/images/anime/11/71798.jpg
2174,https://cdn.myanimelist.net/images/anime/1717/155002.jpg
821,https://cdn.myanimelist.net/images/anime/2/13168.jpg
5494,https://cdn.myanimelist.net/images/anime/13/54069.jpg
6604,https://cdn.myanimelist.net/images/anime/6/20591.jpg
32526,https://cdn.myanimelist.net/images/anime/8/80791.jpg
8100,https://cdn.myanimelist.net/images/anime/3/26215.jpg
14527,https://cdn.myanimelist.net/images/anime/11/62919.jpg
2835,https://cdn.myanimelist.net/images/anime/2/56443.jpg
2549,https://cdn.myanimelist.net/images/anime/1206/137104.jpg
814,https://cdn.myanimelist.net/images/anime/10/6381.jpg
28497,https://cdn.myanimelist.net/images/anime/9/74374.jpg
15989,https://cdn.myanimelist.net/images/anime/8/45084.jpg
2098,https://cdn.myanimelist.net/images/anime/1106/139433.jpg
7858,https://cdn.myanimelist.net/images/anime/2/19135.jpg
5118,https://cdn.myanimelist.net/images/anime/1786/112350.jpg
1651,https://cdn.myanimelist.net/images/anime/9/83049.jpg
691,https://cdn.myanimelist.net/images/anime/4/44864.jpg
11759,https://cdn.myanimelist.net/images/anime/1002/135430.jpg
16273,https://cdn.myanimelist.net/images/anime/12/43823.jpg
1240,https://cdn.myanimelist.net/images/anime/1952/117493.jpg
2424,https://cdn.myanimelist.net/images/anime/10/68205.jpg
6573,
21743,
901,https://cdn.myanimelist.net/images/anime/1451/121524.jpg
14837,https://cdn.myanimelist.net/images/anime/1734/93678.jpg
31706,https://cdn.myanimelist.net/images/anime/7/80834.jpg
364,https://cdn.myanimelist.net/images/anime/10/30129.jpg
4060,https://cdn.myanimelist.net/images/anime/1562/96991.jpg
23269,https://cdn.myanimelist.net/images/anime/1107/117611.jpg
3165,https://cdn.myanimelist.net/images/anime/9/14372.jpg
449,https://cdn.myanimelist.net/images/anime/1216/94369.jpg
32870,https://cdn.myanimelist.net/images/anime/6/80728.jpg
522,https://cdn.myanimelist.net/images/anime/4/75601.jpg
96,https://cdn.myanimelist.net/images/anime/1187/133654.jpg
10589,https://cdn.myanimelist.net/images/anime/1500/134496.jpg
3420,https://cdn.myanimelist.net/images/anime/4/50787.jpg
10378,https://cdn.myanimelist.net/images/anime/6/30120.jpg
31327,https://cdn.myanimelist.net/images/anime/1622/96638.jpg
3369,https://cdn.myanimelist.net/images/anime/1165/145095.jpg
8197,https://cdn.myanimelist.net/images/anime/13/20884.jpg
1072,https://cdn.myanimelist.net/images/anime/5/10292.jpg
18499,https://cdn.myanimelist.net/images/anime/3/49489.jpg
5075,https://cdn.myanimelist.net/images/anime/1999/91843.jpg
1195,https://cdn.myanimelist.net/images/anime/8/20680.jpg
1003,https://cdn.myanimelist.net/images/anime/2/17893.jpg
11235,https://cdn.myanimelist.net/images/anime/1951/114976.jpg
586,https://cdn.myanimelist.net/images/anime/2/11746.jpg
4981,https://cdn.myanimelist.net/images/anime/8/23336.jpg
2961,https://cdn.myanimelist.net/images/anime/3/72452.jpg
1747,https://cdn.myanimelist.net/images/anime/4/50511.jpg
2409,https://cdn.myanimelist.net/images/anime/1483/94117.jpg
4039,https://cdn.myanimelist.net/images/anime/9/25423.jpg
2458,https://cdn.myanimelist.net/images/anime/1022/107653.jpg
22693,https://cdn.myanimelist.net/images/anime/4/73960.jpg
1563,
1289,https://cdn.myanimelist.net/images/anime/1602/134832.jpg
9181,https://cdn.myanimelist.net/images/anime/4/59875.jpg
33091,https://cdn.myanimelist.net/images/anime/11/80753.jpg
9979,https://cdn.myanimelist.net/images/anime/1539/94597.jpg
1608,https://cdn.myanimelist.net/images/anime/8/62593.jpg
5277,https://cdn.myanimelist.net/images/anime/10/75178.jpg
18523,https://cdn.myanimelist.net/images/anime/5/51879.jpg
7041,https://cdn.myanimelist.net/images/anime/4/22430.jpg
2923,https://cdn.myanimelist.net/images/anime/1615/145754.jpg
9930,https://cdn.myanimelist.net/images/anime/7/60873.jpg
31297,https://cdn.myanimelist.net/images/anime/3/78666.jpg
1919,https://cdn.myanimelist.net/images/anime/1424/92240.jpg
18753,https://cdn.myanimelist.net/images/anime/9/54831.jpg
18497,https://cdn.myanimelist.net/images/anime/5/52563.jpg
21639,https://cdn.myanimelist.net/images/anime/10/62939.jpg
283,https://cdn.myanimelist.net/images/anime/1365/115824.jpg
2889,https://cdn.myanimelist.net/images/anime/1502/134489.jpg
18671,https://cdn.myanimelist.net/images/anime/7/56643.jpg
16934,https://cdn.myanimelist.net/images/anime/7/45512.jpg
1479,https://cdn.myanimelist.net/images/anime/1920/92378.jpg
2171,https://cdn.myanimelist.net/images/anime/1765/94323.jpg
32948,https://cdn.myanimelist.net/images/anime/5/81624.jpg
19195,
21273,https://cdn.myanimelist.net/images/anime/6/79600.jpg
5998,https://cdn.myanimelist.net/images/anime/6/22255.jpg
2330,https://cdn.myanimelist.net/images/anime/1630/143498.jpg
3449,https://cdn.myanimelist.net/images/anime/12/24645.jpg
218,https://cdn.myanimelist.net/images/anime/3/53955.jpg
1047,https://cdn.myanimelist.net/images/anime/10/81234.jpg
22539,
16287,
8476,https://cdn.myanimelist.net/images/anime/5/85430.jpg
13587,https://cdn.myanimelist.net/images/anime/5/37787.jpg
10257,https://cdn.myanimelist.net/images/anime/9/36423.jpg
10731,https://cdn.myanimelist.net/images/anime/3/32079.jpg
23281,https://cdn.myanimelist.net/images/anime/1197/100616.jpg
166,https://cdn.myanimelist.net/images/anime/1190/95421.jpg
8317,https://cdn.myanimelist.net/images/anime/1874/116532.jpg
8557,https://cdn.myanimelist.net/images/anime/1734/118930.jpg
1913,https://cdn.myanimelist.net/images/anime/1941/98123.jpg
25801,https://cdn.myanimelist.net/images/anime/7/66057.jpg
6802,https://cdn.myanimelist.net/images/anime/7/81654.jpg
30911,https://cdn.myanimelist.net/images/anime/1739/124338.jpg
200,https://cdn.myanimelist.net/images/anime/1644/131230.jpg
3613,https://cdn.myanimelist.net/images/anime/1287/114435.jpg
3712,https://cdn.myanimelist.net/images/anime/6/10256.jpg
22419,https://cdn.myanimelist.net/images/anime/1908/119359.jpg
13709,https://cdn.myanimelist.net/images/anime/8/38065.jpg
1474,https://cdn.myanimelist.net/images/anime/1978/94391.jpg
15199,https://cdn.myanimelist.net/images/anime/12/72698.jpg
8687,https://cdn.myanimelist.net/images/anime/6/23935.jpg
10765,https://cdn.myanimelist.net/images/anime/9/29669.jpg
9023,https://cdn.myanimelist.net/images/anime/8/25975.jpg
1454,https://cdn.myanimelist.net/images/anime/3/86766.jpg
3392,https://cdn.myanimelist.net/images/anime/6/10567.jpg
2971,https://cdn.myanimelist.net/images/anime/7/22619.jpg
98,https://cdn.myanimelist.net/images/anime/13/7226.jpg
20541,https://cdn.myanimelist.net/images/anime/10/75249.jpg
1095,https://cdn.myanimelist.net/images/anime/5/74786.jpg
593,https://cdn.myanimelist.net/images/anime/3/16734.jpg
32566,https://cdn.myanimelist.net/images/anime/6/78178.jpg
2680,
32026,https://cdn.myanimelist.net/images/anime/11/77727.jpg
708,https://cdn.myanimelist.net/images/anime/1340/110804.jpg
10445,https://cdn.myanimelist.net/images/anime/12/29356.jpg
13391,https://cdn.myanimelist.net/images/anime/3/87919.jpg
2596,https://cdn.myanimelist.net/images/anime/2/80967.jpg
441,https://cdn.myanimelist.net/images/anime/1268/107516.jpg
5262,https://cdn.myanimelist.net/images/anime/1186/145753.jpg
1372,https://cdn.myanimelist.net/images/anime/4/16767.jpg
2337,https://cdn.myanimelist.net/images/anime/13/53585.jpg
24627,https://cdn.myanimelist.net/images/anime/1079/104630.jpg
102,https://cdn.myanimelist.net/images/anime/2/69665.jpg
24919,https://cdn.myanimelist.net/images/anime/6/73611.jpg
1686,https://cdn.myanimelist.net/images/anime/1834/134488.jpg
1681,https://cdn.myanimelist.net/images/anime/1333/97262.jpg
2800,https://cdn.myanimelist.net/images/anime/1014/155437.jpg
27601,https://cdn.myanimelist.net/images/anime/3/66827.jpg
22839,https://cdn.myanimelist.net/images/anime/1569/103114.jpg
356,https://cdn.myanimelist.net/images/anime/4/30327.jpg
6922,https://cdn.myanimelist.net/images/anime/1889/95111.jpg
4061,https://cdn.myanimelist.net/images/anime/8/44608.jpg
28607,https://cdn.myanimelist.net/images/anime/12/71753.jpg
9834,https://cdn.myanimelist.net/images/anime/4/29668.jpg
10075,https://cdn.myanimelist.net/images/anime/3/30485.jpg
5854,https://cdn.myanimelist.net/images/anime/1383/90702.jpg
2257,https://cdn.myanimelist.net/images/anime/9/14395.jpg
11889,https://cdn.myanimelist.net/images/anime/3/70521.jpg
1459,https://cdn.myanimelist.net/images/anime/2/54793.jpg
8676,https://cdn.myanimelist.net/images/anime/10/78699.jpg
10719,https://cdn.myanimelist.net/images/anime/8/32873.jpg
59,https://cdn.myanimelist.net/images/anime/4/24648.jpg
4186,https://cdn.myanimelist.net/images/anime/9/12238.jpg
17121,https://cdn.myanimelist.net/images/anime/1268/123600.jpg
6231,https://cdn.myanimelist.net/images/anime/9/37977.jpg
7045,https://cdn.myanimelist.net/images/anime/7/72426.jpg
15613,https://cdn.myanimelist.net/images/anime/13/43007.jpg
6895,https://cdn.myanimelist.net/images/anime/3/71800.jpg
379,https://cdn.myanimelist.net/images/anime/2/11744.jpg
10209,https://cdn.myanimelist.net/images/anime/12/36243.jpg
12053,https://cdn.myanimelist.net/images/anime/12/39309.jpg
5713,https://cdn.myanimelist.net/images/anime/1458/133565.jpg
24227,https://cdn.myanimelist.net/images/anime/2/71754.jpg
6187,https://cdn.myanimelist.net/images/anime/1988/147910.jpg
490,https://cdn.myanimelist.net/images/anime/1581/138842.jpg
64,https://cdn.myanimelist.net/images/anime/1424/108431.jpg
5671,https://cdn.myanimelist.net/images/anime/12/73933.jpg
5355,https://cdn.myanimelist.net/images/anime/4/21849.jpg
20671,https://cdn.myanimelist.net/images/anime/1413/112309.jpg
1728,https://cdn.myanimelist.net/images/anime/2/25047.jpg
567,https://cdn.myanimelist.net/images/anime/1960/146892.jpg
1911,https://cdn.myanimelist.net/images/anime/1441/139242.jpg
481,https://cdn.myanimelist.net/images/anime/3/77055.jpg
5244,https://cdn.myanimelist.net/images/anime/9/10494.jpg
12187,https://cdn.myanimelist.net/images/anime/4/64281.jpg
31553,https://cdn.myanimelist.net/images/anime/1709/98068.jpg
1477,https://cdn.myanimelist.net/images/anime/1437/94390.jpg
24655,https://cdn.myanimelist.net/images/anime/9/75466.jpg
1368,https://cdn.myanimelist.net/images/anime/10/31137.jpg
2392,https://cdn.myanimelist.net/images/anime/9/72431.jpg
18465,https://cdn.myanimelist.net/images/anime/11/52935.jpg
852,https://cdn.myanimelist.net/images/anime/11/18195.jpg
9865,https://cdn.myanimelist.net/images/anime/7/27300.jpg
6399,https://cdn.myanimelist.net/images/anime/8/14789.jpg
3652,https://cdn.myanimelist.net/images/anime/4/14113.jpg
22763,https://cdn.myanimelist.net/images/anime/3/73930.jpg
5710,https://cdn.myanimelist.net/images/anime/1136/98561.jpg
1091,https://cdn.myanimelist.net/images/anime/1336/143747.jpg
7877,
28149,https://cdn.myanimelist.net/images/anime/11/71901.jpg
34136,https://cdn.myanimelist.net/images/anime/10/82129.jpg
131,https://cdn.myanimelist.net/images/anime/1348/134419.jpg
879,https://cdn.myanimelist.net/images/anime/1769/138458.jpg
1642,https://cdn.myanimelist.net/images/anime/5/74728.jpg
5712,https://cdn.myanimelist.net/images/anime/4/11862.jpg
14189,https://cdn.myanimelist.net/images/anime/6/65883.jpg
885,https://cdn.myanimelist.net/images/anime/1034/135640.jpg
3974,https://cdn.myanimelist.net/images/anime/1242/95178.jpg
9047,https://cdn.myanimelist.net/images/anime/1134/98125.jpg
2203,https://cdn.myanimelist.net/images/anime/1541/92869.jpg
156,https://cdn.myanimelist.net/images/anime/8/17167.jpg
29,https://cdn.myanimelist.net/images/anime/13/75740.jpg
12149,https://cdn.myanimelist.net/images/anime/3/74157.jpg
18893,https://cdn.myanimelist.net/images/anime/6/56143.jpg
11633,https://cdn.myanimelist.net/images/anime/11/47677.jpg
17269,https://cdn.myanimelist.net/images/anime/5/62619.jpg
1476,https://cdn.myanimelist.net/images/anime/4/3025.jpg
15201,https://cdn.myanimelist.net/images/anime/6/74757.jpg
26349,https://cdn.myanimelist.net/images/anime/7/75287.jpg
17641,https://cdn.myanimelist.net/images/anime/1629/112503.jpg
25389,https://cdn.myanimelist.net/images/anime/1833/93679.jpg
6783,https://cdn.myanimelist.net/images/anime/2/15710.jpg
32930,https://cdn.myanimelist.net/images/anime/5/80112.jpg
6291,https://cdn.myanimelist.net/images/anime/9/45048.jpg
27631,https://cdn.myanimelist.net/images/anime/7/73852.jpg
134,https://cdn.myanimelist.net/images/anime/5/3088.jpg
28825,https://cdn.myanimelist.net/images/anime/12/75086.jpg
5291,https://cdn.myanimelist.net/images/anime/1513/145143.jpg
12679,https://cdn.myanimelist.net/images/anime/8/48925.jpg
9366,https://cdn.myanimelist.net/images/anime/3/29438.jpg
1021,https://cdn.myanimelist.net/images/anime/1625/114978.jpg
6707,https://cdn.myanimelist.net/images/anime/4/50499.jpg
207,https://cdn.myanimelist.net/images/anime/1644/92493.jpg
1424,https://cdn.myanimelist.net/images/anime/1688/146710.jpg
3468,https://cdn.myanimelist.net/images/anime/10/14338.jpg
2518,https://cdn.myanimelist.net/images/anime/4/3538.jpg
1241,https://cdn.myanimelist.net/images/anime/4/80397.jpg
32792,https://cdn.myanimelist.net/images/anime/1831/132807.jpg
5252,https://cdn.myanimelist.net/images/anime/1400/138596.jpg
19221,https://cdn.myanimelist.net/images/anime/10/53235.jpg
165,https://cdn.myanimelist.net/images/anime/13/75168.jpg
13267,https://cdn.myanimelist.net/images/anime/4/39055.jpg
25,https://cdn.myanimelist.net/images/anime/6/75536.jpg
5538,https://cdn.myanimelist.net/images/anime/9/84685.jpg
24365,https://cdn.myanimelist.net/images/anime/8/62961.jpg
2129,https://cdn.myanimelist.net/images/anime/1733/134118.jpg
8481,https://cdn.myanimelist.net/images/anime/6/26770.jpg
1050,https://cdn.myanimelist.net/images/anime/1293/136965.jpg
1222,https://cdn.myanimelist.net/images/anime/12/25754.jpg
1069,https://cdn.myanimelist.net/images/anime/10/57603.jpg
13349,https://cdn.myanimelist.net/images/anime/7/42007.jpg
23359,https://cdn.myanimelist.net/images/anime/4/70539.jpg
15583,https://cdn.myanimelist.net/images/anime/13/44844.jpg
5096,https://cdn.myanimelist.net/images/anime/8/72433.jpg
906,https://cdn.myanimelist.net/images/anime/1704/93676.jpg
18393,https://cdn.myanimelist.net/images/anime/9/58513.jpg
1391,https://cdn.myanimelist.net/images/anime/1653/140355.jpg
2037,https://cdn.myanimelist.net/images/anime/1049/111001.jpg
1773,https://cdn.myanimelist.net/images/anime/9/77314.jpg
5228,https://cdn.myanimelist.net/images/anime/10/10462.jpg
389,https://cdn.myanimelist.net/images/anime/1054/98245.jpg
3199,https://cdn.myanimelist.net/images/anime/9/69547.jpg
9124,
327,https://cdn.myanimelist.net/images/anime/6/20142.jpg
130,https://cdn.myanimelist.net/images/anime/13/24719.jpg
2216,https://cdn.myanimelist.net/images/anime/1440/115872.jpg
31680,https://cdn.myanimelist.net/images/anime/4/78450.jpg
15731,https://cdn.myanimelist.net/images/anime/3/53895.jpg
696,https://cdn.myanimelist.net/images/anime/3/61663.jpg
12015,https://cdn.myanimelist.net/images/anime/2/40041.jpg
11553,https://cdn.myanimelist.net/images/anime/1756/104652.jpg
181,https://cdn.myanimelist.net/images/anime/4/75447.jpg
2608,https://cdn.myanimelist.net/images/anime/6/86159.jpg
1327,https://cdn.myanimelist.net/images/anime/3/75214.jpg
2922,https://cdn.myanimelist.net/images/anime/5/53557.jpg
4037,https://cdn.myanimelist.net/images/anime/10/54341.jpg
24625,https://cdn.myanimelist.net/images/anime/6/67511.jpg
8768,https://cdn.myanimelist.net/images/anime/7/27766.jpg
256,https://cdn.myanimelist.net/images/anime/1980/112997.jpg
16009,https://cdn.myanimelist.net/images/anime/2/52127.jpg
435,https://cdn.myanimelist.net/images/anime/1683/97042.jpg
10110,https://cdn.myanimelist.net/images/anime/13/29971.jpg
8246,https://cdn.myanimelist.net/images/anime/1479/116734.jpg
1203,https://cdn.myanimelist.net/images/anime/6/14630.jpg
770,https://cdn.myanimelist.net/images/anime/2/3211.jpg
11499,https://cdn.myanimelist.net/images/anime/1487/95651.jpg
29786,https://cdn.myanimelist.net/images/anime/6/75106.jpg
959,https://cdn.myanimelist.net/images/anime/1698/139204.jpg
10294,https://cdn.myanimelist.net/images/anime/1092/112800.jpg
10713,https://cdn.myanimelist.net/images/anime/1159/112801.jpg
28285,https://cdn.myanimelist.net/images/anime/3/74066.jpg
10798,https://cdn.myanimelist.net/images/anime/1823/136763.jpg
12711,https://cdn.myanimelist.net/images/anime/12/44019.jpg
4752,https://cdn.myanimelist.net/images/anime/3/10075.jpg
183,https://cdn.myanimelist.net/images/anime/8/17885.jpg
798,https://cdn.myanimelist.net/images/anime/1255/120063.jpg
28771,https://cdn.myanimelist.net/images/anime/12/77614.jpg
5251,https://cdn.myanimelist.net/images/anime/4/27104.jpg
68,https://cdn.myanimelist.net/images/anime/1183/133280.jpg
2553,https://cdn.myanimelist.net/images/anime/2/17492.jpg
13335,https://cdn.myanimelist.net/images/anime/3/37313.jpg
1392,https://cdn.myanimelist.net/images/anime/1686/117415.jpg
19193,https://cdn.myanimelist.net/images/anime/9/56607.jpg
506,https://cdn.myanimelist.net/images/anime/6/39571.jpg
20903,https://cdn.myanimelist.net/images/anime/2/55197.jpg
142,https://cdn.myanimelist.net/images/anime/5/20389.jpg
1004,https://cdn.myanimelist.net/images/anime/11/73498.jpg
10918,https://cdn.myanimelist.net/images/anime/3/30155.jpg
3358,https://cdn.myanimelist.net/images/anime/2/8482.jpg
76,https://cdn.myanimelist.net/images/anime/1052/136283.jpg
32698,https://cdn.myanimelist.net/images/anime/2/83661.jpg
31722,https://cdn.myanimelist.net/images/anime/13/79331.jpg
31414,https://cdn.myanimelist.net/images/anime/8/76691.jpg
353,https://cdn.myanimelist.net/images/anime/2/40407.jpg
1060,https://cdn.myanimelist.net/images/anime/4/79591.jpg
10178,https://cdn.myanimelist.net/images/anime/11/28531.jpg
19369,https://cdn.myanimelist.net/images/anime/7/54343.jpg
14267,https://cdn.myanimelist.net/images/anime/3/50415.jpg
19291,https://cdn.myanimelist.net/images/anime/1759/140263.jpg
792,https://cdn.myanimelist.net/images/anime/1855/95323.jpg
3674,https://cdn.myanimelist.net/images/anime/1807/116533.jpg
167,https://cdn.myanimelist.net/images/anime/1238/94717.jpg
5909,https://cdn.myanimelist.net/images/anime/7/19646.jpg
24037,https://cdn.myanimelist.net/images/anime/5/75495.jpg
5233,https://cdn.myanimelist.net/images/anime/5/20938.jpg
2014,https://cdn.myanimelist.net/images/anime/9/21852.jpg
24459,https://cdn.myanimelist.net/images/anime/7/69719.jpg
1006,https://cdn.myanimelist.net/images/anime/1543/92823.jpg
27899,https://cdn.myanimelist.net/images/anime/1889/123307.jpg
3972,https://cdn.myanimelist.net/images/anime/1667/103658.jpg
25519,https://cdn.myanimelist.net/images/anime/8/77057.jpg
30869,https://cdn.myanimelist.net/images/anime/1987/112815.jpg
1536,https://cdn.myanimelist.net/images/anime/6/75566.jpg
1475,
13837,https://cdn.myanimelist.net/images/anime/13/38385.jpg
10703,https://cdn.myanimelist.net/images/anime/11/29489.jpg
2672,https://cdn.myanimelist.net/images/anime/2/72410.jpg
23311,https://cdn.myanimelist.net/images/anime/5/63667.jpg
1852,https://cdn.myanimelist.net/images/anime/1893/133786.jpg
2228,https://cdn.myanimelist.net/images/anime/1/2423.jpg
15591,https://cdn.myanimelist.net/images/anime/8/50549.jpg
1808,https://cdn.myanimelist.net/images/anime/12/76297.jpg
489,https://cdn.myanimelist.net/images/anime/3/24641.jpg
2286,https://cdn.myanimelist.net/images/anime/7/82033.jpg
2954,https://cdn.myanimelist.net/images/anime/13/44396.jpg
3469,https://cdn.myanimelist.net/images/anime/8/5782.jpg
8460,https://cdn.myanimelist.net/images/anime/10/22971.jpg
2929,https://cdn.myanimelist.net/images/anime/9/4265.jpg
31,https://cdn.myanimelist.net/images/anime/1993/113122.jpg
1212,https://cdn.myanimelist.net/images/anime/12/3702.jpg
11179,https://cdn.myanimelist.net/images/anime/2/35039.jpg
12067,https://cdn.myanimelist.net/images/anime/1581/104187.jpg
2903,https://cdn.myanimelist.net/images/anime/12/60397.jpg
2254,https://cdn.myanimelist.net/images/anime/7/51455.jpg
960,https://cdn.myanimelist.net/images/anime/1788/139203.jpg
1577,https://cdn.myanimelist.net/images/anime/1498/97153.jpg
5667,https://cdn.myanimelist.net/images/anime/2/17923.jpg
4189,https://cdn.myanimelist.net/images/anime/12/26302.jpg
33094,https://cdn.myanimelist.net/images/anime/11/82287.jpg
21435,https://cdn.myanimelist.net/images/anime/10/56595.jpg
11701,https://cdn.myanimelist.net/images/anime/9/42051.jpg
1589,https://cdn.myanimelist.net/images/anime/13/67397.jpg
7972,https://cdn.myanimelist.net/images/anime/6/80214.jpg
2817,https://cdn.myanimelist.net/images/anime/1158/139087.jpg
19163,https://cdn.myanimelist.net/images/anime/1690/141818.jpg
1684,https://cdn.myanimelist.net/images/anime/1910/106998.jpg
9135,https://cdn.myanimelist.net/images/anime/1217/152912.jpg
25183,https://cdn.myanimelist.net/images/anime/8/74415.jpg
23703,https://cdn.myanimelist.net/images/anime/6/61523.jpg
10870,
1825,https://cdn.myanimelist.net/images/anime/1238/154907.jpg
31158,https://cdn.myanimelist.net/images/anime/1966/97333.jpg
31665,https://cdn.myanimelist.net/images/anime/2/77322.jpg
2204,https://cdn.myanimelist.net/images/anime/10/16022.jpg
1691,https://cdn.myanimelist.net/images/anime/1558/100478.jpg
31227,https://cdn.myanimelist.net/images/anime/9/75726.jpg
31952,https://cdn.myanimelist.net/images/anime/3/80688.jpg
1426,https://cdn.myanimelist.net/images/anime/1441/100440.jpg
10624,https://cdn.myanimelist.net/images/anime/1791/112725.jpg
520,https://cdn.myanimelist.net/images/anime/1186/156082.jpg
3342,https://cdn.myanimelist.net/images/anime/1463/153332.jpg
6325,https://cdn.myanimelist.net/images/anime/1493/116732.jpg
27787,https://cdn.myanimelist.net/images/anime/13/72626.jpg
3965,https://cdn.myanimelist.net/images/anime/3/11970.jpg
32051,https://cdn.myanimelist.net/images/anime/5/77050.jpg
1010,https://cdn.myanimelist.net/images/anime/1985/107722.jpg
13429,https://cdn.myanimelist.net/images/anime/3/37569.jpg
399,https://cdn.myanimelist.net/images/anime/3/2754.jpg
5947,https://cdn.myanimelist.net/images/anime/13/22175.jpg
8115,https://cdn.myanimelist.net/images/anime/8/20085.jpg
2126,https://cdn.myanimelist.net/images/anime/1784/125696.jpg
7870,https://cdn.myanimelist.net/images/anime/8/67315.jpg
10396,https://cdn.myanimelist.net/images/anime/12/73984.jpg
16592,https://cdn.myanimelist.net/images/anime/4/51463.jpg
29067,https://cdn.myanimelist.net/images/anime/9/73595.jpg
501,https://cdn.myanimelist.net/images/anime/1236/154852.jpg
17535,https://cdn.myanimelist.net/images/anime/8/50101.jpg
9032,https://cdn.myanimelist.net/images/anime/12/31189.jpg
1878,
9213,https://cdn.myanimelist.net/images/anime/2/25552.jpg
16353,https://cdn.myanimelist.net/images/anime/1900/147887.jpg
30829,https://cdn.myanimelist.net/images/anime/6/74193.jpg
3268,https://cdn.myanimelist.net/images/anime/4/12403.jpg
2460,
2253,https://cdn.myanimelist.net/images/anime/1485/144735.jpg
1238,https://cdn.myanimelist.net/images/anime/5/77108.jpg
8769,https://cdn.myanimelist.net/images/anime/1508/129576.jpg
6896,https://cdn.myanimelist.net/images/anime/13/21439.jpg
16123,https://cdn.myanimelist.net/images/anime/12/57979.jpg
30187,https://cdn.myanimelist.net/images/anime/7/76116.jpg
15751,https://cdn.myanimelist.net/images/anime/6/44858.jpg
6572,https://cdn.myanimelist.net/images/anime/10/17680.jpg
2585,https://cdn.myanimelist.net/images/anime/5/24535.jpg
560,https://cdn.myanimelist.net/images/anime/8/50369.jpg
23725,https://cdn.myanimelist.net/images/anime/1288/139648.jpg
21737,https://cdn.myanimelist.net/images/anime/9/63207.jpg
1146,
10629,https://cdn.myanimelist.net/images/anime/6/29247.jpg
113,https://cdn.myanimelist.net/images/anime/1587/134660.jpg
970,https://cdn.myanimelist.net/images/anime/9/76348.jpg
18177,https://cdn.myanimelist.net/images/anime/1702/135425.jpg
2548,https://cdn.myanimelist.net/images/anime/2/3210.jpg
101,https://cdn.myanimelist.net/images/anime/1825/146531.jpg
103,https://cdn.myanimelist.net/images/anime/1098/108972.jpg
15927,https://cdn.myanimelist.net/images/anime/13/64291.jpg
3744,https://cdn.myanimelist.net/images/anime/11/22026.jpg
6880,https://cdn.myanimelist.net/images/anime/9/75299.jpg
484,https://cdn.myanimelist.net/images/anime/1628/106419.jpg
476,
14811,https://cdn.myanimelist.net/images/anime/10/45995.jpg
242,https://cdn.myanimelist.net/images/anime/6/25273.jpg
9931,https://cdn.myanimelist.net/images/anime/1567/94728.jpg
33241,https://cdn.myanimelist.net/images/anime/1307/121781.jpg
31499,https://cdn.myanimelist.net/images/anime/1041/153686.jpg
9938,https://cdn.myanimelist.net/images/anime/6/74051.jpg
822,https://cdn.myanimelist.net/images/anime/8/13169.jpg
2408,https://cdn.myanimelist.net/images/anime/1180/98559.jpg
2927,https://cdn.myanimelist.net/images/anime/3/19934.jpg
17643,
1419,https://cdn.myanimelist.net/images/anime/8/21668.jpg
158,https://cdn.myanimelist.net/images/anime/1994/114208.jpg
1190,https://cdn.myanimelist.net/images/anime/10/4471.jpg
23421,https://cdn.myanimelist.net/images/anime/3/75641.jpg
5984,https://cdn.myanimelist.net/images/anime/13/17488.jpg
10464,https://cdn.myanimelist.net/images/anime/13/75645.jpg
10483,https://cdn.myanimelist.net/images/anime/7/28823.jpg
4715,https://cdn.myanimelist.net/images/anime/11/9064.jpg
2978,https://cdn.myanimelist.net/images/anime/9/56841.jpg
8726,https://cdn.myanimelist.net/images/anime/9/25880.jpg
3125,https://cdn.myanimelist.net/images/anime/1272/104468.jpg
30641,https://cdn.myanimelist.net/images/anime/2/73639.jpg
24591,https://cdn.myanimelist.net/images/anime/1715/94495.jpg
25755,https://cdn.myanimelist.net/images/anime/10/86876.jpg
30790,https://cdn.myanimelist.net/images/anime/7/86877.jpg
2125,https://cdn.myanimelist.net/images/anime/1740/109264.jpg
763,https://cdn.myanimelist.net/images/anime/1908/139655.jpg
656,https://cdn.myanimelist.net/images/anime/2/82726.jpg
2969,https://cdn.myanimelist.net/images/anime/10/23677.jpg
6676,https://cdn.myanimelist.net/images/anime/9/50897.jpg
25731,https://cdn.myanimelist.net/images/anime/1780/145951.jpg
23383,https://cdn.myanimelist.net/images/anime/9/67077.jpg
10531,https://cdn.myanimelist.net/images/anime/6/28938.jpg
2656,https://cdn.myanimelist.net/images/anime/1819/133756.jpg
20509,https://cdn.myanimelist.net/images/anime/12/64175.jpg
344,https://cdn.myanimelist.net/images/anime/12/73986.jpg
18229,https://cdn.myanimelist.net/images/anime/7/52471.jpg
21039,https://cdn.myanimelist.net/images/anime/11/74978.jpg
31324,https://cdn.myanimelist.net/images/anime/2/75328.jpg
4551,https://cdn.myanimelist.net/images/anime/13/21898.jpg
27969,https://cdn.myanimelist.net/images/anime/12/71197.jpg
7337,https://cdn.myanimelist.net/images/anime/6/30761.jpg
12729,https://cdn.myanimelist.net/images/anime/13/63561.jpg
20853,https://cdn.myanimelist.net/images/anime/4/61781.jpg
666,https://cdn.myanimelist.net/images/anime/1171/106036.jpg
29583,https://cdn.myanimelist.net/images/anime/11/71175.jpg
633,https://cdn.myanimelist.net/images/anime/1992/154425.jpg
1590,https://cdn.myanimelist.net/images/anime/1675/142110.jpg
1439,https://cdn.myanimelist.net/images/anime/6/72201.jpg
10050,https://cdn.myanimelist.net/images/anime/10/28051.jpg
1064,
2488,https://cdn.myanimelist.net/images/anime/1034/99602.jpg
14575,https://cdn.myanimelist.net/images/anime/1831/133567.jpg
84,https://cdn.myanimelist.net/images/anime/1404/106449.jpg
17505,https://cdn.myanimelist.net/images/anime/12/48827.jpg
1655,https://cdn.myanimelist.net/images/anime/7/24303.jpg
23673,https://cdn.myanimelist.net/images/anime/1728/147375.jpg
21031,https://cdn.myanimelist.net/images/anime/1016/142416.jpg
815,https://cdn.myanimelist.net/images/anime/1663/133530.jpg
17137,https://cdn.myanimelist.net/images/anime/10/45795.jpg
7662,https://cdn.myanimelist.net/images/anime/13/35829.jpg
2942,https://cdn.myanimelist.net/images/anime/1763/137274.jpg
1764,https://cdn.myanimelist.net/images/anime/5/31927.jpg
1170,https://cdn.myanimelist.net/images/anime/1372/92532.jpg
1081,https://cdn.myanimelist.net/images/anime/1543/106174.jpg
4884,https://cdn.myanimelist.net/images/anime/8/21243.jpg
3352,https://cdn.myanimelist.net/images/anime/9/19659.jpg
20977,https://cdn.myanimelist.net/images/anime/6/62613.jpg
5332,https://cdn.myanimelist.net/images/anime/1531/101092.jpg
1744,https://cdn.myanimelist.net/images/anime/10/75644.jpg
8457,
878,https://cdn.myanimelist.net/images/anime/6/76949.jpg
4038,https://cdn.myanimelist.net/images/anime/5/75581.jpg
31245,https://cdn.myanimelist.net/images/anime/3/82121.jpg
4970,https://cdn.myanimelist.net/images/anime/6/77929.jpg
1078,https://cdn.myanimelist.net/images/anime/13/28850.jpg
4138,https://cdn.myanimelist.net/images/anime/9/46181.jpg
5593,https://cdn.myanimelist.net/images/anime/1725/104511.jpg
2665,https://cdn.myanimelist.net/images/anime/10/72412.jpg
2676,https://cdn.myanimelist.net/images/anime/7/72420.jpg
408,https://cdn.myanimelist.net/images/anime/7/80623.jpg
32696,https://cdn.myanimelist.net/images/anime/11/80009.jpg
551,https://cdn.myanimelist.net/images/anime/1433/96723.jpg
32648,https://cdn.myanimelist.net/images/anime/4/80752.jpg
15225,https://cdn.myanimelist.net/images/anime/3/75788.jpg
8074,https://cdn.myanimelist.net/images/anime/11/78311.jpg
6064,https://cdn.myanimelist.net/images/anime/12/13242.jpg
483,
10628,
1972,https://cdn.myanimelist.net/images/anime/4/75723.jpg
1288,https://cdn.myanimelist.net/images/anime/11/24151.jpg
2269,https://cdn.myanimelist.net/images/anime/1637/139348.jpg
601,https://cdn.myanimelist.net/images/anime/5/84241.jpg
465,https://cdn.myanimelist.net/images/anime/9/20927.jpg
1117,https://cdn.myanimelist.net/images/anime/11/41801.jpg
10862,
710,https://cdn.myanimelist.net/images/anime/1940/124243.jpg
10334,https://cdn.myanimelist.net/images/anime/13/28413.jpg
20709,https://cdn.myanimelist.net/images/anime/1278/98837.jpg
15793,https://cdn.myanimelist.net/images/anime/2/86630.jpg
21573,https://cdn.myanimelist.net/images/anime/9/86681.jpg
1815,https://cdn.myanimelist.net/images/anime/12/21513.jpg
15307,https://cdn.myanimelist.net/images/anime/6/42291.jpg
8098,https://cdn.myanimelist.net/images/anime/5/31163.jpg
198,https://cdn.myanimelist.net/images/anime/13/12343.jpg
23319,https://cdn.myanimelist.net/images/anime/10/67547.jpg
19251,https://cdn.myanimelist.net/images/anime/9/56553.jpg
9611,https://cdn.myanimelist.net/images/anime/1385/136247.jpg
50,https://cdn.myanimelist.net/images/anime/1976/99376.jpg
31771,https://cdn.myanimelist.net/images/anime/6/80810.jpg
2986,https://cdn.myanimelist.net/images/anime/1790/114537.jpg
3076,https://cdn.myanimelist.net/images/anime/9/4619.jpg
1373,https://cdn.myanimelist.net/images/anime/1879/120375.jpg
1614,https://cdn.myanimelist.net/images/anime/5/75526.jpg
15109,https://cdn.myanimelist.net/images/anime/10/73934.jpg
5684,https://cdn.myanimelist.net/images/anime/9/21267.jpg
908,https://cdn.myanimelist.net/images/anime/10/18689.jpg
505,https://cdn.myanimelist.net/images/anime/1193/133527.jpg
15863,https://cdn.myanimelist.net/images/anime/10/44594.jpg
246,https://cdn.myanimelist.net/images/anime/9/20134.jpg
18835,https://cdn.myanimelist.net/images/anime/11/50239.jpg
6574,https://cdn.myanimelist.net/images/anime/3/50395.jpg
5150,https://cdn.myanimelist.net/images/anime/1643/115475.jpg
30300,https://cdn.myanimelist.net/images/anime/8/73605.jpg
714,https://cdn.myanimelist.net/images/anime/1146/106160.jpg
2336,https://cdn.myanimelist.net/images/anime/11/60751.jpg
4312,https://cdn.myanimelist.net/images/anime/8/8122.jpg
13261,https://cdn.myanimelist.net/images/anime/1619/94705.jpg
2407,https://cdn.myanimelist.net/images/anime/1638/98558.jpg
519,https://cdn.myanimelist.net/images/anime/3/50903.jpg
330,https://cdn.myanimelist.net/images/anime/13/56961.jpg
6712,https://cdn.myanimelist.net/images/anime/3/16864.jpg
28299,
17875,https://cdn.myanimelist.net/images/anime/6/47627.jpg
3292,https://cdn.myanimelist.net/images/anime/13/42859.jpg
168,https://cdn.myanimelist.net/images/anime/1181/138453.jpg
573,https://cdn.myanimelist.net/images/anime/1754/97053.jpg
6153,https://cdn.myanimelist.net/images/anime/13/55471.jpg
1302,https://cdn.myanimelist.net/images/anime/1774/93957.jpg
5034,https://cdn.myanimelist.net/images/anime/1125/105989.jpg
1548,https://cdn.myanimelist.net/images/anime/11/66489.jpg
2555,https://cdn.myanimelist.net/images/anime/5/3273.jpg
33969,https://cdn.myanimelist.net/images/anime/1370/154637.jpg
565,https://cdn.myanimelist.net/images/anime/11/21278.jpg
27957,https://cdn.myanimelist.net/images/anime/10/71319.jpg
855,https://cdn.myanimelist.net/images/anime/1699/110686.jpg
5832,
4703,https://cdn.myanimelist.net/images/anime/1889/142444.jpg
33302,https://cdn.myanimelist.net/images/anime/9/82909.jpg
15911,https://cdn.myanimelist.net/images/anime/12/48747.jpg
764,https://cdn.myanimelist.net/images/anime/1159/133229.jpg
10479,https://cdn.myanimelist.net/images/anime/4/31637.jpg
8756,https://cdn.myanimelist.net/images/anime/6/46773.jpg
20787,https://cdn.myanimelist.net/images/anime/1292/94693.jpg
1450,https://cdn.myanimelist.net/images/anime/7/75820.jpg
10163,https://cdn.myanimelist.net/images/anime/5/50551.jpg
117,https://cdn.myanimelist.net/images/anime/1893/128632.jpg
1250,https://cdn.myanimelist.net/images/anime/2/79163.jpg
31389,https://cdn.myanimelist.net/images/anime/4/75684.jpg
653,https://cdn.myanimelist.net/images/anime/1456/106206.jpg
5521,https://cdn.myanimelist.net/images/anime/3/13634.jpg
191,https://cdn.myanimelist.net/images/anime/11/82467.jpg
14833,https://cdn.myanimelist.net/images/anime/4/46041.jpg
20221,https://cdn.myanimelist.net/images/anime/1053/151780.jpg
3655,https://cdn.myanimelist.net/images/anime/13/79037.jpg
6030,https://cdn.myanimelist.net/images/anime/2/23457.jpg
463,https://cdn.myanimelist.net/images/anime/2/25413.jpg
2107,https://cdn.myanimelist.net/images/anime/13/21760.jpg
1094,https://cdn.myanimelist.net/images/anime/6/20923.jpg
238,https://cdn.myanimelist.net/images/anime/1646/113504.jpg
18041,https://cdn.myanimelist.net/images/anime/10/52079.jpg
3256,https://cdn.myanimelist.net/images/anime/4/5264.jpg
17080,https://cdn.myanimelist.net/images/anime/5/68565.jpg
18277,https://cdn.myanimelist.net/images/anime/5/56163.jpg
30321,https://cdn.myanimelist.net/images/anime/12/77275.jpg
33558,https://cdn.myanimelist.net/images/anime/6/80723.jpg
13333,https://cdn.myanimelist.net/images/anime/10/83575.jpg
8022,https://cdn.myanimelist.net/images/anime/4/19573.jpg
27,https://cdn.myanimelist.net/images/anime/10/24649.jpg
3791,https://cdn.myanimelist.net/images/anime/1902/97393.jpg
11266,https://cdn.myanimelist.net/images/anime/11/73495.jpg
22433,https://cdn.myanimelist.net/images/anime/7/58635.jpg
485,https://cdn.myanimelist.net/images/anime/1515/151281.jpg
2512,https://cdn.myanimelist.net/images/anime/10/71317.jpg
2658,https://cdn.myanimelist.net/images/anime/12/72414.jpg
6930,https://cdn.myanimelist.net/images/anime/9/72434.jpg
6401,https://cdn.myanimelist.net/images/anime/6/25650.jpg
3568,https://cdn.myanimelist.net/images/anime/1867/132229.jpg
1441,https://cdn.myanimelist.net/images/anime/1694/120347.jpg
15699,https://cdn.myanimelist.net/images/anime/10/47533.jpg
30991,https://cdn.myanimelist.net/images/anime/7/76826.jpg
14753,https://cdn.myanimelist.net/images/anime/2/40175.jpg
13469,https://cdn.myanimelist.net/images/anime/6/50363.jpg
18295,https://cdn.myanimelist.net/images/anime/5/56573.jpg
3958,https://cdn.myanimelist.net/images/anime/3/19724.jpg
32574,https://cdn.myanimelist.net/images/anime/1595/126930.jpg
845,https://cdn.myanimelist.net/images/anime/1522/114250.jpg
32953,https://cdn.myanimelist.net/images/anime/3/79667.jpg
1090,https://cdn.myanimelist.net/images/anime/1915/128896.jpg
1722,https://cdn.myanimelist.net/images/anime/7/75254.jpg
2472,https://cdn.myanimelist.net/images/anime/1703/134493.jpg
4437,https://cdn.myanimelist.net/images/anime/1484/134494.jpg
1237,https://cdn.myanimelist.net/images/anime/6/20850.jpg
13659,https://cdn.myanimelist.net/images/anime/1325/100406.jpg
2141,https://cdn.myanimelist.net/images/anime/6/26088.jpg
108,https://cdn.myanimelist.net/images/anime/1304/140180.jpg
161,https://cdn.myanimelist.net/images/anime/10/77408.jpg
527,https://cdn.myanimelist.net/images/anime/1787/140239.jpg
2182,https://cdn.myanimelist.net/images/anime/1834/92929.jpg
13599,https://cdn.myanimelist.net/images/anime/10/42013.jpg
4664,https://cdn.myanimelist.net/images/anime/4/8997.jpg
32175,https://cdn.myanimelist.net/images/anime/5/79411.jpg
1171,https://cdn.myanimelist.net/images/anime/8/34993.jpg
6381,https://cdn.myanimelist.net/images/anime/13/25477.jpg
11793,https://cdn.myanimelist.net/images/anime/12/71632.jpg
4663,https://cdn.myanimelist.net/images/anime/13/57443.jpg
2113,https://cdn.myanimelist.net/images/anime/1989/92418.jpg
25157,https://cdn.myanimelist.net/images/anime/12/67795.jpg
2427,https://cdn.myanimelist.net/images/anime/1601/112164.jpg
7058,https://cdn.myanimelist.net/images/anime/1639/120408.jpg
28405,https://cdn.myanimelist.net/images/anime/12/68547.jpg
9544,https://cdn.myanimelist.net/images/anime/1923/142010.jpg
1983,https://cdn.myanimelist.net/images/anime/4/40303.jpg
2756,https://cdn.myanimelist.net/images/anime/1413/149293.jpg
5065,https://cdn.myanimelist.net/images/anime/7/9898.jpg
10444,https://cdn.myanimelist.net/images/anime/11/28688.jpg
332,https://cdn.myanimelist.net/images/anime/1153/134019.jpg
2677,https://cdn.myanimelist.net/images/anime/1220/134141.jpg
2661,https://cdn.myanimelist.net/images/anime/1060/133694.jpg
21681,https://cdn.myanimelist.net/images/anime/1963/90831.jpg
1030,https://cdn.myanimelist.net/images/anime/1962/138712.jpg
31989,https://cdn.myanimelist.net/images/anime/8/81156.jpg
3859,https://cdn.myanimelist.net/images/anime/1670/106318.jpg
10804,https://cdn.myanimelist.net/images/anime/8/29825.jpg
10805,https://cdn.myanimelist.net/images/anime/12/32297.jpg
10536,https://cdn.myanimelist.net/images/anime/1353/121755.jpg
22817,https://cdn.myanimelist.net/images/anime/7/61271.jpg
17259,https://cdn.myanimelist.net/images/anime/11/46071.jpg
335,https://cdn.myanimelist.net/images/anime/13/75300.jpg
738,https://cdn.myanimelist.net/images/anime/8/38383.jpg
2294,https://cdn.myanimelist.net/images/anime/1009/139349.jpg
443,https://cdn.myanimelist.net/images/anime/5/33671.jpg
20939,https://cdn.myanimelist.net/images/anime/1464/112501.jpg
12753,https://cdn.myanimelist.net/images/anime/11/39033.jpg
15651,https://cdn.myanimelist.net/images/anime/12/54099.jpg
1255,https://cdn.myanimelist.net/images/anime/11/52889.jpg
1259,https://cdn.myanimelist.net/images/anime/1373/156620.jpg
1381,https://cdn.myanimelist.net/images/anime/9/2753.jpg
867,https://cdn.myanimelist.net/images/anime/5/34991.jpg
869,https://cdn.myanimelist.net/images/anime/9/34997.jpg
2013,https://cdn.myanimelist.net/images/anime/1921/92313.jpg
5141,https://cdn.myanimelist.net/images/anime/6/22583.jpg
2683,https://cdn.myanimelist.net/images/anime/13/21754.jpg
3051,https://cdn.myanimelist.net/images/anime/1878/142472.jpg
5764,https://cdn.myanimelist.net/images/anime/6/12370.jpg
5525,https://cdn.myanimelist.net/images/anime/3/22605.jpg
49,https://cdn.myanimelist.net/images/anime/1566/152081.jpg
1292,https://cdn.myanimelist.net/images/anime/3/15874.jpg
3549,https://cdn.myanimelist.net/images/anime/9/50491.jpg
5578,https://cdn.myanimelist.net/images/anime/2/28783.jpg
10638,https://cdn.myanimelist.net/images/anime/3/36709.jpg
2654,https://cdn.myanimelist.net/images/anime/2/72427.jpg
2393,https://cdn.myanimelist.net/images/anime/1608/133751.jpg
12875,https://cdn.myanimelist.net/images/anime/1525/120263.jpg
287,https://cdn.myanimelist.net/images/anime/1782/128917.jpg
20689,https://cdn.myanimelist.net/images/anime/13/75653.jpg
27829,https://cdn.myanimelist.net/images/anime/13/75940.jpg
1410,https://cdn.myanimelist.net/images/anime/3/21721.jpg
953,https://cdn.myanimelist.net/images/anime/1355/115472.jpg
10298,https://cdn.myanimelist.net/images/anime/9/28329.jpg
147,https://cdn.myanimelist.net/images/anime/5/10227.jpg
16732,https://cdn.myanimelist.net/images/anime/1793/117610.jpg
844,https://cdn.myanimelist.net/images/anime/5/15308.jpg
6299,https://cdn.myanimelist.net/images/anime/12/14166.jpg
7761,https://cdn.myanimelist.net/images/anime/13/18805.jpg
3225,https://cdn.myanimelist.net/images/anime/10/73556.jpg
6288,https://cdn.myanimelist.net/images/anime/1828/117867.jpg
2926,https://cdn.myanimelist.net/images/anime/13/75247.jpg
272,https://cdn.myanimelist.net/images/anime/1054/96577.jpg
28683,https://cdn.myanimelist.net/images/anime/12/69239.jpg
326,https://cdn.myanimelist.net/images/anime/1293/152502.jpg
10711,https://cdn.myanimelist.net/images/anime/13/76583.jpg
2744,https://cdn.myanimelist.net/images/anime/7/25944.jpg
5753,https://cdn.myanimelist.net/images/anime/1567/142443.jpg
1329,https://cdn.myanimelist.net/images/anime/4/85355.jpg
2193,https://cdn.myanimelist.net/images/anime/5/67033.jpg
22273,https://cdn.myanimelist.net/images/anime/13/70147.jpg
868,https://cdn.myanimelist.net/images/anime/4/13097.jpg
5226,https://cdn.myanimelist.net/images/anime/8/13994.jpg
15077,https://cdn.myanimelist.net/images/anime/1962/112790.jpg
541,https://cdn.myanimelist.net/images/anime/8/31587.jpg
32174,https://cdn.myanimelist.net/images/anime/1335/150202.jpg
10834,https://cdn.myanimelist.net/images/anime/7/60855.jpg
5356,https://cdn.myanimelist.net/images/anime/4/75789.jpg
15611,https://cdn.myanimelist.net/images/anime/1229/125014.jpg
20479,https://cdn.myanimelist.net/images/anime/7/54393.jpg
2398,https://cdn.myanimelist.net/images/anime/2/82620.jpg
32410,https://cdn.myanimelist.net/images/anime/6/77773.jpg
3727,https://cdn.myanimelist.net/images/anime/4/72405.jpg
30694,https://cdn.myanimelist.net/images/anime/7/74606.jpg
12231,https://cdn.myanimelist.net/images/anime/1218/138480.jpg
1906,https://cdn.myanimelist.net/images/anime/3/72170.jpg
1206,https://cdn.myanimelist.net/images/anime/5/57331.jpg
940,https://cdn.myanimelist.net/images/anime/1405/110246.jpg
2808,https://cdn.myanimelist.net/images/anime/3/9131.jpg
4483,https://cdn.myanimelist.net/images/anime/10/50399.jpg
99,https://cdn.myanimelist.net/images/anime/2/46897.jpg
1196,https://cdn.myanimelist.net/images/anime/12/3537.jpg
16444,https://cdn.myanimelist.net/images/anime/6/52575.jpg
5597,https://cdn.myanimelist.net/images/anime/5/75256.jpg
12467,https://cdn.myanimelist.net/images/anime/3/75205.jpg
10928,https://cdn.myanimelist.net/images/anime/12/74014.jpg
4114,
1526,https://cdn.myanimelist.net/images/anime/6/79257.jpg
2111,https://cdn.myanimelist.net/images/anime/1426/135199.jpg
15963,https://cdn.myanimelist.net/images/anime/9/62845.jpg
4063,https://cdn.myanimelist.net/images/anime/10/15182.jpg
9355,https://cdn.myanimelist.net/images/anime/9/25948.jpg
9793,
6380,https://cdn.myanimelist.net/images/anime/3/14379.jpg
3089,
944,https://cdn.myanimelist.net/images/anime/12/75545.jpg
3457,https://cdn.myanimelist.net/images/anime/3/7327.jpg
935,https://cdn.myanimelist.net/images/anime/1/935.jpg
14951,https://cdn.myanimelist.net/images/anime/6/40809.jpg
92,https://cdn.myanimelist.net/images/anime/10/16054.jpg
713,https://cdn.myanimelist.net/images/anime/10/26507.jpg
3006,https://cdn.myanimelist.net/images/anime/8/50895.jpg
13931,
2675,https://cdn.myanimelist.net/images/anime/2/72422.jpg
2648,https://cdn.myanimelist.net/images/anime/1188/143378.jpg
4726,https://cdn.myanimelist.net/images/anime/9/75647.jpg
27525,https://cdn.myanimelist.net/images/anime/7/75297.jpg
664,https://cdn.myanimelist.net/images/anime/2/18690.jpg
3508,https://cdn.myanimelist.net/images/anime/1910/98828.jpg
6795,https://cdn.myanimelist.net/images/anime/11/18914.jpg
4639,https://cdn.myanimelist.net/images/anime/1908/146500.jpg
386,https://cdn.myanimelist.net/images/anime/1480/105967.jpg
1663,https://cdn.myanimelist.net/images/anime/9/80523.jpg
3335,https://cdn.myanimelist.net/images/anime/1235/128007.jpg
13271,https://cdn.myanimelist.net/images/anime/6/53073.jpg
6980,https://cdn.myanimelist.net/images/anime/11/17905.jpg
28623,https://cdn.myanimelist.net/images/anime/12/79164.jpg
8068,https://cdn.myanimelist.net/images/anime/11/70997.jpg
17247,https://cdn.myanimelist.net/images/anime/4/56141.jpg
30307,https://cdn.myanimelist.net/images/anime/9/75104.jpg
6512,https://cdn.myanimelist.net/images/anime/10/18299.jpg
8423,https://cdn.myanimelist.net/images/anime/9/22178.jpg
418,https://cdn.myanimelist.net/images/anime/13/76023.jpg
6713,https://cdn.myanimelist.net/images/anime/2/15423.jpg
2486,https://cdn.myanimelist.net/images/anime/1272/129752.jpg
1231,https://cdn.myanimelist.net/images/anime/1773/94167.jpg
16694,https://cdn.myanimelist.net/images/anime/12/44918.jpg
3861,https://cdn.myanimelist.net/images/anime/13/21688.jpg
536,https://cdn.myanimelist.net/images/anime/10/2644.jpg
1147,https://cdn.myanimelist.net/images/anime/9/23557.jpg
7861,https://cdn.myanimelist.net/images/anime/13/19137.jpg
807,https://cdn.myanimelist.net/images/anime/6/45953.jpg
306,https://cdn.myanimelist.net/images/anime/1350/113655.jpg
32977,https://cdn.myanimelist.net/images/anime/1080/152848.jpg
282,https://cdn.myanimelist.net/images/anime/1399/135545.jpg
11697,https://cdn.myanimelist.net/images/anime/6/73987.jpg
104,https://cdn.myanimelist.net/images/anime/1287/134408.jpg
24727,https://cdn.myanimelist.net/images/anime/8/63597.jpg
6948,https://cdn.myanimelist.net/images/anime/1169/121800.jpg
5675,https://cdn.myanimelist.net/images/anime/9/13680.jpg
1521,https://cdn.myanimelist.net/images/anime/1868/134318.jpg
8369,https://cdn.myanimelist.net/images/anime/11/83770.jpg
2597,https://cdn.myanimelist.net/images/anime/12/31145.jpg
1858,https://cdn.myanimelist.net/images/anime/13/4907.jpg
411,https://cdn.myanimelist.net/images/anime/3/25380.jpg
14645,https://cdn.myanimelist.net/images/anime/1701/129739.jpg
1374,https://cdn.myanimelist.net/images/anime/6/3697.jpg
1432,https://cdn.myanimelist.net/images/anime/1142/94365.jpg
3345,https://cdn.myanimelist.net/images/anime/9/29836.jpg
2152,https://cdn.myanimelist.net/images/anime/8/75790.jpg
7769,https://cdn.myanimelist.net/images/anime/9/75240.jpg
33190,https://cdn.myanimelist.net/images/anime/1705/143385.jpg
10448,https://cdn.myanimelist.net/images/anime/5/29062.jpg
10825,https://cdn.myanimelist.net/images/anime/1040/152995.jpg
4618,https://cdn.myanimelist.net/images/anime/1834/133855.jpg
10884,https://cdn.myanimelist.net/images/anime/8/75513.jpg
4015,https://cdn.myanimelist.net/images/anime/2/9553.jpg
4581,https://cdn.myanimelist.net/images/anime/1429/115664.jpg
152,https://cdn.myanimelist.net/images/anime/3/75582.jpg
75,https://cdn.myanimelist.net/images/anime/3/50365.jpg
341,https://cdn.myanimelist.net/images/anime/1771/92118.jpg
30344,https://cdn.myanimelist.net/images/anime/9/75120.jpg
3009,https://cdn.myanimelist.net/images/anime/8/71351.jpg
3088,https://cdn.myanimelist.net/images/anime/8/50455.jpg
712,
9117,https://cdn.myanimelist.net/images/anime/1892/121810.jpg
1278,https://cdn.myanimelist.net/images/anime/10/68371.jpg
1674,https://cdn.myanimelist.net/images/anime/1140/92113.jpg
6149,https://cdn.myanimelist.net/images/anime/1678/153148.jpg
2813,https://cdn.myanimelist.net/images/anime/1016/125157.jpg
3627,https://cdn.myanimelist.net/images/anime/9/75306.jpg
1369,https://cdn.myanimelist.net/images/anime/1699/108610.jpg
2515,https://cdn.myanimelist.net/images/anime/10/31143.jpg
1313,https://cdn.myanimelist.net/images/anime/8/20360.jpg
2670,https://cdn.myanimelist.net/images/anime/1577/133690.jpg
381,https://cdn.myanimelist.net/images/anime/1591/92444.jpg
654,https://cdn.myanimelist.net/images/anime/1512/146310.jpg
655,https://cdn.myanimelist.net/images/anime/9/75307.jpg
22013,https://cdn.myanimelist.net/images/anime/4/59175.jpg
3485,
32740,https://cdn.myanimelist.net/images/anime/4/80095.jpg
11077,https://cdn.myanimelist.net/images/anime/5/30667.jpg
31326,https://cdn.myanimelist.net/images/anime/5/75329.jpg
13357,https://cdn.myanimelist.net/images/anime/10/38449.jpg
10189,https://cdn.myanimelist.net/images/anime/1142/122815.jpg
15735,https://cdn.myanimelist.net/images/anime/3/43073.jpg
8134,https://cdn.myanimelist.net/images/anime/1526/98562.jpg
21863,https://cdn.myanimelist.net/images/anime/11/62219.jpg
24475,https://cdn.myanimelist.net/images/anime/9/63827.jpg
2734,https://cdn.myanimelist.net/images/anime/5/51795.jpg
1969,https://cdn.myanimelist.net/images/anime/1/1969.jpg
8857,https://cdn.myanimelist.net/images/anime/6/25521.jpg
2020,https://cdn.myanimelist.net/images/anime/1888/146083.jpg
9888,https://cdn.myanimelist.net/images/anime/7/27364.jpg
4028,https://cdn.myanimelist.net/images/anime/7/20940.jpg
1965,https://cdn.myanimelist.net/images/anime/7/46119.jpg
8934,
19021,https://cdn.myanimelist.net/images/anime/2/56167.jpg
10321,https://cdn.myanimelist.net/images/anime/6/30248.jpg
31178,https://cdn.myanimelist.net/images/anime/4/79194.jpg
20359,https://cdn.myanimelist.net/images/anime/8/58865.jpg
975,https://cdn.myanimelist.net/images/anime/1167/150175.jpg
9332,https://cdn.myanimelist.net/images/anime/1894/148837.jpg
1347,https://cdn.myanimelist.net/images/anime/5/27361.jpg
12293,https://cdn.myanimelist.net/images/anime/13/75662.jpg
3087,https://cdn.myanimelist.net/images/anime/1732/96096.jpg
2383,https://cdn.myanimelist.net/images/anime/5/74732.jpg
1678,https://cdn.myanimelist.net/images/anime/5/21620.jpg
17917,https://cdn.myanimelist.net/images/anime/1574/94701.jpg
902,https://cdn.myanimelist.net/images/anime/1730/93672.jpg
23539,https://cdn.myanimelist.net/images/anime/10/79996.jpg
16700,https://cdn.myanimelist.net/images/anime/12/51063.jpg
14765,https://cdn.myanimelist.net/images/anime/8/42863.jpg
16035,https://cdn.myanimelist.net/images/anime/8/46639.jpg
31780,https://cdn.myanimelist.net/images/anime/4/76534.jpg
15379,https://cdn.myanimelist.net/images/anime/10/75585.jpg
32871,https://cdn.myanimelist.net/images/anime/7/80729.jpg
3577,https://cdn.myanimelist.net/images/anime/1936/155532.jpg
1013,https://cdn.myanimelist.net/images/anime/8/74930.jpg
190,https://cdn.myanimelist.net/images/anime/3/10289.jpg
963,https://cdn.myanimelist.net/images/anime/10/82631.jpg
1609,https://cdn.myanimelist.net/images/anime/8/7222.jpg
4056,https://cdn.myanimelist.net/images/anime/2/74001.jpg
8424,https://cdn.myanimelist.net/images/anime/8/85871.jpg
94,https://cdn.myanimelist.net/images/anime/1700/91080.jpg
13585,https://cdn.myanimelist.net/images/anime/11/38181.jpg
16143,https://cdn.myanimelist.net/images/anime/13/45414.jpg
31918,https://cdn.myanimelist.net/images/anime/10/77545.jpg
9893,https://cdn.myanimelist.net/images/anime/3/32129.jpg
16868,https://cdn.myanimelist.net/images/anime/13/53861.jpg
6758,https://cdn.myanimelist.net/images/anime/13/22769.jpg
415,https://cdn.myanimelist.net/images/anime/6/64545.jpg
7,https://cdn.myanimelist.net/images/anime/10/19969.jpg
976,https://cdn.myanimelist.net/images/anime/6/23055.jpg
7745,https://cdn.myanimelist.net/images/anime/9/25283.jpg
30870,https://cdn.myanimelist.net/images/anime/5/85580.jpg
17901,https://cdn.myanimelist.net/images/anime/6/47703.jpg
9925,https://cdn.myanimelist.net/images/anime/1953/127576.jpg
30206,https://cdn.myanimelist.net/images/anime/11/74772.jpg
2116,https://cdn.myanimelist.net/images/anime/1655/156681.jpg
1723,https://cdn.myanimelist.net/images/anime/13/75650.jpg
61,https://cdn.myanimelist.net/images/anime/1126/98904.jpg
31163,https://cdn.myanimelist.net/images/anime/8/86304.jpg
3230,https://cdn.myanimelist.net/images/anime/5/75646.jpg
2484,https://cdn.myanimelist.net/images/anime/1665/154597.jpg
19951,https://cdn.myanimelist.net/images/anime/10/62337.jpg
2544,https://cdn.myanimelist.net/images/anime/1191/98626.jpg
3229,https://cdn.myanimelist.net/images/anime/5/21532.jpg
3245,https://cdn.myanimelist.net/images/anime/1766/121287.jpg
3272,https://cdn.myanimelist.net/images/anime/5/5182.jpg
1516,https://cdn.myanimelist.net/images/anime/1089/116598.jpg
32245,https://cdn.myanimelist.net/images/anime/12/82281.jpg
11777,https://cdn.myanimelist.net/images/anime/1276/134263.jpg
1967,https://cdn.myanimelist.net/images/anime/7/36701.jpg
3467,https://cdn.myanimelist.net/images/anime/11/56965.jpg
16468,https://cdn.myanimelist.net/images/anime/7/85476.jpg
2385,https://cdn.myanimelist.net/images/anime/1691/140427.jpg
195,https://cdn.myanimelist.net/images/anime/1371/138517.jpg
3887,https://cdn.myanimelist.net/images/anime/1468/154328.jpg
30714,https://cdn.myanimelist.net/images/anime/6/76505.jpg
13073,https://cdn.myanimelist.net/images/anime/12/36739.jpg
21073,https://cdn.myanimelist.net/images/anime/6/55661.jpg
25647,https://cdn.myanimelist.net/images/anime/3/65183.jpg
13055,https://cdn.myanimelist.net/images/anime/4/79032.jpg
24029,https://cdn.myanimelist.net/images/anime/12/62889.jpg
28621,https://cdn.myanimelist.net/images/anime/9/76071.jpg
9241,https://cdn.myanimelist.net/images/anime/11/44239.jpg
390,https://cdn.myanimelist.net/images/anime/9/33579.jpg
21881,https://cdn.myanimelist.net/images/anime/1223/121999.jpg
16417,https://cdn.myanimelist.net/images/anime/1669/122434.jpg
2500,
30901,https://cdn.myanimelist.net/images/anime/8/75968.jpg
13677,https://cdn.myanimelist.net/images/anime/1884/151216.jpg
9120,https://cdn.myanimelist.net/images/anime/7/26349.jpg
8915,https://cdn.myanimelist.net/images/anime/2/52683.jpg
2803,https://cdn.myanimelist.net/images/anime/1206/105983.jpg
6988,https://cdn.myanimelist.net/images/anime/9/72435.jpg
376,https://cdn.myanimelist.net/images/anime/1936/121639.jpg
1126,https://cdn.myanimelist.net/images/anime/1862/133787.jpg
1524,https://cdn.myanimelist.net/images/anime/4/50349.jpg
21635,https://cdn.myanimelist.net/images/anime/4/60319.jpg
5658,https://cdn.myanimelist.net/images/anime/1505/127976.jpg
27945,https://cdn.myanimelist.net/images/anime/4/67735.jpg
958,https://cdn.myanimelist.net/images/anime/10/76288.jpg
4550,https://cdn.myanimelist.net/images/anime/1606/137514.jpg
25159,https://cdn.myanimelist.net/images/anime/8/67047.jpg
3223,https://cdn.myanimelist.net/images/anime/11/56967.jpg
634,https://cdn.myanimelist.net/images/anime/9/61441.jpg
33074,https://cdn.myanimelist.net/images/anime/10/79629.jpg
1437,https://cdn.myanimelist.net/images/anime/1880/105808.jpg
28013,https://cdn.myanimelist.net/images/anime/5/79376.jpg
2736,https://cdn.myanimelist.net/images/anime/13/75211.jpg
11033,https://cdn.myanimelist.net/images/anime/8/30959.jpg
19653,https://cdn.myanimelist.net/images/anime/11/56827.jpg
9999,https://cdn.myanimelist.net/images/anime/4/32455.jpg
8171,https://cdn.myanimelist.net/images/anime/9/20706.jpg
2386,https://cdn.myanimelist.net/images/anime/1065/145480.jpg
107,https://cdn.myanimelist.net/images/anime/1961/92115.jpg
2847,https://cdn.myanimelist.net/images/anime/1119/94419.jpg
2361,https://cdn.myanimelist.net/images/anime/13/24921.jpg
28495,https://cdn.myanimelist.net/images/anime/6/69369.jpg
173,https://cdn.myanimelist.net/images/anime/8/37549.jpg
1303,https://cdn.myanimelist.net/images/anime/3/75870.jpg
3455,https://cdn.myanimelist.net/images/anime/1292/147431.jpg
4896,https://cdn.myanimelist.net/images/anime/10/17709.jpg
883,https://cdn.myanimelist.net/images/anime/11/14592.jpg
1901,https://cdn.myanimelist.net/images/anime/1771/96658.jpg
32323,https://cdn.myanimelist.net/images/anime/6/78011.jpg
12669,https://cdn.myanimelist.net/images/anime/12/56023.jpg
31754,https://cdn.myanimelist.net/images/anime/8/76478.jpg
1205,https://cdn.myanimelist.net/images/anime/1/2291.jpg
10681,https://cdn.myanimelist.net/images/anime/1159/94216.jpg
24469,https://cdn.myanimelist.net/images/anime/3/67521.jpg
24429,https://cdn.myanimelist.net/images/anime/6/68981.jpg
9379,https://cdn.myanimelist.net/images/anime/1799/114806.jpg
2667,https://cdn.myanimelist.net/images/anime/13/72409.jpg
2666,https://cdn.myanimelist.net/images/anime/8/72415.jpg
2655,https://cdn.myanimelist.net/images/anime/13/72428.jpg
893,https://cdn.myanimelist.net/images/anime/1497/93677.jpg
1299,https://cdn.myanimelist.net/images/anime/1571/155237.jpg
29325,https://cdn.myanimelist.net/images/anime/5/72037.jpg
24231,https://cdn.myanimelist.net/images/anime/3/67797.jpg
15785,https://cdn.myanimelist.net/images/anime/3/60753.jpg
469,https://cdn.myanimelist.net/images/anime/9/79205.jpg
3222,https://cdn.myanimelist.net/images/anime/2/56969.jpg
11313,https://cdn.myanimelist.net/images/anime/1199/130974.jpg
5042,https://cdn.myanimelist.net/images/anime/1966/121554.jpg
837,https://cdn.myanimelist.net/images/anime/6/42631.jpg
1422,https://cdn.myanimelist.net/images/anime/1555/134189.jpg
5084,https://cdn.myanimelist.net/images/anime/1419/103272.jpg
7261,https://cdn.myanimelist.net/images/anime/5/63601.jpg
5351,https://cdn.myanimelist.net/images/anime/11/54435.jpg
2948,https://cdn.myanimelist.net/images/anime/7/27121.jpg
4879,https://cdn.myanimelist.net/images/anime/10/75492.jpg
1168,https://cdn.myanimelist.net/images/anime/5/30471.jpg
20877,https://cdn.myanimelist.net/images/anime/7/55555.jpg
460,https://cdn.myanimelist.net/images/anime/1939/97699.jpg
11019,https://cdn.myanimelist.net/images/anime/3/30561.jpg
1846,https://cdn.myanimelist.net/images/anime/5/64743.jpg
22865,https://cdn.myanimelist.net/images/anime/2/62655.jpg
21561,https://cdn.myanimelist.net/images/anime/3/60475.jpg
3067,https://cdn.myanimelist.net/images/anime/1335/132347.jpg
3956,https://cdn.myanimelist.net/images/anime/8/18687.jpg
100,https://cdn.myanimelist.net/images/anime/9/11709.jpg
5504,https://cdn.myanimelist.net/images/anime/1550/95575.jpg
12191,https://cdn.myanimelist.net/images/anime/12/76179.jpg
1652,https://cdn.myanimelist.net/images/anime/11/83046.jpg
180,https://cdn.myanimelist.net/images/anime/5/75446.jpg
3269,https://cdn.myanimelist.net/images/anime/1566/151023.jpg
11375,https://cdn.myanimelist.net/images/anime/2/35633.jpg
13939,https://cdn.myanimelist.net/images/anime/1451/127575.jpg
10447,https://cdn.myanimelist.net/images/anime/6/72743.jpg
2920,https://cdn.myanimelist.net/images/anime/7/51837.jpg
15711,
15687,https://cdn.myanimelist.net/images/anime/5/42655.jpg
1683,https://cdn.myanimelist.net/images/anime/1846/133810.jpg
11783,https://cdn.myanimelist.net/images/anime/1153/154995.jpg
2671,https://cdn.myanimelist.net/images/anime/1353/134140.jpg
2030,https://cdn.myanimelist.net/images/anime/1446/98891.jpg
1886,https://cdn.myanimelist.net/images/anime/1230/133528.jpg
31737,https://cdn.myanimelist.net/images/anime/11/79107.jpg
32071,https://cdn.myanimelist.net/images/anime/7/81255.jpg
3734,https://cdn.myanimelist.net/images/anime/1788/97618.jpg
2899,https://cdn.myanimelist.net/images/anime/1492/118476.jpg
10507,https://cdn.myanimelist.net/images/anime/2/48959.jpg
16774,https://cdn.myanimelist.net/images/anime/2/47037.jpg
28387,https://cdn.myanimelist.net/images/anime/11/82559.jpg
21563,https://cdn.myanimelist.net/images/anime/12/60703.jpg
52,https://cdn.myanimelist.net/images/anime/1192/113699.jpg
4195,https://cdn.myanimelist.net/images/anime/1921/154783.jpg
6163,https://cdn.myanimelist.net/images/anime/1056/152890.jpg
6016,https://cdn.myanimelist.net/images/anime/7/13102.jpg
3247,https://cdn.myanimelist.net/images/anime/10/82633.jpg
1416,https://cdn.myanimelist.net/images/anime/1408/94363.jpg
12637,
13093,https://cdn.myanimelist.net/images/anime/1466/126659.jpg
351,https://cdn.myanimelist.net/images/anime/1215/121240.jpg
12001,https://cdn.myanimelist.net/images/anime/4/33839.jpg
14749,https://cdn.myanimelist.net/images/anime/13/44187.jpg
9981,https://cdn.myanimelist.net/images/anime/12/34045.jpg
1120,https://cdn.myanimelist.net/images/anime/2/21317.jpg
1191,https://cdn.myanimelist.net/images/anime/9/61135.jpg
1124,https://cdn.myanimelist.net/images/anime/12/61103.jpg
6581,https://cdn.myanimelist.net/images/anime/6/25451.jpg
866,https://cdn.myanimelist.net/images/anime/2/20969.jpg
2583,https://cdn.myanimelist.net/images/anime/8/24536.jpg
10232,https://cdn.myanimelist.net/images/anime/13/45368.jpg
14835,https://cdn.myanimelist.net/images/anime/12/43475.jpg
30740,https://cdn.myanimelist.net/images/anime/3/76125.jpg
18441,
33929,https://cdn.myanimelist.net/images/anime/1812/111684.jpg
2513,https://cdn.myanimelist.net/images/anime/13/72319.jpg
27825,https://cdn.myanimelist.net/images/anime/1356/112373.jpg
3218,https://cdn.myanimelist.net/images/anime/10/67873.jpg
1335,https://cdn.myanimelist.net/images/anime/12/4166.jpg
915,https://cdn.myanimelist.net/images/anime/5/74037.jpg
2987,https://cdn.myanimelist.net/images/anime/7/73992.jpg
15617,https://cdn.myanimelist.net/images/anime/12/63069.jpg
3010,https://cdn.myanimelist.net/images/anime/4/10294.jpg
16668,https://cdn.myanimelist.net/images/anime/3/49251.jpg
274,https://cdn.myanimelist.net/images/anime/3/73995.jpg
192,https://cdn.myanimelist.net/images/anime/12/82632.jpg
1429,https://cdn.myanimelist.net/images/anime/12/27610.jpg
333,https://cdn.myanimelist.net/images/anime/12/87408.jpg
3437,https://cdn.myanimelist.net/images/anime/3/76433.jpg
6999,
1835,https://cdn.myanimelist.net/images/anime/3/26600.jpg
529,https://cdn.myanimelist.net/images/anime/1/529.jpg
3186,https://cdn.myanimelist.net/images/anime/1525/97099.jpg
79,https://cdn.myanimelist.net/images/anime/1290/133860.jpg
3594,https://cdn.myanimelist.net/images/anime/6/18547.jpg
1860,https://cdn.myanimelist.net/images/anime/1894/113730.jpg
201,https://cdn.myanimelist.net/images/anime/2/22130.jpg
3322,https://cdn.myanimelist.net/images/anime/10/21249.jpg
3043,https://cdn.myanimelist.net/images/anime/1018/156449.jpg
2333,https://cdn.myanimelist.net/images/anime/3/61981.jpg
6901,https://cdn.myanimelist.net/images/anime/1029/132256.jpg
12651,https://cdn.myanimelist.net/images/anime/4/56963.jpg
2748,
6198,https://cdn.myanimelist.net/images/anime/1982/111465.jpg
12623,https://cdn.myanimelist.net/images/anime/10/35355.jpg
3231,https://cdn.myanimelist.net/images/anime/5/16697.jpg
3298,https://cdn.myanimelist.net/images/anime/1783/98630.jpg
1774,https://cdn.myanimelist.net/images/anime/5/56995.jpg
31500,https://cdn.myanimelist.net/images/anime/9/79670.jpg
1358,https://cdn.myanimelist.net/images/anime/2/25067.jpg
2745,
20505,
12175,https://cdn.myanimelist.net/images/anime/4/42015.jpg
4903,https://cdn.myanimelist.net/images/anime/5/21096.jpg
277,https://cdn.myanimelist.net/images/anime/1367/98136.jpg
1017,https://cdn.myanimelist.net/images/anime/13/61839.jpg
10397,https://cdn.myanimelist.net/images/anime/9/39303.jpg
16442,https://cdn.myanimelist.net/images/anime/1572/142417.jpg
1847,
16051,https://cdn.myanimelist.net/images/anime/8/50697.jpg
34085,https://cdn.myanimelist.net/images/anime/9/82037.jpg
31280,https://cdn.myanimelist.net/images/anime/3/83118.jpg
3000,https://cdn.myanimelist.net/images/anime/4/21616.jpg
11341,https://cdn.myanimelist.net/images/anime/2/35372.jpg
6169,https://cdn.myanimelist.net/images/anime/1562/142658.jpg
178,https://cdn.myanimelist.net/images/anime/8/53571.jpg
1920,https://cdn.myanimelist.net/images/anime/1034/134474.jpg
1932,https://cdn.myanimelist.net/images/anime/4/7535.jpg
23447,https://cdn.myanimelist.net/images/anime/13/63493.jpg
30205,https://cdn.myanimelist.net/images/anime/4/76271.jpg
6164,https://cdn.myanimelist.net/images/anime/3/80255.jpg
1736,https://cdn.myanimelist.net/images/anime/1040/125857.jpg
2589,https://cdn.myanimelist.net/images/anime/5/22527.jpg
4071,https://cdn.myanimelist.net/images/anime/2/7416.jpg
12079,https://cdn.myanimelist.net/images/anime/12/54331.jpg
526,https://cdn.myanimelist.net/images/anime/5/25035.jpg
21437,https://cdn.myanimelist.net/images/anime/12/57303.jpg
6460,https://cdn.myanimelist.net/images/anime/3/22021.jpg
5216,https://cdn.myanimelist.net/images/anime/2/25445.jpg
7081,https://cdn.myanimelist.net/images/anime/1937/94703.jpg
2123,https://cdn.myanimelist.net/images/anime/6/30284.jpg
2668,
1931,https://cdn.myanimelist.net/images/anime/1480/142445.jpg
652,https://cdn.myanimelist.net/images/anime/1747/106205.jpg
395,https://cdn.myanimelist.net/images/anime/10/23247.jpg
1490,https://cdn.myanimelist.net/images/anime/6/39821.jpg
8120,
5041,https://cdn.myanimelist.net/images/anime/4/75553.jpg
1371,https://cdn.myanimelist.net/images/anime/6/3622.jpg
1116,https://cdn.myanimelist.net/images/anime/1343/100456.jpg
26441,https://cdn.myanimelist.net/images/anime/1940/98844.jpg
6954,https://cdn.myanimelist.net/images/anime/6/78756.jpg
1556,https://cdn.myanimelist.net/images/anime/8/50391.jpg
5079,https://cdn.myanimelist.net/images/anime/12/78669.jpg
10456,https://cdn.myanimelist.net/images/anime/6/79598.jpg
1413,https://cdn.myanimelist.net/images/anime/1899/134187.jpg
276,https://cdn.myanimelist.net/images/anime/13/23051.jpg
352,https://cdn.myanimelist.net/images/anime/5/36629.jpg
6023,https://cdn.myanimelist.net/images/anime/10/74013.jpg
2947,https://cdn.myanimelist.net/images/anime/8/40405.jpg
2108,https://cdn.myanimelist.net/images/anime/1409/133686.jpg
1362,https://cdn.myanimelist.net/images/anime/1579/154835.jpg
1731,https://cdn.myanimelist.net/images/anime/3/77063.jpg
3593,https://cdn.myanimelist.net/images/anime/2/46847.jpg
16742,https://cdn.myanimelist.net/images/anime/12/51619.jpg
3692,https://cdn.myanimelist.net/images/anime/1149/90381.jpg
550,https://cdn.myanimelist.net/images/anime/4/47487.jpg
8894,https://cdn.myanimelist.net/images/anime/4/64869.jpg
19759,https://cdn.myanimelist.net/images/anime/8/52773.jpg
1498,https://cdn.myanimelist.net/images/anime/5/13804.jpg
30711,https://cdn.myanimelist.net/images/anime/2/77640.jpg
974,https://cdn.myanimelist.net/images/anime/1827/112657.jpg
24031,https://cdn.myanimelist.net/images/anime/13/68705.jpg
2222,https://cdn.myanimelist.net/images/anime/9/38381.jpg
14829,https://cdn.myanimelist.net/images/anime/1773/121542.jpg
19159,https://cdn.myanimelist.net/images/anime/12/57145.jpg
1140,https://cdn.myanimelist.net/images/anime/9/83824.jpg
6463,https://cdn.myanimelist.net/images/anime/1587/139423.jpg
20457,https://cdn.myanimelist.net/images/anime/8/64897.jpg
34178,https://cdn.myanimelist.net/images/anime/1956/104383.jpg
2542,https://cdn.myanimelist.net/images/anime/1271/92965.jpg
189,https://cdn.myanimelist.net/images/anime/1153/99366.jpg
1414,https://cdn.myanimelist.net/images/anime/10/27604.jpg
24455,https://cdn.myanimelist.net/images/anime/3/64911.jpg
2834,https://cdn.myanimelist.net/images/anime/11/21213.jpg
4134,https://cdn.myanimelist.net/images/anime/5/51895.jpg
3111,https://cdn.myanimelist.net/images/anime/1340/133561.jpg
14293,https://cdn.myanimelist.net/images/anime/2/43807.jpg
613,https://cdn.myanimelist.net/images/anime/1971/100952.jpg
12673,https://cdn.myanimelist.net/images/anime/12/78213.jpg
8133,https://cdn.myanimelist.net/images/anime/1399/142441.jpg
28215,https://cdn.myanimelist.net/images/anime/1052/122018.jpg
23987,
1108,https://cdn.myanimelist.net/images/anime/1004/94169.jpg
1080,https://cdn.myanimelist.net/images/anime/7/32707.jpg
1531,https://cdn.myanimelist.net/images/anime/1710/120194.jpg
4382,https://cdn.myanimelist.net/images/anime/8/75377.jpg
2747,https://cdn.myanimelist.net/images/anime/10/79582.jpg
12695,https://cdn.myanimelist.net/images/anime/2/38305.jpg
5397,https://cdn.myanimelist.net/images/anime/6/15659.jpg
6951,https://cdn.myanimelist.net/images/anime/3/30085.jpg
5196,https://cdn.myanimelist.net/images/anime/13/36237.jpg
369,https://cdn.myanimelist.net/images/anime/1327/95777.jpg
2036,https://cdn.myanimelist.net/images/anime/1710/95290.jpg
1352,https://cdn.myanimelist.net/images/anime/8/58763.jpg
34349,https://cdn.myanimelist.net/images/anime/12/83218.jpg
2657,https://cdn.myanimelist.net/images/anime/1415/133671.jpg
10842,
1845,https://cdn.myanimelist.net/images/anime/13/74215.jpg
384,https://cdn.myanimelist.net/images/anime/13/5998.jpg
2400,https://cdn.myanimelist.net/images/anime/1630/94116.jpg
650,https://cdn.myanimelist.net/images/anime/1461/152457.jpg
18713,https://cdn.myanimelist.net/images/anime/10/50123.jpg
990,https://cdn.myanimelist.net/images/anime/6/2566.jpg
144,https://cdn.myanimelist.net/images/anime/1552/128388.jpg
1145,https://cdn.myanimelist.net/images/anime/2/67573.jpg
1086,https://cdn.myanimelist.net/images/anime/9/74046.jpg
3670,https://cdn.myanimelist.net/images/anime/1252/122672.jpg
10152,https://cdn.myanimelist.net/images/anime/1598/121757.jpg
4198,https://cdn.myanimelist.net/images/anime/1467/92724.jpg
17819,https://cdn.myanimelist.net/images/anime/4/51881.jpg
279,https://cdn.myanimelist.net/images/anime/2/30681.jpg
5019,https://cdn.myanimelist.net/images/anime/1260/152955.jpg
1968,https://cdn.myanimelist.net/images/anime/1183/94730.jpg
1941,https://cdn.myanimelist.net/images/anime/1543/134894.jpg
10686,https://cdn.myanimelist.net/images/anime/9/30813.jpg
31645,https://cdn.myanimelist.net/images/anime/13/81869.jpg
2283,https://cdn.myanimelist.net/images/anime/1596/103314.jpg
1236,https://cdn.myanimelist.net/images/anime/8/45698.jpg
5702,https://cdn.myanimelist.net/images/anime/1221/118907.jpg
4162,
1144,https://cdn.myanimelist.net/images/anime/6/61773.jpg
4705,https://cdn.myanimelist.net/images/anime/5/10986.jpg
22689,https://cdn.myanimelist.net/images/anime/1149/97842.jpg
16866,https://cdn.myanimelist.net/images/anime/8/53925.jpg
17699,https://cdn.myanimelist.net/images/anime/6/47417.jpg
6567,https://cdn.myanimelist.net/images/anime/13/38671.jpg
3738,https://cdn.myanimelist.net/images/anime/5/15661.jpg
30845,https://cdn.myanimelist.net/images/anime/6/74230.jpg
2225,https://cdn.myanimelist.net/images/anime/1338/110897.jpg
10647,https://cdn.myanimelist.net/images/anime/11/38149.jpg
2825,https://cdn.myanimelist.net/images/anime/1061/156474.jpg
31298,https://cdn.myanimelist.net/images/anime/11/75276.jpg
9645,https://cdn.myanimelist.net/images/anime/1667/98768.jpg
31417,https://cdn.myanimelist.net/images/anime/13/79937.jpg
8359,https://cdn.myanimelist.net/images/anime/1429/94854.jpg
2659,https://cdn.myanimelist.net/images/anime/4/72419.jpg
4798,
6361,https://cdn.myanimelist.net/images/anime/13/26046.jpg
13183,https://cdn.myanimelist.net/images/anime/1629/122105.jpg
380,https://cdn.myanimelist.net/images/anime/1171/92443.jpg
243,https://cdn.myanimelist.net/images/anime/4/21856.jpg
1016,https://cdn.myanimelist.net/images/anime/11/41257.jpg
3299,https://cdn.myanimelist.net/images/anime/1762/133884.jpg
9958,https://cdn.myanimelist.net/images/anime/13/29542.jpg
23153,
3946,https://cdn.myanimelist.net/images/anime/1398/112401.jpg
2602,https://cdn.myanimelist.net/images/anime/7/73477.jpg
5717,https://cdn.myanimelist.net/images/anime/8/13179.jpg
31610,https://cdn.myanimelist.net/images/anime/7/79665.jpg
631,https://cdn.myanimelist.net/images/anime/1830/134573.jpg
629,https://cdn.myanimelist.net/images/anime/10/22077.jpg
14817,https://cdn.myanimelist.net/images/anime/3/58361.jpg
12979,https://cdn.myanimelist.net/images/anime/13/36475.jpg
19511,https://cdn.myanimelist.net/images/anime/1047/91638.jpg
4191,https://cdn.myanimelist.net/images/anime/1612/97224.jpg
15649,https://cdn.myanimelist.net/images/anime/6/44680.jpg
2110,https://cdn.myanimelist.net/images/anime/1358/98824.jpg
22859,https://cdn.myanimelist.net/images/anime/8/59343.jpg
33004,https://cdn.myanimelist.net/images/anime/3/79178.jpg
3044,https://cdn.myanimelist.net/images/anime/1967/129099.jpg
2816,https://cdn.myanimelist.net/images/anime/11/79101.jpg
732,https://cdn.myanimelist.net/images/anime/1825/137673.jpg
394,https://cdn.myanimelist.net/images/anime/10/71425.jpg
14027,https://cdn.myanimelist.net/images/anime/3/39215.jpg
9539,https://cdn.myanimelist.net/images/anime/1856/113654.jpg
5163,https://cdn.myanimelist.net/images/anime/11/14894.jpg
1132,https://cdn.myanimelist.net/images/anime/1048/117727.jpg
2662,https://cdn.myanimelist.net/images/anime/8/72406.jpg
2664,https://cdn.myanimelist.net/images/anime/2/72424.jpg
5760,https://cdn.myanimelist.net/images/anime/8/12061.jpg
4246,https://cdn.myanimelist.net/images/anime/8/12896.jpg
1534,https://cdn.myanimelist.net/images/anime/3/7534.jpg
12419,https://cdn.myanimelist.net/images/anime/3/34931.jpg
13161,https://cdn.myanimelist.net/images/anime/9/74047.jpg
11785,https://cdn.myanimelist.net/images/anime/6/49081.jpg
2264,https://cdn.myanimelist.net/images/anime/1367/99917.jpg
28869,https://cdn.myanimelist.net/images/anime/9/72812.jpg
16033,https://cdn.myanimelist.net/images/anime/4/43467.jpg
2048,https://cdn.myanimelist.net/images/anime/4/23503.jpg
15359,https://cdn.myanimelist.net/images/anime/12/41893.jpg
206,https://cdn.myanimelist.net/images/anime/1065/92495.jpg
1417,https://cdn.myanimelist.net/images/anime/9/77771.jpg
30014,https://cdn.myanimelist.net/images/anime/8/76056.jpg
13409,https://cdn.myanimelist.net/images/anime/11/39775.jpg
3305,https://cdn.myanimelist.net/images/anime/1975/93952.jpg
1732,https://cdn.myanimelist.net/images/anime/8/23631.jpg
459,https://cdn.myanimelist.net/images/anime/1770/97704.jpg
1493,https://cdn.myanimelist.net/images/anime/3/72859.jpg
1538,https://cdn.myanimelist.net/images/anime/8/75181.jpg
23043,https://cdn.myanimelist.net/images/anime/3/60643.jpg
2543,https://cdn.myanimelist.net/images/anime/1050/147718.jpg
2109,
3868,https://cdn.myanimelist.net/images/anime/11/26204.jpg
22359,https://cdn.myanimelist.net/images/anime/11/68125.jpg
12823,https://cdn.myanimelist.net/images/anime/11/36063.jpg
3221,https://cdn.myanimelist.net/images/anime/11/17218.jpg
1823,https://cdn.myanimelist.net/images/anime/10/49801.jpg
19211,https://cdn.myanimelist.net/images/anime/8/51509.jpg
8909,https://cdn.myanimelist.net/images/anime/4/60787.jpg
1133,https://cdn.myanimelist.net/images/anime/2/20295.jpg
6548,https://cdn.myanimelist.net/images/anime/9/24977.jpg
53,https://cdn.myanimelist.net/images/anime/1311/154076.jpg
7059,https://cdn.myanimelist.net/images/anime/6/22417.jpg
31145,https://cdn.myanimelist.net/images/anime/11/74820.jpg
1778,https://cdn.myanimelist.net/images/anime/1/1778.jpg
12879,https://cdn.myanimelist.net/images/anime/1315/150216.jpg
898,https://cdn.myanimelist.net/images/anime/1113/121523.jpg
6151,https://cdn.myanimelist.net/images/anime/12/51623.jpg
1179,https://cdn.myanimelist.net/images/anime/10/75379.jpg
3219,
6610,https://cdn.myanimelist.net/images/anime/9/87056.jpg
3270,https://cdn.myanimelist.net/images/anime/9/5176.jpg
3421,https://cdn.myanimelist.net/images/anime/1461/105879.jpg
911,https://cdn.myanimelist.net/images/anime/1459/95423.jpg
25143,https://cdn.myanimelist.net/images/anime/5/67151.jpg
690,https://cdn.myanimelist.net/images/anime/1427/134363.jpg
1164,https://cdn.myanimelist.net/images/anime/1226/137581.jpg
872,https://cdn.myanimelist.net/images/anime/1934/140911.jpg
17717,https://cdn.myanimelist.net/images/anime/6/47409.jpg
8917,https://cdn.myanimelist.net/images/anime/1753/134881.jpg
30771,https://cdn.myanimelist.net/images/anime/11/74062.jpg
34034,https://cdn.myanimelist.net/images/anime/11/84673.jpg
3363,https://cdn.myanimelist.net/images/anime/6/18929.jpg
4214,https://cdn.myanimelist.net/images/anime/6/25093.jpg
678,https://cdn.myanimelist.net/images/anime/4/61189.jpg
19117,https://cdn.myanimelist.net/images/anime/2/56939.jpg
2429,https://cdn.myanimelist.net/images/anime/1850/110746.jpg
13171,https://cdn.myanimelist.net/images/anime/11/38877.jpg
1246,https://cdn.myanimelist.net/images/anime/13/55523.jpg
8475,https://cdn.myanimelist.net/images/anime/7/44289.jpg
24973,https://cdn.myanimelist.net/images/anime/8/70065.jpg
32313,https://cdn.myanimelist.net/images/anime/4/80050.jpg
8363,https://cdn.myanimelist.net/images/anime/13/83765.jpg
4690,https://cdn.myanimelist.net/images/anime/12/56741.jpg
2962,https://cdn.myanimelist.net/images/anime/1042/143225.jpg
4200,https://cdn.myanimelist.net/images/anime/1229/152541.jpg
5670,https://cdn.myanimelist.net/images/anime/7/56975.jpg
18411,https://cdn.myanimelist.net/images/anime/11/56247.jpg
13561,https://cdn.myanimelist.net/images/anime/4/37761.jpg
3121,https://cdn.myanimelist.net/images/anime/9/5682.jpg
1397,https://cdn.myanimelist.net/images/anime/1740/98831.jpg
2459,https://cdn.myanimelist.net/images/anime/3/4678.jpg
1215,https://cdn.myanimelist.net/images/anime/1013/91082.jpg
15719,https://cdn.myanimelist.net/images/anime/11/49101.jpg
1565,https://cdn.myanimelist.net/images/anime/1425/142699.jpg
31564,https://cdn.myanimelist.net/images/anime/13/79415.jpg
9055,https://cdn.myanimelist.net/images/anime/1612/132744.jpg
22583,https://cdn.myanimelist.net/images/anime/5/61639.jpg
842,https://cdn.myanimelist.net/images/anime/1582/127097.jpg
21189,https://cdn.myanimelist.net/images/anime/10/57869.jpg
553,https://cdn.myanimelist.net/images/anime/1414/109717.jpg
482,https://cdn.myanimelist.net/images/anime/6/20873.jpg
11339,https://cdn.myanimelist.net/images/anime/12/35321.jpg
16201,https://cdn.myanimelist.net/images/anime/8/50559.jpg
3079,https://cdn.myanimelist.net/images/anime/1106/91083.jpg
22677,https://cdn.myanimelist.net/images/anime/1519/148684.jpg
23361,https://cdn.myanimelist.net/images/anime/2/62061.jpg
1576,https://cdn.myanimelist.net/images/anime/4/56037.jpg
2937,https://cdn.myanimelist.net/images/anime/1822/117349.jpg
6280,https://cdn.myanimelist.net/images/anime/1006/116460.jpg
2199,https://cdn.myanimelist.net/images/anime/1391/156459.jpg
21797,https://cdn.myanimelist.net/images/anime/7/57457.jpg
8364,https://cdn.myanimelist.net/images/anime/4/22028.jpg
424,https://cdn.myanimelist.net/images/anime/2/20673.jpg
10948,https://cdn.myanimelist.net/images/anime/5/30204.jpg
5983,https://cdn.myanimelist.net/images/anime/5/23125.jpg
665,https://cdn.myanimelist.net/images/anime/8/53147.jpg
32686,https://cdn.myanimelist.net/images/anime/10/81906.jpg
4375,
1738,https://cdn.myanimelist.net/images/anime/7/26444.jpg
5200,https://cdn.myanimelist.net/images/anime/1130/155363.jpg
785,https://cdn.myanimelist.net/images/anime/1217/117018.jpg
10822,https://cdn.myanimelist.net/images/anime/1725/142942.jpg
1601,https://cdn.myanimelist.net/images/anime/5/25411.jpg
5691,https://cdn.myanimelist.net/images/anime/1612/127105.jpg
5199,https://cdn.myanimelist.net/images/anime/13/22428.jpg
1066,https://cdn.myanimelist.net/images/anime/7/16951.jpg
566,https://cdn.myanimelist.net/images/anime/1635/118380.jpg
21085,https://cdn.myanimelist.net/images/anime/1949/112982.jpg
1543,https://cdn.myanimelist.net/images/anime/2/19794.jpg
29513,https://cdn.myanimelist.net/images/anime/1839/123300.jpg
54,https://cdn.myanimelist.net/images/anime/9/57231.jpg
762,https://cdn.myanimelist.net/images/anime/1022/129092.jpg
2043,https://cdn.myanimelist.net/images/anime/1864/96171.jpg
1312,https://cdn.myanimelist.net/images/anime/1242/154058.jpg
8362,https://cdn.myanimelist.net/images/anime/13/22024.jpg
10155,https://cdn.myanimelist.net/images/anime/1183/154993.jpg
2517,https://cdn.myanimelist.net/images/anime/8/3091.jpg
28211,https://cdn.myanimelist.net/images/anime/2/76993.jpg
7088,https://cdn.myanimelist.net/images/anime/11/75554.jpg
4156,https://cdn.myanimelist.net/images/anime/10/19666.jpg
432,https://cdn.myanimelist.net/images/anime/1193/112905.jpg
31405,https://cdn.myanimelist.net/images/anime/9/77523.jpg
9159,https://cdn.myanimelist.net/images/anime/12/27643.jpg
2176,https://cdn.myanimelist.net/images/anime/9/23600.jpg
20649,https://cdn.myanimelist.net/images/anime/1950/152157.jpg
21853,https://cdn.myanimelist.net/images/anime/4/57505.jpg
1588,https://cdn.myanimelist.net/images/anime/7/75243.jpg
4926,https://cdn.myanimelist.net/images/anime/7/9467.jpg
11761,https://cdn.myanimelist.net/images/anime/13/37947.jpg
21603,https://cdn.myanimelist.net/images/anime/11/61519.jpg
1135,https://cdn.myanimelist.net/images/anime/12/46865.jpg
2200,https://cdn.myanimelist.net/images/anime/1946/131226.jpg
11021,https://cdn.myanimelist.net/images/anime/3/44462.jpg
1546,https://cdn.myanimelist.net/images/anime/8/73997.jpg
1619,https://cdn.myanimelist.net/images/anime/9/23632.jpg
1944,https://cdn.myanimelist.net/images/anime/1984/94161.jpg
12221,https://cdn.myanimelist.net/images/anime/8/39609.jpg
609,https://cdn.myanimelist.net/images/anime/12/54433.jpg
6203,https://cdn.myanimelist.net/images/anime/9/75225.jpg
2117,https://cdn.myanimelist.net/images/anime/1235/134518.jpg
1101,https://cdn.myanimelist.net/images/anime/1289/151613.jpg
9733,https://cdn.myanimelist.net/images/anime/12/26963.jpg
1539,https://cdn.myanimelist.net/images/anime/13/6176.jpg
19383,https://cdn.myanimelist.net/images/anime/11/51995.jpg
1264,https://cdn.myanimelist.net/images/anime/1855/92738.jpg
5458,https://cdn.myanimelist.net/images/anime/2/11197.jpg
367,https://cdn.myanimelist.net/images/anime/1404/95392.jpg
1079,https://cdn.myanimelist.net/images/anime/1398/94072.jpg
9907,https://cdn.myanimelist.net/images/anime/12/50113.jpg
6747,https://cdn.myanimelist.net/images/anime/1062/124809.jpg
2669,https://cdn.myanimelist.net/images/anime/6/72411.jpg
9367,https://cdn.myanimelist.net/images/anime/10/28535.jpg
30290,https://cdn.myanimelist.net/images/anime/12/76832.jpg
15811,https://cdn.myanimelist.net/images/anime/7/42857.jpg
729,https://cdn.myanimelist.net/images/anime/1207/134823.jpg
4549,https://cdn.myanimelist.net/images/anime/4/18181.jpg
1336,https://cdn.myanimelist.net/images/anime/1833/92279.jpg
4851,https://cdn.myanimelist.net/images/anime/5/27609.jpg
16890,https://cdn.myanimelist.net/images/anime/12/49573.jpg
23227,https://cdn.myanimelist.net/images/anime/3/64479.jpg
24171,https://cdn.myanimelist.net/images/anime/7/67127.jpg
4662,https://cdn.myanimelist.net/images/anime/1257/153478.jpg
2490,https://cdn.myanimelist.net/images/anime/1961/145481.jpg
1564,https://cdn.myanimelist.net/images/anime/1036/142698.jpg
592,https://cdn.myanimelist.net/images/anime/8/27541.jpg
32094,https://cdn.myanimelist.net/images/anime/11/78196.jpg
20047,https://cdn.myanimelist.net/images/anime/2/56189.jpg
478,https://cdn.myanimelist.net/images/anime/11/76291.jpg
2452,
8986,https://cdn.myanimelist.net/images/anime/8/37135.jpg
23587,https://cdn.myanimelist.net/images/anime/1345/144832.jpg
20035,https://cdn.myanimelist.net/images/anime/9/53541.jpg
1555,https://cdn.myanimelist.net/images/anime/1140/153142.jpg
2331,https://cdn.myanimelist.net/images/anime/1844/131936.jpg
3446,https://cdn.myanimelist.net/images/anime/4/11769.jpg
568,https://cdn.myanimelist.net/images/anime/1477/154267.jpg
831,https://cdn.myanimelist.net/images/anime/11/17101.jpg
2354,https://cdn.myanimelist.net/images/anime/1549/137672.jpg
1796,https://cdn.myanimelist.net/images/anime/1855/92685.jpg
393,https://cdn.myanimelist.net/images/anime/1539/94517.jpg
6959,
28539,https://cdn.myanimelist.net/images/anime/12/83157.jpg
3447,https://cdn.myanimelist.net/images/anime/8/5699.jpg
23619,https://cdn.myanimelist.net/images/anime/4/61789.jpg
2998,https://cdn.myanimelist.net/images/anime/1886/150200.jpg
6909,https://cdn.myanimelist.net/images/anime/13/37235.jpg
1864,https://cdn.myanimelist.net/images/anime/11/76296.jpg
1261,https://cdn.myanimelist.net/images/anime/1380/100202.jpg
149,https://cdn.myanimelist.net/images/anime/2/22947.jpg
33299,https://cdn.myanimelist.net/images/anime/7/80828.jpg
2931,https://cdn.myanimelist.net/images/anime/13/19674.jpg
30016,https://cdn.myanimelist.net/images/anime/2/81399.jpg
350,https://cdn.myanimelist.net/images/anime/1069/133679.jpg
6324,https://cdn.myanimelist.net/images/anime/11/22525.jpg
5279,https://cdn.myanimelist.net/images/anime/1369/118812.jpg
12709,https://cdn.myanimelist.net/images/anime/10/35705.jpg
7144,https://cdn.myanimelist.net/images/anime/7/83052.jpg
3614,https://cdn.myanimelist.net/images/anime/9/75426.jpg
754,https://cdn.myanimelist.net/images/anime/2/26180.jpg
26165,https://cdn.myanimelist.net/images/anime/3/69203.jpg
3354,https://cdn.myanimelist.net/images/anime/7/25890.jpg
493,
7817,https://cdn.myanimelist.net/images/anime/1687/123304.jpg
33080,https://cdn.myanimelist.net/images/anime/13/79397.jpg
5032,https://cdn.myanimelist.net/images/anime/13/18900.jpg
2907,https://cdn.myanimelist.net/images/anime/1236/149240.jpg
32801,https://cdn.myanimelist.net/images/anime/9/81432.jpg
26057,https://cdn.myanimelist.net/images/anime/1432/154191.jpg
1829,https://cdn.myanimelist.net/images/anime/5/73443.jpg
6867,https://cdn.myanimelist.net/images/anime/12/16013.jpg
23083,https://cdn.myanimelist.net/images/anime/13/64049.jpg
247,https://cdn.myanimelist.net/images/anime/1733/153550.jpg
8206,
3027,https://cdn.myanimelist.net/images/anime/1434/147297.jpg
606,https://cdn.myanimelist.net/images/anime/5/16745.jpg
2077,https://cdn.myanimelist.net/images/anime/10/25372.jpg
2797,
6379,https://cdn.myanimelist.net/images/anime/5/14378.jpg
7066,https://cdn.myanimelist.net/images/anime/10/16503.jpg
604,https://cdn.myanimelist.net/images/anime/1673/132849.jpg
2044,https://cdn.myanimelist.net/images/anime/8/50081.jpg
5030,https://cdn.myanimelist.net/images/anime/1240/111304.jpg
1110,https://cdn.myanimelist.net/images/anime/11/9778.jpg
2279,https://cdn.myanimelist.net/images/anime/7/5415.jpg
3059,https://cdn.myanimelist.net/images/anime/7/20897.jpg
1199,https://cdn.myanimelist.net/images/anime/6/74028.jpg
32603,https://cdn.myanimelist.net/images/anime/1669/154023.jpg
461,https://cdn.myanimelist.net/images/anime/1017/97698.jpg
1569,https://cdn.myanimelist.net/images/anime/7/75483.jpg
11009,https://cdn.myanimelist.net/images/anime/4/30543.jpg
2369,https://cdn.myanimelist.net/images/anime/5/73999.jpg
20973,https://cdn.myanimelist.net/images/anime/2/56133.jpg
938,https://cdn.myanimelist.net/images/anime/9/89851.jpg
3138,https://cdn.myanimelist.net/images/anime/6/69657.jpg
6098,https://cdn.myanimelist.net/images/anime/6/75491.jpg
10351,https://cdn.myanimelist.net/images/anime/9/28449.jpg
448,https://cdn.myanimelist.net/images/anime/11/7362.jpg
7654,https://cdn.myanimelist.net/images/anime/6/18435.jpg
2470,https://cdn.myanimelist.net/images/anime/5/56071.jpg
21439,https://cdn.myanimelist.net/images/anime/2/73328.jpg
3486,https://cdn.myanimelist.net/images/anime/1352/91072.jpg
32717,https://cdn.myanimelist.net/images/anime/12/78658.jpg
31080,https://cdn.myanimelist.net/images/anime/9/78701.jpg
284,https://cdn.myanimelist.net/images/anime/9/75571.jpg
286,https://cdn.myanimelist.net/images/anime/1900/139246.jpg
23237,https://cdn.myanimelist.net/images/anime/13/60351.jpg
6217,https://cdn.myanimelist.net/images/anime/1497/94853.jpg
992,https://cdn.myanimelist.net/images/anime/8/31223.jpg
19067,https://cdn.myanimelist.net/images/anime/9/78797.jpg
2132,https://cdn.myanimelist.net/images/anime/1/2268.jpg
5978,https://cdn.myanimelist.net/images/anime/3/19725.jpg
3110,https://cdn.myanimelist.net/images/anime/1933/148735.jpg
17741,https://cdn.myanimelist.net/images/anime/1829/144852.jpg
1436,https://cdn.myanimelist.net/images/anime/1190/97706.jpg
252,https://cdn.myanimelist.net/images/anime/12/57237.jpg
10690,https://cdn.myanimelist.net/images/anime/1025/128882.jpg
4997,https://cdn.myanimelist.net/images/anime/2/9745.jpg
33003,https://cdn.myanimelist.net/images/anime/2/81087.jpg
442,https://cdn.myanimelist.net/images/anime/1231/134484.jpg
31404,https://cdn.myanimelist.net/images/anime/3/79414.jpg
10302,https://cdn.myanimelist.net/images/anime/1978/142700.jpg
11569,https://cdn.myanimelist.net/images/anime/12/32263.jpg
33713,https://cdn.myanimelist.net/images/anime/8/81082.jpg
17391,https://cdn.myanimelist.net/images/anime/2/51475.jpg
27441,https://cdn.myanimelist.net/images/anime/7/73674.jpg
32038,https://cdn.myanimelist.net/images/anime/4/80734.jpg
2586,https://cdn.myanimelist.net/images/anime/1212/94628.jpg
1602,https://cdn.myanimelist.net/images/anime/7/75409.jpg
2011,https://cdn.myanimelist.net/images/anime/9/21692.jpg
6312,https://cdn.myanimelist.net/images/anime/9/22541.jpg
3137,https://cdn.myanimelist.net/images/anime/1135/114713.jpg
1922,https://cdn.myanimelist.net/images/anime/1660/154815.jpg
30419,https://cdn.myanimelist.net/images/anime/5/76402.jpg
548,https://cdn.myanimelist.net/images/anime/8/10332.jpg
31588,https://cdn.myanimelist.net/images/anime/4/78649.jpg
7152,https://cdn.myanimelist.net/images/anime/8/74070.jpg
1051,https://cdn.myanimelist.net/images/anime/3/20750.jpg
1554,https://cdn.myanimelist.net/images/anime/4/74962.jpg
751,https://cdn.myanimelist.net/images/anime/1337/123742.jpg
34077,https://cdn.myanimelist.net/images/anime/13/82028.jpg
30383,https://cdn.myanimelist.net/images/anime/12/74397.jpg
3033,https://cdn.myanimelist.net/images/anime/12/4418.jpg
1803,https://cdn.myanimelist.net/images/anime/7/29694.jpg
16385,https://cdn.myanimelist.net/images/anime/8/70709.jpg
1045,https://cdn.myanimelist.net/images/anime/1663/150696.jpg
4476,https://cdn.myanimelist.net/images/anime/11/8575.jpg
3327,https://cdn.myanimelist.net/images/anime/1784/97034.jpg
9723,https://cdn.myanimelist.net/images/anime/9/26949.jpg
1592,https://cdn.myanimelist.net/images/anime/2/73869.jpg
7728,https://cdn.myanimelist.net/images/anime/4/19043.jpg
20673,https://cdn.myanimelist.net/images/anime/1775/121961.jpg
1025,https://cdn.myanimelist.net/images/anime/1957/106044.jpg
2130,https://cdn.myanimelist.net/images/anime/2/20946.jpg
33511,
1434,https://cdn.myanimelist.net/images/anime/1156/96563.jpg
8097,https://cdn.myanimelist.net/images/anime/2/21995.jpg
8666,https://cdn.myanimelist.net/images/anime/13/75427.jpg
620,https://cdn.myanimelist.net/images/anime/4/21590.jpg
2298,https://cdn.myanimelist.net/images/anime/7/28296.jpg
1688,https://cdn.myanimelist.net/images/anime/12/18007.jpg
1209,https://cdn.myanimelist.net/images/anime/1006/133560.jpg
2489,https://cdn.myanimelist.net/images/anime/6/23590.jpg
10108,https://cdn.myanimelist.net/images/anime/8/28061.jpg
24211,https://cdn.myanimelist.net/images/anime/12/67085.jpg
325,https://cdn.myanimelist.net/images/anime/13/75579.jpg
1118,https://cdn.myanimelist.net/images/anime/7/80288.jpg
23285,https://cdn.myanimelist.net/images/anime/13/60739.jpg
907,https://cdn.myanimelist.net/images/anime/13/75530.jpg
23135,https://cdn.myanimelist.net/images/anime/2/75258.jpg
28617,https://cdn.myanimelist.net/images/anime/4/74641.jpg
758,https://cdn.myanimelist.net/images/anime/1771/94881.jpg
151,https://cdn.myanimelist.net/images/anime/6/52103.jpg
917,https://cdn.myanimelist.net/images/anime/1310/112637.jpg
22663,https://cdn.myanimelist.net/images/anime/7/71769.jpg
6974,https://cdn.myanimelist.net/images/anime/5/75257.jpg
4021,https://cdn.myanimelist.net/images/anime/1299/133574.jpg
5220,https://cdn.myanimelist.net/images/anime/1780/121358.jpg
29027,https://cdn.myanimelist.net/images/anime/12/69911.jpg
10775,
2170,https://cdn.myanimelist.net/images/anime/7/72745.jpg
876,https://cdn.myanimelist.net/images/anime/6/29992.jpg
760,https://cdn.myanimelist.net/images/anime/9/22930.jpg
31370,https://cdn.myanimelist.net/images/anime/10/78559.jpg
343,https://cdn.myanimelist.net/images/anime/13/75255.jpg
2300,https://cdn.myanimelist.net/images/anime/1019/92235.jpg
20449,https://cdn.myanimelist.net/images/anime/7/60743.jpg
27655,https://cdn.myanimelist.net/images/anime/10/71297.jpg
9346,https://cdn.myanimelist.net/images/anime/1151/135392.jpg
17677,https://cdn.myanimelist.net/images/anime/4/53169.jpg
16157,https://cdn.myanimelist.net/images/anime/6/52141.jpg
3745,https://cdn.myanimelist.net/images/anime/8/22020.jpg
291,https://cdn.myanimelist.net/images/anime/8/73937.jpg
29437,https://cdn.myanimelist.net/images/anime/4/82692.jpg
1726,https://cdn.myanimelist.net/images/anime/4/26417.jpg
2950,https://cdn.myanimelist.net/images/anime/3/13151.jpg
2819,https://cdn.myanimelist.net/images/anime/1270/114210.jpg
1046,https://cdn.myanimelist.net/images/anime/1919/92736.jpg
16982,https://cdn.myanimelist.net/images/anime/10/48953.jpg
2799,https://cdn.myanimelist.net/images/anime/13/42653.jpg
1020,https://cdn.myanimelist.net/images/anime/1821/138404.jpg
2891,https://cdn.myanimelist.net/images/anime/2/18420.jpg
29785,https://cdn.myanimelist.net/images/anime/8/74042.jpg
3483,https://cdn.myanimelist.net/images/anime/11/30539.jpg
912,https://cdn.myanimelist.net/images/anime/1933/98140.jpg
32013,https://cdn.myanimelist.net/images/anime/3/77845.jpg
31378,https://cdn.myanimelist.net/images/anime/1272/121985.jpg
1492,https://cdn.myanimelist.net/images/anime/1197/92994.jpg
2000,https://cdn.myanimelist.net/images/anime/1584/93628.jpg
11441,https://cdn.myanimelist.net/images/anime/2/39663.jpg
22877,https://cdn.myanimelist.net/images/anime/7/63031.jpg
8057,https://cdn.myanimelist.net/images/anime/1146/129470.jpg
29163,https://cdn.myanimelist.net/images/anime/7/75198.jpg
8250,
3667,https://cdn.myanimelist.net/images/anime/13/75524.jpg
2577,https://cdn.myanimelist.net/images/anime/1559/155273.jpg
3737,https://cdn.myanimelist.net/images/anime/4/15660.jpg
28841,https://cdn.myanimelist.net/images/anime/6/75337.jpg
1207,https://cdn.myanimelist.net/images/anime/11/13204.jpg
48,https://cdn.myanimelist.net/images/anime/1443/94665.jpg
7113,https://cdn.myanimelist.net/images/anime/1772/101368.jpg
230,
929,https://cdn.myanimelist.net/images/anime/1562/94955.jpg
32802,https://cdn.myanimelist.net/images/anime/10/80198.jpg
23991,https://cdn.myanimelist.net/images/anime/1316/125015.jpg
8394,https://cdn.myanimelist.net/images/anime/6/22076.jpg
13839,https://cdn.myanimelist.net/images/anime/5/59513.jpg
2355,https://cdn.myanimelist.net/images/anime/1362/106934.jpg
900,https://cdn.myanimelist.net/images/anime/1723/93670.jpg
5152,https://cdn.myanimelist.net/images/anime/10/10149.jpg
30544,https://cdn.myanimelist.net/images/anime/5/76034.jpg
383,https://cdn.myanimelist.net/images/anime/4/6075.jpg
4983,https://cdn.myanimelist.net/images/anime/1021/135112.jpg
475,https://cdn.myanimelist.net/images/anime/1399/153147.jpg
21653,https://cdn.myanimelist.net/images/anime/9/67545.jpg
3638,https://cdn.myanimelist.net/images/anime/1330/131495.jpg
3616,https://cdn.myanimelist.net/images/anime/4/77694.jpg
10372,
7904,https://cdn.myanimelist.net/images/anime/11/19317.jpg
10336,https://cdn.myanimelist.net/images/anime/3/33541.jpg
1659,https://cdn.myanimelist.net/images/anime/3/27410.jpg
1696,https://cdn.myanimelist.net/images/anime/5/19558.jpg
2151,https://cdn.myanimelist.net/images/anime/1/2296.jpg
524,https://cdn.myanimelist.net/images/anime/6/67017.jpg
6178,https://cdn.myanimelist.net/images/anime/8/21315.jpg
1709,https://cdn.myanimelist.net/images/anime/7/87922.jpg
2993,
3493,https://cdn.myanimelist.net/images/anime/1256/94652.jpg
4650,https://cdn.myanimelist.net/images/anime/5/23684.jpg
22687,https://cdn.myanimelist.net/images/anime/2/67117.jpg
19697,https://cdn.myanimelist.net/images/anime/1255/152871.jpg
10249,https://cdn.myanimelist.net/images/anime/2/28233.jpg
1225,https://cdn.myanimelist.net/images/anime/1288/120666.jpg
58,https://cdn.myanimelist.net/images/anime/1029/158153.jpg
998,https://cdn.myanimelist.net/images/anime/1151/117019.jpg
2561,https://cdn.myanimelist.net/images/anime/10/87992.jpg
2206,https://cdn.myanimelist.net/images/anime/1438/91522.jpg
16726,https://cdn.myanimelist.net/images/anime/10/45350.jpg
1022,https://cdn.myanimelist.net/images/anime/2/19006.jpg
4765,https://cdn.myanimelist.net/images/anime/12/12641.jpg
2997,https://cdn.myanimelist.net/images/anime/1924/97128.jpg
8630,https://cdn.myanimelist.net/images/anime/9/30095.jpg
23425,https://cdn.myanimelist.net/images/anime/7/64555.jpg
2335,https://cdn.myanimelist.net/images/anime/1689/156444.jpg
2403,https://cdn.myanimelist.net/images/anime/1944/149834.jpg
8876,https://cdn.myanimelist.net/images/anime/5/25524.jpg
31815,https://cdn.myanimelist.net/images/anime/5/78220.jpg
1384,https://cdn.myanimelist.net/images/anime/12/78948.jpg
1138,https://cdn.myanimelist.net/images/anime/1778/133514.jpg
22071,
3656,https://cdn.myanimelist.net/images/anime/3/22552.jpg
3136,https://cdn.myanimelist.net/images/anime/1524/156443.jpg
9798,https://cdn.myanimelist.net/images/anime/12/27157.jpg
7695,https://cdn.myanimelist.net/images/anime/5/26915.jpg
10276,https://cdn.myanimelist.net/images/anime/9/28332.jpg
10819,https://cdn.myanimelist.net/images/anime/12/29881.jpg
12137,https://cdn.myanimelist.net/images/anime/7/89081.jpg
1258,https://cdn.myanimelist.net/images/anime/1680/97668.jpg
30649,https://cdn.myanimelist.net/images/anime/12/76046.jpg
30363,https://cdn.myanimelist.net/images/anime/1151/94750.jpg
33433,https://cdn.myanimelist.net/images/anime/7/82119.jpg
2604,https://cdn.myanimelist.net/images/anime/1108/145404.jpg
12321,https://cdn.myanimelist.net/images/anime/5/35635.jpg
6941,https://cdn.myanimelist.net/images/anime/1316/100672.jpg
961,https://cdn.myanimelist.net/images/anime/1234/110241.jpg
4094,https://cdn.myanimelist.net/images/anime/11/17272.jpg
2124,https://cdn.myanimelist.net/images/anime/7/22569.jpg
15037,https://cdn.myanimelist.net/images/anime/10/78811.jpg
10418,https://cdn.myanimelist.net/images/anime/8/33033.jpg
30988,https://cdn.myanimelist.net/images/anime/1809/148421.jpg
507,https://cdn.myanimelist.net/images/anime/1656/94257.jpg
24457,https://cdn.myanimelist.net/images/anime/3/63211.jpg
18097,https://cdn.myanimelist.net/images/anime/2/49743.jpg
358,https://cdn.myanimelist.net/images/anime/1108/94990.jpg
9041,https://cdn.myanimelist.net/images/anime/3/74045.jpg
10794,https://cdn.myanimelist.net/images/anime/4/56161.jpg
4082,https://cdn.myanimelist.net/images/anime/13/22440.jpg
33490,https://cdn.myanimelist.net/images/anime/1702/154029.jpg
968,https://cdn.myanimelist.net/images/anime/6/23598.jpg
20039,https://cdn.myanimelist.net/images/anime/10/53427.jpg
30896,https://cdn.myanimelist.net/images/anime/13/76357.jpg
6182,https://cdn.myanimelist.net/images/anime/5/13677.jpg
1916,https://cdn.myanimelist.net/images/anime/1127/146711.jpg
1137,https://cdn.myanimelist.net/images/anime/4/87702.jpg
2084,https://cdn.myanimelist.net/images/anime/2/46723.jpg
6219,https://cdn.myanimelist.net/images/anime/13/37541.jpg
32553,https://cdn.myanimelist.net/images/anime/1992/112119.jpg
2570,https://cdn.myanimelist.net/images/anime/4/60951.jpg
15807,https://cdn.myanimelist.net/images/anime/10/43771.jpg
9716,https://cdn.myanimelist.net/images/anime/1101/124404.jpg
10592,https://cdn.myanimelist.net/images/anime/9/36831.jpg
31229,https://cdn.myanimelist.net/images/anime/8/80953.jpg
6344,
3332,https://cdn.myanimelist.net/images/anime/1312/105893.jpg
3574,https://cdn.myanimelist.net/images/anime/3/26316.jpg
9673,https://cdn.myanimelist.net/images/anime/2/26809.jpg
5298,https://cdn.myanimelist.net/images/anime/8/10786.jpg
2810,https://cdn.myanimelist.net/images/anime/8/69919.jpg
659,https://cdn.myanimelist.net/images/anime/1147/133613.jpg
27727,https://cdn.myanimelist.net/images/anime/10/68451.jpg
18745,https://cdn.myanimelist.net/images/anime/1603/107707.jpg
1826,https://cdn.myanimelist.net/images/anime/12/88164.jpg
3312,https://cdn.myanimelist.net/images/anime/1475/116861.jpg
903,https://cdn.myanimelist.net/images/anime/1191/93673.jpg
30925,https://cdn.myanimelist.net/images/anime/2/74427.jpg
10947,
32607,https://cdn.myanimelist.net/images/anime/3/82291.jpg
10504,
14653,https://cdn.myanimelist.net/images/anime/10/73952.jpg
2157,https://cdn.myanimelist.net/images/anime/1208/135061.jpg
31233,https://cdn.myanimelist.net/images/anime/13/82659.jpg
1421,https://cdn.myanimelist.net/images/anime/3/60641.jpg
20141,https://cdn.myanimelist.net/images/anime/1927/146772.jpg
157,https://cdn.myanimelist.net/images/anime/12/89535.jpg
521,https://cdn.myanimelist.net/images/anime/3/9640.jpg
6946,https://cdn.myanimelist.net/images/anime/2/35475.jpg
10659,https://cdn.myanimelist.net/images/anime/10/31573.jpg
3424,https://cdn.myanimelist.net/images/anime/11/5585.jpg
941,https://cdn.myanimelist.net/images/anime/6/75229.jpg
2713,
11487,https://cdn.myanimelist.net/images/anime/11/32095.jpg
23233,https://cdn.myanimelist.net/images/anime/1654/112033.jpg
32105,https://cdn.myanimelist.net/images/anime/12/79556.jpg
1857,https://cdn.myanimelist.net/images/anime/1189/134725.jpg
7014,https://cdn.myanimelist.net/images/anime/1931/98079.jpg
20969,https://cdn.myanimelist.net/images/anime/1264/112847.jpg
27509,https://cdn.myanimelist.net/images/anime/3/66819.jpg
5955,https://cdn.myanimelist.net/images/anime/11/26651.jpg
3754,https://cdn.myanimelist.net/images/anime/1835/155752.jpg
3072,https://cdn.myanimelist.net/images/anime/8/61231.jpg
1514,https://cdn.myanimelist.net/images/anime/1179/133831.jpg
15933,https://cdn.myanimelist.net/images/anime/3/43213.jpg
5342,https://cdn.myanimelist.net/images/anime/7/17071.jpg
596,https://cdn.myanimelist.net/images/anime/9/34375.jpg
1953,https://cdn.myanimelist.net/images/anime/7/23278.jpg
930,https://cdn.myanimelist.net/images/anime/4/77068.jpg
859,https://cdn.myanimelist.net/images/anime/1415/100541.jpg
3032,https://cdn.myanimelist.net/images/anime/1886/151065.jpg
116,https://cdn.myanimelist.net/images/anime/13/24439.jpg
18001,https://cdn.myanimelist.net/images/anime/3/68195.jpg
13411,https://cdn.myanimelist.net/images/anime/7/80010.jpg
2389,https://cdn.myanimelist.net/images/anime/1542/144150.jpg
33740,https://cdn.myanimelist.net/images/anime/1237/104850.jpg
11355,https://cdn.myanimelist.net/images/anime/9/75588.jpg
1184,https://cdn.myanimelist.net/images/anime/3/20409.jpg
3484,https://cdn.myanimelist.net/images/anime/8/69245.jpg
8234,https://cdn.myanimelist.net/images/anime/1128/155737.jpg
1869,https://cdn.myanimelist.net/images/anime/1095/112104.jpg
525,https://cdn.myanimelist.net/images/anime/9/16736.jpg
1122,https://cdn.myanimelist.net/images/anime/9/21313.jpg
4026,https://cdn.myanimelist.net/images/anime/3/21316.jpg
6749,https://cdn.myanimelist.net/images/anime/8/61035.jpg
10824,https://cdn.myanimelist.net/images/anime/1226/150834.jpg
169,https://cdn.myanimelist.net/images/anime/12/20669.jpg
342,https://cdn.myanimelist.net/images/anime/1961/153265.jpg
174,https://cdn.myanimelist.net/images/anime/1507/101835.jpg
1128,https://cdn.myanimelist.net/images/anime/8/22374.jpg
4415,https://cdn.myanimelist.net/images/anime/3/30347.jpg
1028,https://cdn.myanimelist.net/images/anime/10/4327.jpg
33254,https://cdn.myanimelist.net/images/anime/1219/96314.jpg
3620,https://cdn.myanimelist.net/images/anime/7/6211.jpg
1014,https://cdn.myanimelist.net/images/anime/12/23190.jpg
1311,https://cdn.myanimelist.net/images/anime/10/22857.jpg
4646,https://cdn.myanimelist.net/images/anime/1592/96818.jpg
5031,https://cdn.myanimelist.net/images/anime/11/14093.jpg
933,https://cdn.myanimelist.net/images/anime/1349/103321.jpg
32494,https://cdn.myanimelist.net/images/anime/11/88507.jpg
7643,https://cdn.myanimelist.net/images/anime/3/18406.jpg
892,https://cdn.myanimelist.net/images/anime/1825/90341.jpg
899,https://cdn.myanimelist.net/images/anime/1007/93669.jpg
5072,https://cdn.myanimelist.net/images/anime/9/31303.jpg
13163,https://cdn.myanimelist.net/images/anime/11/82364.jpg
12225,https://cdn.myanimelist.net/images/anime/12/34441.jpg
2717,
21431,https://cdn.myanimelist.net/images/anime/5/61433.jpg
31368,https://cdn.myanimelist.net/images/anime/10/75439.jpg
32700,https://cdn.myanimelist.net/images/anime/5/78492.jpg
24261,https://cdn.myanimelist.net/images/anime/8/72479.jpg
10934,https://cdn.myanimelist.net/images/anime/1239/152237.jpg
598,https://cdn.myanimelist.net/images/anime/3/75542.jpg
31670,https://cdn.myanimelist.net/images/anime/10/78229.jpg
1457,https://cdn.myanimelist.net/images/anime/1793/115026.jpg
1573,https://cdn.myanimelist.net/images/anime/1014/98589.jpg
7593,https://cdn.myanimelist.net/images/anime/1660/121553.jpg
4786,https://cdn.myanimelist.net/images/anime/5/9186.jpg
17635,https://cdn.myanimelist.net/images/anime/10/50321.jpg
10720,https://cdn.myanimelist.net/images/anime/2/29533.jpg
3653,https://cdn.myanimelist.net/images/anime/2/50375.jpg
1435,https://cdn.myanimelist.net/images/anime/11/34211.jpg
3654,https://cdn.myanimelist.net/images/anime/10/74031.jpg
4202,https://cdn.myanimelist.net/images/anime/2/7761.jpg
621,https://cdn.myanimelist.net/images/anime/12/31985.jpg
6884,https://cdn.myanimelist.net/images/anime/4/17117.jpg
607,https://cdn.myanimelist.net/images/anime/7/50145.jpg
1104,https://cdn.myanimelist.net/images/anime/7/50669.jpg
5307,https://cdn.myanimelist.net/images/anime/6/74071.jpg
10821,https://cdn.myanimelist.net/images/anime/1411/142430.jpg
8348,https://cdn.myanimelist.net/images/anime/13/23351.jpg
21781,https://cdn.myanimelist.net/images/anime/11/59507.jpg
689,https://cdn.myanimelist.net/images/anime/7/24068.jpg
311,https://cdn.myanimelist.net/images/anime/1414/91264.jpg
3829,https://cdn.myanimelist.net/images/anime/12/46771.jpg
4535,
21729,https://cdn.myanimelist.net/images/anime/5/64773.jpg
1049,https://cdn.myanimelist.net/images/anime/9/36627.jpg
32240,https://cdn.myanimelist.net/images/anime/12/77400.jpg
984,https://cdn.myanimelist.net/images/anime/1021/116787.jpg
1631,https://cdn.myanimelist.net/images/anime/4/14506.jpg
31056,https://cdn.myanimelist.net/images/anime/1918/122720.jpg
30825,https://cdn.myanimelist.net/images/anime/2/74184.jpg
4876,https://cdn.myanimelist.net/images/anime/1040/122786.jpg
20045,https://cdn.myanimelist.net/images/anime/7/56159.jpg
5039,https://cdn.myanimelist.net/images/anime/4/21844.jpg
1438,https://cdn.myanimelist.net/images/anime/1940/146707.jpg
2017,https://cdn.myanimelist.net/images/anime/1738/129753.jpg
20871,https://cdn.myanimelist.net/images/anime/2/55695.jpg
162,https://cdn.myanimelist.net/images/anime/7/25205.jpg
21027,https://cdn.myanimelist.net/images/anime/1056/112684.jpg
8767,https://cdn.myanimelist.net/images/anime/8/24199.jpg
30375,https://cdn.myanimelist.net/images/anime/10/75765.jpg
33033,https://cdn.myanimelist.net/images/anime/8/80195.jpg
1584,https://cdn.myanimelist.net/images/anime/13/59213.jpg
1568,https://cdn.myanimelist.net/images/anime/8/2357.jpg
3419,https://cdn.myanimelist.net/images/anime/11/5575.jpg
2491,https://cdn.myanimelist.net/images/anime/4/21457.jpg
1925,https://cdn.myanimelist.net/images/anime/5/88665.jpg
1843,https://cdn.myanimelist.net/images/anime/1/1843.jpg
9331,https://cdn.myanimelist.net/images/anime/3/30869.jpg
2706,https://cdn.myanimelist.net/images/anime/6/50431.jpg
579,https://cdn.myanimelist.net/images/anime/1561/152505.jpg
11285,https://cdn.myanimelist.net/images/anime/5/53909.jpg
3407,https://cdn.myanimelist.net/images/anime/1154/133811.jpg
31196,https://cdn.myanimelist.net/images/anime/3/76231.jpg
12255,
8358,https://cdn.myanimelist.net/images/anime/12/22017.jpg
8360,https://cdn.myanimelist.net/images/anime/1422/94856.jpg
10017,https://cdn.myanimelist.net/images/anime/1131/122382.jpg
127,https://cdn.myanimelist.net/images/anime/12/15226.jpg
2165,https://cdn.myanimelist.net/images/anime/6/27397.jpg
3579,https://cdn.myanimelist.net/images/anime/12/6039.jpg
10950,https://cdn.myanimelist.net/images/anime/12/30206.jpg
30533,https://cdn.myanimelist.net/images/anime/13/80901.jpg
4205,https://cdn.myanimelist.net/images/anime/1203/127869.jpg
6293,https://cdn.myanimelist.net/images/anime/12/24261.jpg
4078,https://cdn.myanimelist.net/images/anime/10/42577.jpg
1399,https://cdn.myanimelist.net/images/anime/1514/96093.jpg
632,https://cdn.myanimelist.net/images/anime/3/13439.jpg
2751,https://cdn.myanimelist.net/images/anime/3/22725.jpg
31138,https://cdn.myanimelist.net/images/anime/1849/100694.jpg
6902,https://cdn.myanimelist.net/images/anime/1156/126909.jpg
1260,https://cdn.myanimelist.net/images/anime/1128/122022.jpg
4810,https://cdn.myanimelist.net/images/anime/1227/144814.jpg
2415,https://cdn.myanimelist.net/images/anime/5/21184.jpg
1208,https://cdn.myanimelist.net/images/anime/1874/112893.jpg
2097,https://cdn.myanimelist.net/images/anime/13/3952.jpg
9874,https://cdn.myanimelist.net/images/anime/3/27302.jpg
15489,https://cdn.myanimelist.net/images/anime/5/43491.jpg
18677,https://cdn.myanimelist.net/images/anime/13/54389.jpg
7669,https://cdn.myanimelist.net/images/anime/1671/127574.jpg
873,https://cdn.myanimelist.net/images/anime/3/13050.jpg
9776,https://cdn.myanimelist.net/images/anime/1333/110595.jpg
8,https://cdn.myanimelist.net/images/anime/7/21569.jpg
13145,https://cdn.myanimelist.net/images/anime/1508/125013.jpg
16512,https://cdn.myanimelist.net/images/anime/11/47191.jpg
1151,https://cdn.myanimelist.net/images/anime/1450/110634.jpg
9314,https://cdn.myanimelist.net/images/anime/2/28197.jpg
11809,https://cdn.myanimelist.net/images/anime/8/34963.jpg
5688,https://cdn.myanimelist.net/images/anime/13/27398.jpg
456,https://cdn.myanimelist.net/images/anime/7/18714.jpg
1180,https://cdn.myanimelist.net/images/anime/1401/119360.jpg
10191,https://cdn.myanimelist.net/images/anime/1711/133585.jpg
1637,https://cdn.myanimelist.net/images/anime/5/33835.jpg
3019,https://cdn.myanimelist.net/images/anime/6/34793.jpg
673,https://cdn.myanimelist.net/images/anime/11/3569.jpg
9712,https://cdn.myanimelist.net/images/anime/6/78775.jpg
16910,https://cdn.myanimelist.net/images/anime/2/74998.jpg
12119,https://cdn.myanimelist.net/images/anime/1904/141848.jpg
1152,https://cdn.myanimelist.net/images/anime/1195/110635.jpg
32468,https://cdn.myanimelist.net/images/anime/1673/112266.jpg
25099,https://cdn.myanimelist.net/images/anime/9/76542.jpg
12281,https://cdn.myanimelist.net/images/anime/4/39321.jpg
1710,https://cdn.myanimelist.net/images/anime/2/26575.jpg
12223,https://cdn.myanimelist.net/images/anime/4/73950.jpg
31374,https://cdn.myanimelist.net/images/anime/3/75467.jpg
32409,https://cdn.myanimelist.net/images/anime/10/79993.jpg
10014,
3174,https://cdn.myanimelist.net/images/anime/10/21665.jpg
21409,https://cdn.myanimelist.net/images/anime/3/67139.jpg
308,https://cdn.myanimelist.net/images/anime/1211/151312.jpg
2404,https://cdn.myanimelist.net/images/anime/1269/153278.jpg
10737,https://cdn.myanimelist.net/images/anime/9/29573.jpg
1798,https://cdn.myanimelist.net/images/anime/1/1798.jpg
834,https://cdn.myanimelist.net/images/anime/1/834.jpg
1844,https://cdn.myanimelist.net/images/anime/1709/111109.jpg
8728,https://cdn.myanimelist.net/images/anime/6/24108.jpg
2172,https://cdn.myanimelist.net/images/anime/1/2332.jpg
2595,https://cdn.myanimelist.net/images/anime/9/75305.jpg
502,https://cdn.myanimelist.net/images/anime/1992/121522.jpg
22695,https://cdn.myanimelist.net/images/anime/1646/153063.jpg
870,https://cdn.myanimelist.net/images/anime/1558/97694.jpg
1465,https://cdn.myanimelist.net/images/anime/1121/92271.jpg
811,https://cdn.myanimelist.net/images/anime/1555/134512.jpg
6566,https://cdn.myanimelist.net/images/anime/1321/141655.jpg
143,https://cdn.myanimelist.net/images/anime/8/73955.jpg
3318,https://cdn.myanimelist.net/images/anime/7/22508.jpg
1400,https://cdn.myanimelist.net/images/anime/8/80064.jpg
196,https://cdn.myanimelist.net/images/anime/1621/100229.jpg
19845,https://cdn.myanimelist.net/images/anime/7/54407.jpg
31231,https://cdn.myanimelist.net/images/anime/3/78818.jpg
34325,https://cdn.myanimelist.net/images/anime/9/82843.jpg
1119,https://cdn.myanimelist.net/images/anime/1906/94415.jpg
1553,https://cdn.myanimelist.net/images/anime/10/21120.jpg
1489,https://cdn.myanimelist.net/images/anime/11/74299.jpg
10572,https://cdn.myanimelist.net/images/anime/11/32643.jpg
1256,https://cdn.myanimelist.net/images/anime/1411/122027.jpg
789,https://cdn.myanimelist.net/images/anime/5/16086.jpg
14617,https://cdn.myanimelist.net/images/anime/2/40079.jpg
24133,https://cdn.myanimelist.net/images/anime/6/76211.jpg
10923,https://cdn.myanimelist.net/images/anime/13/33559.jpg
15673,https://cdn.myanimelist.net/images/anime/2/42663.jpg
1720,https://cdn.myanimelist.net/images/anime/7/74024.jpg
30547,https://cdn.myanimelist.net/images/anime/1682/90320.jpg
26453,https://cdn.myanimelist.net/images/anime/4/67523.jpg
2006,https://cdn.myanimelist.net/images/anime/1704/143278.jpg
303,https://cdn.myanimelist.net/images/anime/1/303.jpg
3266,https://cdn.myanimelist.net/images/anime/7/10173.jpg
3359,https://cdn.myanimelist.net/images/anime/12/75555.jpg
280,https://cdn.myanimelist.net/images/anime/1393/147234.jpg
1797,https://cdn.myanimelist.net/images/anime/1/1797.jpg
5116,https://cdn.myanimelist.net/images/anime/10/35525.jpg
17827,https://cdn.myanimelist.net/images/anime/9/75230.jpg
8624,https://cdn.myanimelist.net/images/anime/7/24495.jpg
28221,https://cdn.myanimelist.net/images/anime/7/73586.jpg
5155,https://cdn.myanimelist.net/images/anime/5/26659.jpg
19261,https://cdn.myanimelist.net/images/anime/1370/110954.jpg
18343,
2999,https://cdn.myanimelist.net/images/anime/4/4340.jpg
10079,https://cdn.myanimelist.net/images/anime/3/73521.jpg
21511,https://cdn.myanimelist.net/images/anime/4/73954.jpg
580,https://cdn.myanimelist.net/images/anime/13/63859.jpg
10122,https://cdn.myanimelist.net/images/anime/8/27907.jpg
1431,https://cdn.myanimelist.net/images/anime/1143/134195.jpg
1504,https://cdn.myanimelist.net/images/anime/5/11073.jpg
31884,https://cdn.myanimelist.net/images/anime/2/78333.jpg
1951,https://cdn.myanimelist.net/images/anime/6/18685.jpg
4232,https://cdn.myanimelist.net/images/anime/1217/94446.jpg
30514,https://cdn.myanimelist.net/images/anime/1940/121746.jpg
32634,
33606,https://cdn.myanimelist.net/images/anime/4/83792.jpg
17115,https://cdn.myanimelist.net/images/anime/1922/140256.jpg
1525,https://cdn.myanimelist.net/images/anime/5/21488.jpg
16678,https://cdn.myanimelist.net/images/anime/9/44900.jpg
31559,https://cdn.myanimelist.net/images/anime/6/77842.jpg
5996,https://cdn.myanimelist.net/images/anime/5/13038.jpg
1357,https://cdn.myanimelist.net/images/anime/6/2901.jpg
28625,https://cdn.myanimelist.net/images/anime/4/75468.jpg
7768,https://cdn.myanimelist.net/images/anime/10/26676.jpg
4166,https://cdn.myanimelist.net/images/anime/3/75476.jpg
687,https://cdn.myanimelist.net/images/anime/4/89298.jpg
711,https://cdn.myanimelist.net/images/anime/1708/142310.jpg
8422,https://cdn.myanimelist.net/images/anime/1167/118808.jpg
2746,https://cdn.myanimelist.net/images/anime/9/79923.jpg
19023,https://cdn.myanimelist.net/images/anime/5/58971.jpg
6165,https://cdn.myanimelist.net/images/anime/1528/152025.jpg
6489,https://cdn.myanimelist.net/images/anime/12/22142.jpg
1249,https://cdn.myanimelist.net/images/anime/1099/91067.jpg
31763,https://cdn.myanimelist.net/images/anime/5/87145.jpg
1762,https://cdn.myanimelist.net/images/anime/10/22254.jpg
10431,https://cdn.myanimelist.net/images/anime/12/29181.jpg
11703,https://cdn.myanimelist.net/images/anime/13/57251.jpg
891,https://cdn.myanimelist.net/images/anime/1220/121989.jpg
12035,https://cdn.myanimelist.net/images/anime/1842/112771.jpg
9347,https://cdn.myanimelist.net/images/anime/6/25892.jpg
1929,https://cdn.myanimelist.net/images/anime/3/7536.jpg
981,https://cdn.myanimelist.net/images/anime/1562/126978.jpg
5968,https://cdn.myanimelist.net/images/anime/10/14986.jpg
18045,https://cdn.myanimelist.net/images/anime/3/83000.jpg
1578,https://cdn.myanimelist.net/images/anime/1488/153479.jpg
1032,https://cdn.myanimelist.net/images/anime/2/43205.jpg
33197,https://cdn.myanimelist.net/images/anime/3/82289.jpg
1415,https://cdn.myanimelist.net/images/anime/13/61691.jpg
9630,https://cdn.myanimelist.net/images/anime/6/26667.jpg
2235,https://cdn.myanimelist.net/images/anime/13/76137.jpg
1174,https://cdn.myanimelist.net/images/anime/1134/114560.jpg
31442,https://cdn.myanimelist.net/images/anime/4/78339.jpg
229,https://cdn.myanimelist.net/images/anime/8/6591.jpg
28431,https://cdn.myanimelist.net/images/anime/5/70071.jpg
6201,https://cdn.myanimelist.net/images/anime/7/75519.jpg
1954,https://cdn.myanimelist.net/images/anime/1824/97041.jpg
1942,https://cdn.myanimelist.net/images/anime/2/79894.jpg
28105,
33491,https://cdn.myanimelist.net/images/anime/1158/100286.jpg
508,https://cdn.myanimelist.net/images/anime/1645/152927.jpg
1549,https://cdn.myanimelist.net/images/anime/1/2398.jpg
2832,https://cdn.myanimelist.net/images/anime/13/62923.jpg
971,https://cdn.myanimelist.net/images/anime/1611/94026.jpg
4999,
23369,https://cdn.myanimelist.net/images/anime/10/60369.jpg
1668,https://cdn.myanimelist.net/images/anime/1237/135138.jpg
1186,https://cdn.myanimelist.net/images/anime/1203/117431.jpg
8440,https://cdn.myanimelist.net/images/anime/13/22266.jpg
3456,https://cdn.myanimelist.net/images/anime/3/35473.jpg
2118,https://cdn.myanimelist.net/images/anime/1234/110683.jpg
1890,https://cdn.myanimelist.net/images/anime/13/3710.jpg
24169,https://cdn.myanimelist.net/images/anime/1183/152900.jpg
3031,https://cdn.myanimelist.net/images/anime/5/4416.jpg
993,https://cdn.myanimelist.net/images/anime/4/26319.jpg
7559,https://cdn.myanimelist.net/images/anime/7/33537.jpg
126,https://cdn.myanimelist.net/images/anime/6/16733.jpg
2230,https://cdn.myanimelist.net/images/anime/3/16095.jpg
11161,https://cdn.myanimelist.net/images/anime/10/30839.jpg
642,https://cdn.myanimelist.net/images/anime/8/5228.jpg
1192,https://cdn.myanimelist.net/images/anime/1799/112887.jpg
10213,https://cdn.myanimelist.net/images/anime/4/32541.jpg
2201,https://cdn.myanimelist.net/images/anime/10/23168.jpg
212,https://cdn.myanimelist.net/images/anime/2/58391.jpg
11227,https://cdn.myanimelist.net/images/anime/7/50439.jpg
29317,https://cdn.myanimelist.net/images/anime/6/70493.jpg
419,https://cdn.myanimelist.net/images/anime/1376/147349.jpg
11751,https://cdn.myanimelist.net/images/anime/11/75580.jpg
7375,https://cdn.myanimelist.net/images/anime/2/17657.jpg
1587,https://cdn.myanimelist.net/images/anime/1122/133858.jpg
2715,https://cdn.myanimelist.net/images/anime/6/58211.jpg
1540,
1111,https://cdn.myanimelist.net/images/anime/13/23643.jpg
31909,https://cdn.myanimelist.net/images/anime/12/76819.jpg
1024,https://cdn.myanimelist.net/images/anime/5/15408.jpg
1248,https://cdn.myanimelist.net/images/anime/1236/91066.jpg
29223,https://cdn.myanimelist.net/images/anime/2/70417.jpg
492,https://cdn.myanimelist.net/images/anime/1903/127567.jpg
405,https://cdn.myanimelist.net/images/anime/9/18913.jpg
2122,https://cdn.myanimelist.net/images/anime/1478/135494.jpg
2722,https://cdn.myanimelist.net/images/anime/7/24514.jpg
12565,https://cdn.myanimelist.net/images/anime/3/51045.jpg
3854,https://cdn.myanimelist.net/images/anime/13/6905.jpg
3710,https://cdn.myanimelist.net/images/anime/1692/113258.jpg
3227,https://cdn.myanimelist.net/images/anime/6/5110.jpg
4190,https://cdn.myanimelist.net/images/anime/6/7731.jpg
31234,https://cdn.myanimelist.net/images/anime/13/75074.jpg
5043,https://cdn.myanimelist.net/images/anime/1936/152384.jpg
8277,https://cdn.myanimelist.net/images/anime/9/27705.jpg
641,https://cdn.myanimelist.net/images/anime/1708/132578.jpg
20423,https://cdn.myanimelist.net/images/anime/6/59029.jpg
5914,https://cdn.myanimelist.net/images/anime/6/52677.jpg
15783,https://cdn.myanimelist.net/images/anime/1417/152958.jpg
193,https://cdn.myanimelist.net/images/anime/9/79204.jpg
2016,https://cdn.myanimelist.net/images/anime/1124/94313.jpg
1040,https://cdn.myanimelist.net/images/anime/1151/133513.jpg
9693,https://cdn.myanimelist.net/images/anime/9/29166.jpg
3615,https://cdn.myanimelist.net/images/anime/3/20960.jpg
561,https://cdn.myanimelist.net/images/anime/1641/107219.jpg
1166,https://cdn.myanimelist.net/images/anime/1468/148762.jpg
2029,https://cdn.myanimelist.net/images/anime/1239/100525.jpg
20021,https://cdn.myanimelist.net/images/anime/1927/121997.jpg
12727,https://cdn.myanimelist.net/images/anime/2/35741.jpg
2493,https://cdn.myanimelist.net/images/anime/13/3044.jpg
1129,https://cdn.myanimelist.net/images/anime/1915/133830.jpg
1481,https://cdn.myanimelist.net/images/anime/10/88001.jpg
30355,https://cdn.myanimelist.net/images/anime/2/74878.jpg
11837,https://cdn.myanimelist.net/images/anime/1955/123132.jpg
9547,https://cdn.myanimelist.net/images/anime/6/26447.jpg
750,https://cdn.myanimelist.net/images/anime/10/61143.jpg
6246,https://cdn.myanimelist.net/images/anime/1100/157676.jpg
25437,https://cdn.myanimelist.net/images/anime/13/66551.jpg
2684,https://cdn.myanimelist.net/images/anime/3/57419.jpg
2121,https://cdn.myanimelist.net/images/anime/1398/154789.jpg
32483,https://cdn.myanimelist.net/images/anime/1720/151223.jpg
514,https://cdn.myanimelist.net/images/anime/11/77004.jpg
22699,https://cdn.myanimelist.net/images/anime/1667/112037.jpg
124,https://cdn.myanimelist.net/images/anime/11/67701.jpg
2215,https://cdn.myanimelist.net/images/anime/1387/133796.jpg
1917,https://cdn.myanimelist.net/images/anime/1897/146713.jpg
1792,https://cdn.myanimelist.net/images/anime/5/44135.jpg
13377,https://cdn.myanimelist.net/images/anime/11/38901.jpg
19365,https://cdn.myanimelist.net/images/anime/11/54319.jpg
30806,https://cdn.myanimelist.net/images/anime/13/77386.jpg
884,https://cdn.myanimelist.net/images/anime/6/23992.jpg
19841,https://cdn.myanimelist.net/images/anime/2/53807.jpg
3248,
21851,https://cdn.myanimelist.net/images/anime/7/58483.jpg
3501,https://cdn.myanimelist.net/images/anime/7/5961.jpg
6479,https://cdn.myanimelist.net/images/anime/4/14762.jpg
2274,
1841,https://cdn.myanimelist.net/images/anime/5/23363.jpg
292,https://cdn.myanimelist.net/images/anime/1141/109328.jpg
896,https://cdn.myanimelist.net/images/anime/1956/90345.jpg
118,https://cdn.myanimelist.net/images/anime/1928/154391.jpg
2973,https://cdn.myanimelist.net/images/anime/5/11984.jpg
603,https://cdn.myanimelist.net/images/anime/1512/142456.jpg
2569,https://cdn.myanimelist.net/images/anime/5/12752.jpg
636,https://cdn.myanimelist.net/images/anime/7/20768.jpg
2772,https://cdn.myanimelist.net/images/anime/7/75193.jpg
1768,https://cdn.myanimelist.net/images/anime/1043/100239.jpg
5967,https://cdn.myanimelist.net/images/anime/9/22234.jpg
20889,https://cdn.myanimelist.net/images/anime/6/55167.jpg
6794,https://cdn.myanimelist.net/images/anime/5/23018.jpg
13247,https://cdn.myanimelist.net/images/anime/2/46379.jpg
32153,https://cdn.myanimelist.net/images/anime/12/77732.jpg
1509,https://cdn.myanimelist.net/images/anime/1/1509.jpg
1935,https://cdn.myanimelist.net/images/anime/1153/94528.jpg
936,https://cdn.myanimelist.net/images/anime/1114/134485.jpg
800,https://cdn.myanimelist.net/images/anime/8/18922.jpg
9884,https://cdn.myanimelist.net/images/anime/2/76965.jpg
31756,https://cdn.myanimelist.net/images/anime/13/76490.jpg
2363,https://cdn.myanimelist.net/images/anime/1231/141945.jpg
6973,https://cdn.myanimelist.net/images/anime/7/24229.jpg
8800,https://cdn.myanimelist.net/images/anime/3/26157.jpg
1703,https://cdn.myanimelist.net/images/anime/12/50493.jpg
2492,https://cdn.myanimelist.net/images/anime/8/3046.jpg
1648,https://cdn.myanimelist.net/images/anime/1419/133832.jpg
1923,https://cdn.myanimelist.net/images/anime/1671/142316.jpg
2087,https://cdn.myanimelist.net/images/anime/1282/152115.jpg
3196,https://cdn.myanimelist.net/images/anime/1853/156085.jpg
2554,https://cdn.myanimelist.net/images/anime/13/71674.jpg
28391,https://cdn.myanimelist.net/images/anime/9/77839.jpg
812,https://cdn.myanimelist.net/images/anime/1294/133834.jpg
2090,https://cdn.myanimelist.net/images/anime/7/13797.jpg
10259,https://cdn.myanimelist.net/images/anime/5/83826.jpg
1837,https://cdn.myanimelist.net/images/anime/8/84824.jpg
1930,https://cdn.myanimelist.net/images/anime/1688/142449.jpg
22189,https://cdn.myanimelist.net/images/anime/1687/148418.jpg
30039,https://cdn.myanimelist.net/images/anime/10/74881.jpg
10604,https://cdn.myanimelist.net/images/anime/2/29138.jpg
3349,https://cdn.myanimelist.net/images/anime/4/74159.jpg
28423,https://cdn.myanimelist.net/images/anime/13/73436.jpg
10893,https://cdn.myanimelist.net/images/anime/6/61947.jpg
6209,https://cdn.myanimelist.net/images/anime/6/13816.jpg
89,https://cdn.myanimelist.net/images/anime/1913/102693.jpg
18095,https://cdn.myanimelist.net/images/anime/6/57563.jpg
10549,https://cdn.myanimelist.net/images/anime/2/30615.jpg
12863,https://cdn.myanimelist.net/images/anime/8/36633.jpg
9127,https://cdn.myanimelist.net/images/anime/12/25282.jpg
300,https://cdn.myanimelist.net/images/anime/4/26940.jpg
15411,https://cdn.myanimelist.net/images/anime/10/41819.jpg
25045,https://cdn.myanimelist.net/images/anime/11/75964.jpg
11241,https://cdn.myanimelist.net/images/anime/1704/143834.jpg
1817,https://cdn.myanimelist.net/images/anime/7/83451.jpg
25907,https://cdn.myanimelist.net/images/anime/11/77289.jpg
261,https://cdn.myanimelist.net/images/anime/7/75575.jpg
24347,https://cdn.myanimelist.net/images/anime/3/62875.jpg
1501,https://cdn.myanimelist.net/images/anime/8/23765.jpg
9675,https://cdn.myanimelist.net/images/anime/11/26824.jpg
2243,https://cdn.myanimelist.net/images/anime/1/2445.jpg
1804,https://cdn.myanimelist.net/images/anime/1760/105953.jpg
1423,https://cdn.myanimelist.net/images/anime/13/61695.jpg
1398,https://cdn.myanimelist.net/images/anime/1412/138778.jpg
4086,https://cdn.myanimelist.net/images/anime/1388/99407.jpg
6890,https://cdn.myanimelist.net/images/anime/11/15994.jpg
23849,https://cdn.myanimelist.net/images/anime/11/71077.jpg
6112,https://cdn.myanimelist.net/images/anime/11/74035.jpg
1727,https://cdn.myanimelist.net/images/anime/1610/95574.jpg
8017,https://cdn.myanimelist.net/images/anime/1553/97716.jpg
21195,https://cdn.myanimelist.net/images/anime/4/60791.jpg
3071,https://cdn.myanimelist.net/images/anime/3/83050.jpg
882,https://cdn.myanimelist.net/images/anime/1807/125752.jpg
9875,https://cdn.myanimelist.net/images/anime/7/27303.jpg
2682,https://cdn.myanimelist.net/images/anime/1453/96649.jpg
14751,https://cdn.myanimelist.net/images/anime/1209/133699.jpg
8361,https://cdn.myanimelist.net/images/anime/10/22023.jpg
12549,https://cdn.myanimelist.net/images/anime/4/75102.jpg
1795,https://cdn.myanimelist.net/images/anime/7/82031.jpg
2520,https://cdn.myanimelist.net/images/anime/13/24380.jpg
266,https://cdn.myanimelist.net/images/anime/13/75520.jpg
262,https://cdn.myanimelist.net/images/anime/11/75578.jpg
1956,https://cdn.myanimelist.net/images/anime/6/85202.jpg
4196,https://cdn.myanimelist.net/images/anime/2/22922.jpg
17497,https://cdn.myanimelist.net/images/anime/5/47697.jpg
5045,https://cdn.myanimelist.net/images/anime/3/9848.jpg
20745,https://cdn.myanimelist.net/images/anime/1565/104629.jpg
34447,https://cdn.myanimelist.net/images/anime/11/83016.jpg
2248,https://cdn.myanimelist.net/images/anime/1/2473.jpg
9988,https://cdn.myanimelist.net/images/anime/1055/125886.jpg
19285,https://cdn.myanimelist.net/images/anime/3/51715.jpg
1603,https://cdn.myanimelist.net/images/anime/7/31063.jpg
391,https://cdn.myanimelist.net/images/anime/11/78319.jpg
20473,https://cdn.myanimelist.net/images/anime/11/73503.jpg
2725,https://cdn.myanimelist.net/images/anime/1274/94457.jpg
8023,https://cdn.myanimelist.net/images/anime/11/21780.jpg
2728,https://cdn.myanimelist.net/images/anime/4/34687.jpg
743,https://cdn.myanimelist.net/images/anime/1498/131411.jpg
595,https://cdn.myanimelist.net/images/anime/12/83082.jpg
4548,https://cdn.myanimelist.net/images/anime/11/74266.jpg
313,https://cdn.myanimelist.net/images/anime/1249/142309.jpg
244,https://cdn.myanimelist.net/images/anime/6/3149.jpg
1214,https://cdn.myanimelist.net/images/anime/1959/108682.jpg
2259,https://cdn.myanimelist.net/images/anime/1279/96440.jpg
32741,
1859,https://cdn.myanimelist.net/images/anime/1838/147878.jpg
29101,https://cdn.myanimelist.net/images/anime/9/71683.jpg
7580,https://cdn.myanimelist.net/images/anime/2/18209.jpg
22057,https://cdn.myanimelist.net/images/anime/5/64903.jpg
1230,https://cdn.myanimelist.net/images/anime/1104/131282.jpg
21671,https://cdn.myanimelist.net/images/anime/12/58163.jpg
11079,https://cdn.myanimelist.net/images/anime/9/87197.jpg
1707,https://cdn.myanimelist.net/images/anime/10/30373.jpg
670,https://cdn.myanimelist.net/images/anime/4/15900.jpg
630,https://cdn.myanimelist.net/images/anime/1444/106358.jpg
83,https://cdn.myanimelist.net/images/anime/1132/100198.jpg
2144,https://cdn.myanimelist.net/images/anime/1918/134487.jpg
7367,https://cdn.myanimelist.net/images/anime/11/27050.jpg
9568,https://cdn.myanimelist.net/images/anime/7/26485.jpg
33569,https://cdn.myanimelist.net/images/anime/8/81281.jpg
5940,https://cdn.myanimelist.net/images/anime/1352/150802.jpg
23201,https://cdn.myanimelist.net/images/anime/12/62511.jpg
538,https://cdn.myanimelist.net/images/anime/1837/151534.jpg
1517,https://cdn.myanimelist.net/images/anime/1768/100631.jpg
3086,https://cdn.myanimelist.net/images/anime/2/5181.jpg
423,https://cdn.myanimelist.net/images/anime/7/67335.jpg
1532,https://cdn.myanimelist.net/images/anime/7/85449.jpg
10622,https://cdn.myanimelist.net/images/anime/1611/152923.jpg
9005,https://cdn.myanimelist.net/images/anime/8/75477.jpg
19157,https://cdn.myanimelist.net/images/anime/6/58137.jpg
285,https://cdn.myanimelist.net/images/anime/8/9440.jpg
109,https://cdn.myanimelist.net/images/anime/10/22647.jpg
29589,https://cdn.myanimelist.net/images/anime/4/73475.jpg
115,https://cdn.myanimelist.net/images/anime/1843/139490.jpg
25011,https://cdn.myanimelist.net/images/anime/11/64197.jpg
10348,https://cdn.myanimelist.net/images/anime/4/28791.jpg
13281,https://cdn.myanimelist.net/images/anime/5/37387.jpg
3367,https://cdn.myanimelist.net/images/anime/1998/112984.jpg
25719,https://cdn.myanimelist.net/images/anime/11/67619.jpg
4353,https://cdn.myanimelist.net/images/anime/1766/126460.jpg
2793,
1448,https://cdn.myanimelist.net/images/anime/2/51647.jpg
1654,https://cdn.myanimelist.net/images/anime/1215/144195.jpg
7333,https://cdn.myanimelist.net/images/anime/3/17554.jpg
3991,https://cdn.myanimelist.net/images/anime/10/57289.jpg
23945,https://cdn.myanimelist.net/images/anime/8/64443.jpg
1018,https://cdn.myanimelist.net/images/anime/8/61841.jpg
7857,https://cdn.myanimelist.net/images/anime/12/26668.jpg
9917,https://cdn.myanimelist.net/images/anime/13/29620.jpg
25805,https://cdn.myanimelist.net/images/anime/4/72143.jpg
9806,https://cdn.myanimelist.net/images/anime/7/63587.jpg
14627,https://cdn.myanimelist.net/images/anime/10/40081.jpg
2965,https://cdn.myanimelist.net/images/anime/1587/154719.jpg
544,https://cdn.myanimelist.net/images/anime/1305/100582.jpg
2289,https://cdn.myanimelist.net/images/anime/1731/96495.jpg
6032,https://cdn.myanimelist.net/images/anime/9/53887.jpg
13029,https://cdn.myanimelist.net/images/anime/4/36603.jpg
9618,https://cdn.myanimelist.net/images/anime/7/26653.jpg
4151,https://cdn.myanimelist.net/images/anime/2/74074.jpg
1068,https://cdn.myanimelist.net/images/anime/1262/96449.jpg
62,https://cdn.myanimelist.net/images/anime/4/73936.jpg
17357,https://cdn.myanimelist.net/images/anime/1583/142429.jpg
894,https://cdn.myanimelist.net/images/anime/1258/90343.jpg
9330,
4124,https://cdn.myanimelist.net/images/anime/1640/98834.jpg
1760,https://cdn.myanimelist.net/images/anime/1476/102570.jpg
6726,https://cdn.myanimelist.net/images/anime/13/15465.jpg
4334,https://cdn.myanimelist.net/images/anime/10/23841.jpg
509,https://cdn.myanimelist.net/images/anime/1414/93964.jpg
5296,https://cdn.myanimelist.net/images/anime/1859/157701.jpg
1420,https://cdn.myanimelist.net/images/anime/4/61697.jpg
1502,https://cdn.myanimelist.net/images/anime/11/19979.jpg
6199,
10370,https://cdn.myanimelist.net/images/anime/1621/153180.jpg
2231,https://cdn.myanimelist.net/images/anime/1081/154966.jpg
7474,https://cdn.myanimelist.net/images/anime/10/17900.jpg
14685,https://cdn.myanimelist.net/images/anime/2/39945.jpg
9883,https://cdn.myanimelist.net/images/anime/1991/134376.jpg
1121,https://cdn.myanimelist.net/images/anime/13/75733.jpg
2420,https://cdn.myanimelist.net/images/anime/10/2723.jpg
8908,https://cdn.myanimelist.net/images/anime/2/63491.jpg
5734,https://cdn.myanimelist.net/images/anime/1094/153283.jpg
9063,https://cdn.myanimelist.net/images/anime/6/76118.jpg
4066,https://cdn.myanimelist.net/images/anime/7/21841.jpg
10513,https://cdn.myanimelist.net/images/anime/7/54015.jpg
6709,https://cdn.myanimelist.net/images/anime/2/15405.jpg
2212,https://cdn.myanimelist.net/images/anime/2/4071.jpg
404,https://cdn.myanimelist.net/images/anime/1419/99205.jpg
27737,https://cdn.myanimelist.net/images/anime/1114/131733.jpg
2131,https://cdn.myanimelist.net/images/anime/7/14709.jpg
1629,https://cdn.myanimelist.net/images/anime/1288/154436.jpg
3646,https://cdn.myanimelist.net/images/anime/1188/94727.jpg
24909,https://cdn.myanimelist.net/images/anime/12/64975.jpg
146,https://cdn.myanimelist.net/images/anime/1107/153262.jpg
554,https://cdn.myanimelist.net/images/anime/1036/97570.jpg
1290,https://cdn.myanimelist.net/images/anime/1/1290.jpg
4936,https://cdn.myanimelist.net/images/anime/5/82502.jpg
10740,https://cdn.myanimelist.net/images/anime/9/29621.jpg
1882,https://cdn.myanimelist.net/images/anime/7/5649.jpg
30464,https://cdn.myanimelist.net/images/anime/1815/109046.jpg
4075,https://cdn.myanimelist.net/images/anime/8/31081.jpg
33037,https://cdn.myanimelist.net/images/anime/8/80936.jpg
278,https://cdn.myanimelist.net/images/anime/1/278.jpg
20545,https://cdn.myanimelist.net/images/anime/1624/112109.jpg
2928,https://cdn.myanimelist.net/images/anime/1798/115989.jpg
13053,https://cdn.myanimelist.net/images/anime/1052/137527.jpg
26449,https://cdn.myanimelist.net/images/anime/1567/102409.jpg
3193,https://cdn.myanimelist.net/images/anime/3/5030.jpg
2205,https://cdn.myanimelist.net/images/anime/11/21537.jpg
33041,https://cdn.myanimelist.net/images/anime/2/82249.jpg
694,https://cdn.myanimelist.net/images/anime/6/74076.jpg
1219,https://cdn.myanimelist.net/images/anime/7/16825.jpg
15633,https://cdn.myanimelist.net/images/anime/1388/98050.jpg
14893,https://cdn.myanimelist.net/images/anime/11/51565.jpg
8536,https://cdn.myanimelist.net/images/anime/11/26876.jpg
13287,https://cdn.myanimelist.net/images/anime/7/37189.jpg
2494,https://cdn.myanimelist.net/images/anime/6/75603.jpg
649,https://cdn.myanimelist.net/images/anime/1235/153235.jpg
21407,https://cdn.myanimelist.net/images/anime/1973/94568.jpg
1645,https://cdn.myanimelist.net/images/anime/1367/148590.jpg
1721,https://cdn.myanimelist.net/images/anime/9/23639.jpg
15377,https://cdn.myanimelist.net/images/anime/5/45248.jpg
15609,https://cdn.myanimelist.net/images/anime/11/51459.jpg
8078,https://cdn.myanimelist.net/images/anime/8/19793.jpg
3948,https://cdn.myanimelist.net/images/anime/5/8864.jpg
6741,https://cdn.myanimelist.net/images/anime/7/24187.jpg
10945,
1469,https://cdn.myanimelist.net/images/anime/1044/113641.jpg
942,https://cdn.myanimelist.net/images/anime/9/75549.jpg
29129,https://cdn.myanimelist.net/images/anime/9/78439.jpg
2611,https://cdn.myanimelist.net/images/anime/1209/90479.jpg
1638,https://cdn.myanimelist.net/images/anime/1845/104533.jpg
623,https://cdn.myanimelist.net/images/anime/4/35193.jpg
10297,
10502,https://cdn.myanimelist.net/images/anime/1053/103696.jpg
18121,https://cdn.myanimelist.net/images/anime/1432/98659.jpg
605,https://cdn.myanimelist.net/images/anime/1671/94180.jpg
5037,https://cdn.myanimelist.net/images/anime/11/60717.jpg
31430,https://cdn.myanimelist.net/images/anime/9/78566.jpg
4804,https://cdn.myanimelist.net/images/anime/13/74022.jpg
23405,https://cdn.myanimelist.net/images/anime/6/61407.jpg
1112,https://cdn.myanimelist.net/images/anime/10/75448.jpg
2884,https://cdn.myanimelist.net/images/anime/2/4034.jpg
2688,https://cdn.myanimelist.net/images/anime/8/41797.jpg
27815,https://cdn.myanimelist.net/images/anime/1330/125016.jpg
12505,https://cdn.myanimelist.net/images/anime/8/79351.jpg
111,https://cdn.myanimelist.net/images/anime/1077/154260.jpg
2166,https://cdn.myanimelist.net/images/anime/8/75482.jpg
3053,https://cdn.myanimelist.net/images/anime/1322/90364.jpg
128,https://cdn.myanimelist.net/images/anime/6/75569.jpg
487,https://cdn.myanimelist.net/images/anime/1538/133872.jpg
3146,https://cdn.myanimelist.net/images/anime/6/4805.jpg
1169,https://cdn.myanimelist.net/images/anime/1882/96360.jpg
6069,https://cdn.myanimelist.net/images/anime/1811/103252.jpg
2178,https://cdn.myanimelist.net/images/anime/4/10219.jpg
2938,https://cdn.myanimelist.net/images/anime/11/20173.jpg
704,https://cdn.myanimelist.net/images/anime/1716/132253.jpg
5859,https://cdn.myanimelist.net/images/anime/6/12294.jpg
219,https://cdn.myanimelist.net/images/anime/10/51253.jpg
7135,https://cdn.myanimelist.net/images/anime/1282/133685.jpg
8062,https://cdn.myanimelist.net/images/anime/11/19697.jpg
860,https://cdn.myanimelist.net/images/anime/11/20439.jpg
3162,https://cdn.myanimelist.net/images/anime/1227/98642.jpg
8410,https://cdn.myanimelist.net/images/anime/1216/129561.jpg
88,https://cdn.myanimelist.net/images/anime/1637/95288.jpg
13201,https://cdn.myanimelist.net/images/anime/8/48023.jpg
21325,https://cdn.myanimelist.net/images/anime/11/58853.jpg
30365,https://cdn.myanimelist.net/images/anime/1568/95614.jpg
7396,https://cdn.myanimelist.net/images/anime/8/17744.jpg
2584,https://cdn.myanimelist.net/images/anime/10/24534.jpg
1377,https://cdn.myanimelist.net/images/anime/12/6787.jpg
1127,https://cdn.myanimelist.net/images/anime/1787/133829.jpg
29087,https://cdn.myanimelist.net/images/anime/13/82852.jpg
965,https://cdn.myanimelist.net/images/anime/1259/134889.jpg
886,https://cdn.myanimelist.net/images/anime/1686/153268.jpg
2120,https://cdn.myanimelist.net/images/anime/11/73342.jpg
16419,https://cdn.myanimelist.net/images/anime/13/46363.jpg
895,https://cdn.myanimelist.net/images/anime/1017/90344.jpg
1599,https://cdn.myanimelist.net/images/anime/1999/146926.jpg
6418,https://cdn.myanimelist.net/images/anime/12/32103.jpg
1800,https://cdn.myanimelist.net/images/anime/1173/148259.jpg
2784,https://cdn.myanimelist.net/images/anime/13/25446.jpg
29868,https://cdn.myanimelist.net/images/anime/13/74804.jpg
3288,https://cdn.myanimelist.net/images/anime/3/28142.jpg
1902,https://cdn.myanimelist.net/images/anime/1744/116808.jpg
1898,https://cdn.myanimelist.net/images/anime/10/44073.jpg
30376,https://cdn.myanimelist.net/images/anime/5/72823.jpg
17725,https://cdn.myanimelist.net/images/anime/7/75235.jpg
1805,https://cdn.myanimelist.net/images/anime/8/15445.jpg
7590,https://cdn.myanimelist.net/images/anime/1398/133870.jpg
25375,https://cdn.myanimelist.net/images/anime/11/64765.jpg
33372,https://cdn.myanimelist.net/images/anime/1779/152983.jpg
1597,https://cdn.myanimelist.net/images/anime/1070/154714.jpg
20743,https://cdn.myanimelist.net/images/anime/13/54899.jpg
33031,https://cdn.myanimelist.net/images/anime/9/80746.jpg
2263,https://cdn.myanimelist.net/images/anime/1843/124074.jpg
12783,https://cdn.myanimelist.net/images/anime/3/58059.jpg
1541,https://cdn.myanimelist.net/images/anime/12/17056.jpg
14629,https://cdn.myanimelist.net/images/anime/1698/95973.jpg
8754,https://cdn.myanimelist.net/images/anime/6/24189.jpg
22117,https://cdn.myanimelist.net/images/anime/1685/112971.jpg
27887,https://cdn.myanimelist.net/images/anime/4/67577.jpg
14117,https://cdn.myanimelist.net/images/anime/11/39001.jpg
2964,https://cdn.myanimelist.net/images/anime/3/50485.jpg
2119,https://cdn.myanimelist.net/images/anime/1902/134544.jpg
10578,https://cdn.myanimelist.net/images/anime/13/32285.jpg
1755,https://cdn.myanimelist.net/images/anime/1633/135405.jpg
17419,
296,https://cdn.myanimelist.net/images/anime/1/2214.jpg
12471,https://cdn.myanimelist.net/images/anime/1964/150161.jpg
377,https://cdn.myanimelist.net/images/anime/8/26197.jpg
19109,https://cdn.myanimelist.net/images/anime/3/51235.jpg
7254,https://cdn.myanimelist.net/images/anime/7/17245.jpg
12461,https://cdn.myanimelist.net/images/anime/3/36925.jpg
8465,https://cdn.myanimelist.net/images/anime/3/80505.jpg
3326,https://cdn.myanimelist.net/images/anime/5/5344.jpg
12963,https://cdn.myanimelist.net/images/anime/1750/103979.jpg
10098,https://cdn.myanimelist.net/images/anime/6/36685.jpg
4262,https://cdn.myanimelist.net/images/anime/4/20740.jpg
2695,https://cdn.myanimelist.net/images/anime/5/75776.jpg
1243,https://cdn.myanimelist.net/images/anime/1208/111006.jpg
28819,https://cdn.myanimelist.net/images/anime/12/75012.jpg
31980,https://cdn.myanimelist.net/images/anime/12/78265.jpg
9922,https://cdn.myanimelist.net/images/anime/9/75449.jpg
1035,https://cdn.myanimelist.net/images/anime/6/3887.jpg
6275,https://cdn.myanimelist.net/images/anime/4/14003.jpg
10933,https://cdn.myanimelist.net/images/anime/5/30175.jpg
13727,https://cdn.myanimelist.net/images/anime/10/38259.jpg
32151,https://cdn.myanimelist.net/images/anime/8/77264.jpg
21879,https://cdn.myanimelist.net/images/anime/1944/122685.jpg
26395,https://cdn.myanimelist.net/images/anime/10/73472.jpg
28835,https://cdn.myanimelist.net/images/anime/9/72297.jpg
688,https://cdn.myanimelist.net/images/anime/3/25392.jpg
6166,https://cdn.myanimelist.net/images/anime/7/75583.jpg
8648,https://cdn.myanimelist.net/images/anime/6/23822.jpg
31147,https://cdn.myanimelist.net/images/anime/3/76143.jpg
16355,https://cdn.myanimelist.net/images/anime/13/52139.jpg
5802,https://cdn.myanimelist.net/images/anime/11/12164.jpg
22513,https://cdn.myanimelist.net/images/anime/4/59239.jpg
32415,https://cdn.myanimelist.net/images/anime/11/77787.jpg
4486,
3602,https://cdn.myanimelist.net/images/anime/11/6083.jpg
646,https://cdn.myanimelist.net/images/anime/1163/94507.jpg
1082,https://cdn.myanimelist.net/images/anime/7/49131.jpg
2598,https://cdn.myanimelist.net/images/anime/1312/148892.jpg
7148,https://cdn.myanimelist.net/images/anime/7/75252.jpg
21235,https://cdn.myanimelist.net/images/anime/1917/122380.jpg
25897,https://cdn.myanimelist.net/images/anime/1086/137410.jpg
273,https://cdn.myanimelist.net/images/anime/11/18931.jpg
24371,https://cdn.myanimelist.net/images/anime/4/62957.jpg
3618,https://cdn.myanimelist.net/images/anime/5/25163.jpg
1074,https://cdn.myanimelist.net/images/anime/10/11244.jpg
466,https://cdn.myanimelist.net/images/anime/1365/154275.jpg
19099,https://cdn.myanimelist.net/images/anime/10/69025.jpg
6560,https://cdn.myanimelist.net/images/anime/1152/154258.jpg
30749,https://cdn.myanimelist.net/images/anime/12/76664.jpg
7016,https://cdn.myanimelist.net/images/anime/5/19773.jpg
30381,
3954,https://cdn.myanimelist.net/images/anime/8/24936.jpg
30567,https://cdn.myanimelist.net/images/anime/9/75010.jpg
1218,https://cdn.myanimelist.net/images/anime/1/1218.jpg
5505,https://cdn.myanimelist.net/images/anime/10/56471.jpg
1487,https://cdn.myanimelist.net/images/anime/2/23078.jpg
33419,https://cdn.myanimelist.net/images/anime/10/80312.jpg
2579,https://cdn.myanimelist.net/images/anime/12/69559.jpg
4657,https://cdn.myanimelist.net/images/anime/1301/134025.jpg
495,https://cdn.myanimelist.net/images/anime/1607/96463.jpg
2705,https://cdn.myanimelist.net/images/anime/7/26251.jpg
11457,https://cdn.myanimelist.net/images/anime/6/35927.jpg
4362,https://cdn.myanimelist.net/images/anime/11/27729.jpg
3012,https://cdn.myanimelist.net/images/anime/1869/152913.jpg
19889,https://cdn.myanimelist.net/images/anime/3/54119.jpg
15895,https://cdn.myanimelist.net/images/anime/4/46827.jpg
10359,https://cdn.myanimelist.net/images/anime/7/28699.jpg
757,https://cdn.myanimelist.net/images/anime/5/27052.jpg
865,https://cdn.myanimelist.net/images/anime/13/11236.jpg
31930,
7322,https://cdn.myanimelist.net/images/anime/12/17467.jpg
12659,https://cdn.myanimelist.net/images/anime/3/35517.jpg
25259,https://cdn.myanimelist.net/images/anime/12/64949.jpg
1748,https://cdn.myanimelist.net/images/anime/1714/154718.jpg
5526,https://cdn.myanimelist.net/images/anime/1927/97383.jpg
11911,https://cdn.myanimelist.net/images/anime/4/33291.jpg
23871,https://cdn.myanimelist.net/images/anime/1493/149924.jpg
20843,https://cdn.myanimelist.net/images/anime/13/74395.jpg
30919,https://cdn.myanimelist.net/images/anime/11/76251.jpg
422,https://cdn.myanimelist.net/images/anime/7/7664.jpg
6162,https://cdn.myanimelist.net/images/anime/1485/99932.jpg
22759,https://cdn.myanimelist.net/images/anime/2/76119.jpg
1265,https://cdn.myanimelist.net/images/anime/1484/92210.jpg
1550,https://cdn.myanimelist.net/images/anime/1324/135450.jpg
10897,https://cdn.myanimelist.net/images/anime/8/30097.jpg
357,https://cdn.myanimelist.net/images/anime/10/13210.jpg
2255,https://cdn.myanimelist.net/images/anime/5/30451.jpg
2703,https://cdn.myanimelist.net/images/anime/1226/119140.jpg
8365,https://cdn.myanimelist.net/images/anime/6/22029.jpg
293,https://cdn.myanimelist.net/images/anime/1610/152129.jpg
12343,https://cdn.myanimelist.net/images/anime/9/35253.jpg
563,https://cdn.myanimelist.net/images/anime/1433/103506.jpg
378,https://cdn.myanimelist.net/images/anime/13/26195.jpg
23115,https://cdn.myanimelist.net/images/anime/2/72302.jpg
318,https://cdn.myanimelist.net/images/anime/1497/140178.jpg
2217,https://cdn.myanimelist.net/images/anime/3/34485.jpg
30651,https://cdn.myanimelist.net/images/anime/10/76473.jpg
18053,https://cdn.myanimelist.net/images/anime/11/82999.jpg
13367,https://cdn.myanimelist.net/images/anime/5/75534.jpg
557,https://cdn.myanimelist.net/images/anime/4/21112.jpg
17585,
22661,https://cdn.myanimelist.net/images/anime/13/60173.jpg
4136,https://cdn.myanimelist.net/images/anime/2/8270.jpg
1771,https://cdn.myanimelist.net/images/anime/1063/149686.jpg
11635,https://cdn.myanimelist.net/images/anime/12/34505.jpg
27709,https://cdn.myanimelist.net/images/anime/4/69895.jpg
4031,https://cdn.myanimelist.net/images/anime/1672/94168.jpg
6330,https://cdn.myanimelist.net/images/anime/2/14207.jpg
2934,https://cdn.myanimelist.net/images/anime/1969/148942.jpg
2811,https://cdn.myanimelist.net/images/anime/1557/112988.jpg
2620,https://cdn.myanimelist.net/images/anime/1351/138787.jpg
11787,https://cdn.myanimelist.net/images/anime/13/32953.jpg
924,https://cdn.myanimelist.net/images/anime/1437/92789.jpg
3964,https://cdn.myanimelist.net/images/anime/12/7122.jpg
6964,https://cdn.myanimelist.net/images/anime/5/19920.jpg
9624,https://cdn.myanimelist.net/images/anime/2/81172.jpg
17082,https://cdn.myanimelist.net/images/anime/4/60699.jpg
10582,https://cdn.myanimelist.net/images/anime/11/30853.jpg
2786,https://cdn.myanimelist.net/images/anime/10/21146.jpg
5082,https://cdn.myanimelist.net/images/anime/7/21150.jpg
723,https://cdn.myanimelist.net/images/anime/11/66847.jpg
897,https://cdn.myanimelist.net/images/anime/1620/93667.jpg
771,https://cdn.myanimelist.net/images/anime/5/75548.jpg
248,https://cdn.myanimelist.net/images/anime/1157/132580.jpg
24629,https://cdn.myanimelist.net/images/anime/4/71963.jpg
15005,https://cdn.myanimelist.net/images/anime/4/77066.jpg
21415,https://cdn.myanimelist.net/images/anime/5/56525.jpg
21835,https://cdn.myanimelist.net/images/anime/1490/90396.jpg
8599,https://cdn.myanimelist.net/images/anime/10/23635.jpg
4306,https://cdn.myanimelist.net/images/anime/11/8110.jpg
1247,https://cdn.myanimelist.net/images/anime/2/34565.jpg
30292,https://cdn.myanimelist.net/images/anime/9/72495.jpg
7774,https://cdn.myanimelist.net/images/anime/1203/129469.jpg
2180,https://cdn.myanimelist.net/images/anime/1/2341.jpg
7329,
14853,https://cdn.myanimelist.net/images/anime/12/53171.jpg
447,https://cdn.myanimelist.net/images/anime/13/23697.jpg
10532,https://cdn.myanimelist.net/images/anime/12/28941.jpg
1893,https://cdn.myanimelist.net/images/anime/1145/130859.jpg
32664,https://cdn.myanimelist.net/images/anime/11/80200.jpg
9353,https://cdn.myanimelist.net/images/anime/12/26017.jpg
24823,https://cdn.myanimelist.net/images/anime/4/66563.jpg
1756,https://cdn.myanimelist.net/images/anime/2/28182.jpg
10260,https://cdn.myanimelist.net/images/anime/11/35775.jpg
6527,https://cdn.myanimelist.net/images/anime/1462/142442.jpg
33658,https://cdn.myanimelist.net/images/anime/3/80920.jpg
297,https://cdn.myanimelist.net/images/anime/1691/114822.jpg
11255,https://cdn.myanimelist.net/images/anime/1452/138211.jpg
12585,https://cdn.myanimelist.net/images/anime/12/86762.jpg
9750,https://cdn.myanimelist.net/images/anime/5/75197.jpg
2457,https://cdn.myanimelist.net/images/anime/2/2904.jpg
30379,https://cdn.myanimelist.net/images/anime/6/76840.jpg
17855,https://cdn.myanimelist.net/images/anime/6/62207.jpg
594,https://cdn.myanimelist.net/images/anime/1932/152971.jpg
19855,https://cdn.myanimelist.net/images/anime/13/58141.jpg
616,https://cdn.myanimelist.net/images/anime/10/10506.jpg
10197,https://cdn.myanimelist.net/images/anime/11/46147.jpg
1300,https://cdn.myanimelist.net/images/anime/13/14714.jpg
2826,https://cdn.myanimelist.net/images/anime/13/64339.jpg
8705,https://cdn.myanimelist.net/images/anime/3/23998.jpg
4069,https://cdn.myanimelist.net/images/anime/1443/138449.jpg
10823,https://cdn.myanimelist.net/images/anime/6/29891.jpg
25859,https://cdn.myanimelist.net/images/anime/11/72544.jpg
33142,https://cdn.myanimelist.net/images/anime/8/81258.jpg
2511,https://cdn.myanimelist.net/images/anime/4/50909.jpg
1103,https://cdn.myanimelist.net/images/anime/11/75451.jpg
32555,https://cdn.myanimelist.net/images/anime/3/81471.jpg
1001,https://cdn.myanimelist.net/images/anime/3/21407.jpg
10074,https://cdn.myanimelist.net/images/anime/6/28914.jpg
926,https://cdn.myanimelist.net/images/anime/1182/92790.jpg
21845,https://cdn.myanimelist.net/images/anime/1414/112510.jpg
1952,https://cdn.myanimelist.net/images/anime/1078/131326.jpg
23487,https://cdn.myanimelist.net/images/anime/12/73603.jpg
14355,https://cdn.myanimelist.net/images/anime/7/75525.jpg
2387,https://cdn.myanimelist.net/images/anime/5/2646.jpg
19429,https://cdn.myanimelist.net/images/anime/6/60479.jpg
1123,https://cdn.myanimelist.net/images/anime/4/21570.jpg
7229,https://cdn.myanimelist.net/images/anime/5/17826.jpg
3853,
234,https://cdn.myanimelist.net/images/anime/3/15231.jpg
1802,https://cdn.myanimelist.net/images/anime/1405/91068.jpg
5973,https://cdn.myanimelist.net/images/anime/2/12946.jpg
271,https://cdn.myanimelist.net/images/anime/5/12863.jpg
32946,https://cdn.myanimelist.net/images/anime/1475/98000.jpg
797,https://cdn.myanimelist.net/images/anime/1573/119819.jpg
6882,https://cdn.myanimelist.net/images/anime/2/15991.jpg
16928,https://cdn.myanimelist.net/images/anime/9/47967.jpg
6958,https://cdn.myanimelist.net/images/anime/1628/98051.jpg
18247,https://cdn.myanimelist.net/images/anime/12/49359.jpg
8208,https://cdn.myanimelist.net/images/anime/13/21280.jpg
2704,https://cdn.myanimelist.net/images/anime/5/20557.jpg
20909,https://cdn.myanimelist.net/images/anime/10/72218.jpg
1433,https://cdn.myanimelist.net/images/anime/1915/134262.jpg
28817,https://cdn.myanimelist.net/images/anime/6/73590.jpg
33741,https://cdn.myanimelist.net/images/anime/3/82621.jpg
921,https://cdn.myanimelist.net/images/anime/13/46145.jpg
13173,https://cdn.myanimelist.net/images/anime/9/40249.jpg
1881,https://cdn.myanimelist.net/images/anime/13/75246.jpg
13619,https://cdn.myanimelist.net/images/anime/8/37831.jpg
6500,https://cdn.myanimelist.net/images/anime/1212/97589.jpg
27419,https://cdn.myanimelist.net/images/anime/2/66549.jpg
32228,https://cdn.myanimelist.net/images/anime/6/77830.jpg
23067,https://cdn.myanimelist.net/images/anime/1753/147435.jpg
1043,https://cdn.myanimelist.net/images/anime/12/20546.jpg
179,https://cdn.myanimelist.net/images/anime/2/3132.jpg
3069,https://cdn.myanimelist.net/images/anime/13/83042.jpg
1749,https://cdn.myanimelist.net/images/anime/12/32069.jpg
1497,https://cdn.myanimelist.net/images/anime/6/3159.jpg
9736,https://cdn.myanimelist.net/images/anime/3/75562.jpg
1593,https://cdn.myanimelist.net/images/anime/1186/139941.jpg
288,https://cdn.myanimelist.net/images/anime/1429/127983.jpg
32379,https://cdn.myanimelist.net/images/anime/10/79352.jpg
22745,https://cdn.myanimelist.net/images/anime/3/59141.jpg
2802,https://cdn.myanimelist.net/images/anime/1510/94758.jpg
11177,https://cdn.myanimelist.net/images/anime/1686/119340.jpg
31050,https://cdn.myanimelist.net/images/anime/1985/121991.jpg
1757,https://cdn.myanimelist.net/images/anime/1936/154721.jpg
2795,https://cdn.myanimelist.net/images/anime/1523/134026.jpg
8187,https://cdn.myanimelist.net/images/anime/9/20806.jpg
260,https://cdn.myanimelist.net/images/anime/3/75576.jpg
21541,https://cdn.myanimelist.net/images/anime/11/56869.jpg
17919,https://cdn.myanimelist.net/images/anime/5/73434.jpg
26183,https://cdn.myanimelist.net/images/anime/1413/133384.jpg
24821,https://cdn.myanimelist.net/images/anime/8/69879.jpg
667,https://cdn.myanimelist.net/images/anime/1516/143740.jpg
30915,https://cdn.myanimelist.net/images/anime/3/74387.jpg
18495,https://cdn.myanimelist.net/images/anime/9/59639.jpg
25939,https://cdn.myanimelist.net/images/anime/9/72718.jpg
86,https://cdn.myanimelist.net/images/anime/1964/149469.jpg
9040,https://cdn.myanimelist.net/images/anime/13/25033.jpg
1109,https://cdn.myanimelist.net/images/anime/5/10372.jpg
15431,https://cdn.myanimelist.net/images/anime/6/41923.jpg
2970,https://cdn.myanimelist.net/images/anime/12/75604.jpg
21177,https://cdn.myanimelist.net/images/anime/10/57803.jpg
919,https://cdn.myanimelist.net/images/anime/1002/138790.jpg
11491,https://cdn.myanimelist.net/images/anime/13/33003.jpg
3024,https://cdn.myanimelist.net/images/anime/1806/150475.jpg
23459,
533,https://cdn.myanimelist.net/images/anime/9/65565.jpg
19391,https://cdn.myanimelist.net/images/anime/8/53477.jpg
420,https://cdn.myanimelist.net/images/anime/1549/134328.jpg
12857,
10702,
7330,https://cdn.myanimelist.net/images/anime/6/17586.jpg
1675,https://cdn.myanimelist.net/images/anime/1231/104729.jpg
5484,https://cdn.myanimelist.net/images/anime/13/61001.jpg
1266,https://cdn.myanimelist.net/images/anime/1504/92211.jpg
12455,https://cdn.myanimelist.net/images/anime/10/34985.jpg
28789,https://cdn.myanimelist.net/images/anime/1732/150317.jpg
373,https://cdn.myanimelist.net/images/anime/7/10720.jpg
2089,https://cdn.myanimelist.net/images/anime/13/24517.jpg
63,https://cdn.myanimelist.net/images/anime/1207/98872.jpg
1317,https://cdn.myanimelist.net/images/anime/6/6087.jpg
18851,https://cdn.myanimelist.net/images/anime/7/60279.jpg
1996,https://cdn.myanimelist.net/images/anime/4/16208.jpg
850,https://cdn.myanimelist.net/images/anime/12/70143.jpg
1581,https://cdn.myanimelist.net/images/anime/2/75540.jpg
385,https://cdn.myanimelist.net/images/anime/13/6640.jpg
10470,https://cdn.myanimelist.net/images/anime/12/49159.jpg
1904,https://cdn.myanimelist.net/images/anime/4/72172.jpg
25689,https://cdn.myanimelist.net/images/anime/6/73391.jpg
2905,https://cdn.myanimelist.net/images/anime/1636/138210.jpg
24451,https://cdn.myanimelist.net/images/anime/3/69591.jpg
1204,https://cdn.myanimelist.net/images/anime/1022/112889.jpg
671,https://cdn.myanimelist.net/images/anime/5/36417.jpg
27857,https://cdn.myanimelist.net/images/anime/11/67479.jpg
11209,https://cdn.myanimelist.net/images/anime/7/36929.jpg
1161,https://cdn.myanimelist.net/images/anime/4/20383.jpg
11615,
2603,https://cdn.myanimelist.net/images/anime/1624/103472.jpg
18099,https://cdn.myanimelist.net/images/anime/6/50651.jpg
11483,https://cdn.myanimelist.net/images/anime/1644/107265.jpg
33524,https://cdn.myanimelist.net/images/anime/5/80646.jpg
3005,https://cdn.myanimelist.net/images/anime/6/4352.jpg
2580,https://cdn.myanimelist.net/images/anime/8/3433.jpg
2299,https://cdn.myanimelist.net/images/anime/2/17858.jpg
1277,https://cdn.myanimelist.net/images/anime/1984/110828.jpg
27939,https://cdn.myanimelist.net/images/anime/1508/149710.jpg
1957,https://cdn.myanimelist.net/images/anime/13/28128.jpg
937,
3271,https://cdn.myanimelist.net/images/anime/1418/103211.jpg
9001,https://cdn.myanimelist.net/images/anime/1969/104021.jpg
17731,https://cdn.myanimelist.net/images/anime/1741/91386.jpg
3394,https://cdn.myanimelist.net/images/anime/1160/94283.jpg
2106,https://cdn.myanimelist.net/images/anime/8/21586.jpg
10732,https://cdn.myanimelist.net/images/anime/13/32975.jpg
3057,https://cdn.myanimelist.net/images/anime/10/22681.jpg
518,https://cdn.myanimelist.net/images/anime/1704/105810.jpg
626,https://cdn.myanimelist.net/images/anime/1386/120773.jpg
29855,https://cdn.myanimelist.net/images/anime/11/73855.jpg
12503,https://cdn.myanimelist.net/images/anime/2/38423.jpg
3438,https://cdn.myanimelist.net/images/anime/5/58213.jpg
13833,https://cdn.myanimelist.net/images/anime/7/38377.jpg
10807,https://cdn.myanimelist.net/images/anime/2/29848.jpg
32625,https://cdn.myanimelist.net/images/anime/12/78487.jpg
23299,https://cdn.myanimelist.net/images/anime/10/60229.jpg
4793,
2161,https://cdn.myanimelist.net/images/anime/1273/115661.jpg
1618,https://cdn.myanimelist.net/images/anime/5/30937.jpg
1544,https://cdn.myanimelist.net/images/anime/6/24378.jpg
31440,
3686,https://cdn.myanimelist.net/images/anime/1511/128538.jpg
25397,https://cdn.myanimelist.net/images/anime/4/68839.jpg
3835,https://cdn.myanimelist.net/images/anime/1792/110187.jpg
25241,https://cdn.myanimelist.net/images/anime/6/64537.jpg
1750,https://cdn.myanimelist.net/images/anime/8/75971.jpg
20543,https://cdn.myanimelist.net/images/anime/1243/113390.jpg
15879,https://cdn.myanimelist.net/images/anime/9/43245.jpg
4508,https://cdn.myanimelist.net/images/anime/9/8620.jpg
1752,https://cdn.myanimelist.net/images/anime/13/28181.jpg
29413,https://cdn.myanimelist.net/images/anime/5/70713.jpg
2042,https://cdn.myanimelist.net/images/anime/11/76054.jpg
3381,https://cdn.myanimelist.net/images/anime/1828/143218.jpg
17679,
6653,
3037,https://cdn.myanimelist.net/images/anime/11/49257.jpg
1325,https://cdn.myanimelist.net/images/anime/7/20972.jpg
7579,https://cdn.myanimelist.net/images/anime/3/18198.jpg
1316,https://cdn.myanimelist.net/images/anime/1691/133569.jpg
637,https://cdn.myanimelist.net/images/anime/5/19958.jpg
2556,https://cdn.myanimelist.net/images/anime/6/75997.jpg
618,https://cdn.myanimelist.net/images/anime/1898/103439.jpg
913,https://cdn.myanimelist.net/images/anime/7/2768.jpg
32287,https://cdn.myanimelist.net/images/anime/1739/148496.jpg
3085,https://cdn.myanimelist.net/images/anime/1175/116677.jpg
4050,https://cdn.myanimelist.net/images/anime/1366/97806.jpg
9335,https://cdn.myanimelist.net/images/anime/1358/112335.jpg
222,https://cdn.myanimelist.net/images/anime/9/3235.jpg
32962,https://cdn.myanimelist.net/images/anime/8/81186.jpg
14199,https://cdn.myanimelist.net/images/anime/6/42111.jpg
23363,https://cdn.myanimelist.net/images/anime/9/60363.jpg
6666,https://cdn.myanimelist.net/images/anime/1775/90900.jpg
17573,https://cdn.myanimelist.net/images/anime/2/47201.jpg
9107,https://cdn.myanimelist.net/images/anime/7/26135.jpg
14093,https://cdn.myanimelist.net/images/anime/1904/140254.jpg
5256,https://cdn.myanimelist.net/images/anime/1726/109889.jpg
6877,https://cdn.myanimelist.net/images/anime/1135/152985.jpg
26019,https://cdn.myanimelist.net/images/anime/6/65859.jpg
25285,https://cdn.myanimelist.net/images/anime/6/64599.jpg
2033,https://cdn.myanimelist.net/images/anime/1836/149762.jpg
23439,https://cdn.myanimelist.net/images/anime/1426/95659.jpg
8230,https://cdn.myanimelist.net/images/anime/6/21290.jpg
3761,https://cdn.myanimelist.net/images/anime/1993/129946.jpg
2032,https://cdn.myanimelist.net/images/anime/13/23585.jpg
1533,https://cdn.myanimelist.net/images/anime/7/20446.jpg
23627,https://cdn.myanimelist.net/images/anime/3/62109.jpg
33046,https://cdn.myanimelist.net/images/anime/4/79984.jpg
1669,https://cdn.myanimelist.net/images/anime/1230/118855.jpg
1136,https://cdn.myanimelist.net/images/anime/1157/91069.jpg
2495,https://cdn.myanimelist.net/images/anime/1821/128740.jpg
4503,https://cdn.myanimelist.net/images/anime/1564/96451.jpg
2953,https://cdn.myanimelist.net/images/anime/1159/133739.jpg
13731,https://cdn.myanimelist.net/images/anime/7/38107.jpg
3481,https://cdn.myanimelist.net/images/anime/1125/99760.jpg
9515,https://cdn.myanimelist.net/images/anime/1746/97780.jpg
2050,https://cdn.myanimelist.net/images/anime/10/79406.jpg
1409,https://cdn.myanimelist.net/images/anime/4/71648.jpg
5333,https://cdn.myanimelist.net/images/anime/1639/138207.jpg
12991,https://cdn.myanimelist.net/images/anime/11/36477.jpg
148,https://cdn.myanimelist.net/images/anime/1488/132892.jpg
4320,https://cdn.myanimelist.net/images/anime/1633/134186.jpg
17743,https://cdn.myanimelist.net/images/anime/2/47281.jpg
8245,https://cdn.myanimelist.net/images/anime/8/26283.jpg
9581,https://cdn.myanimelist.net/images/anime/7/26547.jpg
26351,https://cdn.myanimelist.net/images/anime/3/73527.jpg
5865,https://cdn.myanimelist.net/images/anime/10/47051.jpg
615,https://cdn.myanimelist.net/images/anime/5/77618.jpg
1182,https://cdn.myanimelist.net/images/anime/1408/94311.jpg
23209,https://cdn.myanimelist.net/images/anime/1112/130966.jpg
28063,https://cdn.myanimelist.net/images/anime/3/68219.jpg
15125,https://cdn.myanimelist.net/images/anime/1703/98658.jpg
1822,https://cdn.myanimelist.net/images/anime/1678/146240.jpg
473,https://cdn.myanimelist.net/images/anime/9/75832.jpg
4467,https://cdn.myanimelist.net/images/anime/8/8532.jpg
20267,https://cdn.myanimelist.net/images/anime/1347/102594.jpg
29017,https://cdn.myanimelist.net/images/anime/8/75011.jpg
11755,https://cdn.myanimelist.net/images/anime/9/40189.jpg
27911,https://cdn.myanimelist.net/images/anime/4/69621.jpg
7805,https://cdn.myanimelist.net/images/anime/9/67301.jpg
14827,https://cdn.myanimelist.net/images/anime/12/44167.jpg
4712,https://cdn.myanimelist.net/images/anime/3/61029.jpg
6714,https://cdn.myanimelist.net/images/anime/2/55203.jpg
13263,https://cdn.myanimelist.net/images/anime/4/64273.jpg
2319,https://cdn.myanimelist.net/images/anime/2/11705.jpg
259,https://cdn.myanimelist.net/images/anime/6/15349.jpg
2224,https://cdn.myanimelist.net/images/anime/1994/153357.jpg
6008,https://cdn.myanimelist.net/images/anime/1905/155309.jpg
1660,https://cdn.myanimelist.net/images/anime/1266/133852.jpg
2911,https://cdn.myanimelist.net/images/anime/5/21657.jpg
2038,https://cdn.myanimelist.net/images/anime/1874/134372.jpg
4052,https://cdn.myanimelist.net/images/anime/2/19960.jpg
17655,https://cdn.myanimelist.net/images/anime/5/52775.jpg
6736,https://cdn.myanimelist.net/images/anime/5/23740.jpg
33075,https://cdn.myanimelist.net/images/anime/7/82387.jpg
10936,https://cdn.myanimelist.net/images/anime/4/30178.jpg
24991,https://cdn.myanimelist.net/images/anime/7/71783.jpg
24705,https://cdn.myanimelist.net/images/anime/11/75057.jpg
2615,https://cdn.myanimelist.net/images/anime/4/22360.jpg
3366,https://cdn.myanimelist.net/images/anime/1231/97049.jpg
16718,https://cdn.myanimelist.net/images/anime/5/44956.jpg
1742,https://cdn.myanimelist.net/images/anime/3/31923.jpg
2619,https://cdn.myanimelist.net/images/anime/1856/138786.jpg
12699,https://cdn.myanimelist.net/images/anime/5/48841.jpg
33811,https://cdn.myanimelist.net/images/anime/8/81424.jpg
3008,https://cdn.myanimelist.net/images/anime/1791/134556.jpg
7591,https://cdn.myanimelist.net/images/anime/5/18878.jpg
6129,https://cdn.myanimelist.net/images/anime/7/15586.jpg
31521,https://cdn.myanimelist.net/images/anime/1584/112511.jpg
1718,https://cdn.myanimelist.net/images/anime/1/1718.jpg
315,https://cdn.myanimelist.net/images/anime/8/28202.jpg
298,https://cdn.myanimelist.net/images/anime/4/78321.jpg
2221,https://cdn.myanimelist.net/images/anime/7/30629.jpg
8950,https://cdn.myanimelist.net/images/anime/1044/149782.jpg
9706,https://cdn.myanimelist.net/images/anime/8/26908.jpg
1149,https://cdn.myanimelist.net/images/anime/11/75167.jpg
31851,https://cdn.myanimelist.net/images/anime/10/76892.jpg
987,https://cdn.myanimelist.net/images/anime/1128/121990.jpg
236,https://cdn.myanimelist.net/images/anime/2/6260.jpg
504,https://cdn.myanimelist.net/images/anime/1460/92435.jpg
23499,https://cdn.myanimelist.net/images/anime/10/79189.jpg
29853,https://cdn.myanimelist.net/images/anime/11/71676.jpg
1706,https://cdn.myanimelist.net/images/anime/5/15442.jpg
15729,https://cdn.myanimelist.net/images/anime/9/43079.jpg
1466,https://cdn.myanimelist.net/images/anime/1521/92985.jpg
1848,https://cdn.myanimelist.net/images/anime/1626/92213.jpg
1181,https://cdn.myanimelist.net/images/anime/1775/92278.jpg
8507,https://cdn.myanimelist.net/images/anime/10/22814.jpg
3464,https://cdn.myanimelist.net/images/anime/3/75538.jpg
5305,https://cdn.myanimelist.net/images/anime/8/22586.jpg
16906,https://cdn.myanimelist.net/images/anime/11/45518.jpg
1445,https://cdn.myanimelist.net/images/anime/4/40191.jpg
3388,
776,https://cdn.myanimelist.net/images/anime/7/46927.jpg
24075,https://cdn.myanimelist.net/images/anime/3/63251.jpg
21569,https://cdn.myanimelist.net/images/anime/13/59743.jpg
11073,https://cdn.myanimelist.net/images/anime/1488/152986.jpg
3265,
28619,https://cdn.myanimelist.net/images/anime/5/79565.jpg
21033,https://cdn.myanimelist.net/images/anime/13/56419.jpg
679,https://cdn.myanimelist.net/images/anime/10/37959.jpg
4173,https://cdn.myanimelist.net/images/anime/3/14417.jpg
421,https://cdn.myanimelist.net/images/anime/8/67337.jpg
928,
12935,https://cdn.myanimelist.net/images/anime/13/36297.jpg
347,https://cdn.myanimelist.net/images/anime/1532/94186.jpg
17341,https://cdn.myanimelist.net/images/anime/6/46515.jpg
299,https://cdn.myanimelist.net/images/anime/7/23079.jpg
1998,https://cdn.myanimelist.net/images/anime/1365/134035.jpg
2709,https://cdn.myanimelist.net/images/anime/13/18301.jpg
4197,https://cdn.myanimelist.net/images/anime/2/21147.jpg
1194,https://cdn.myanimelist.net/images/anime/1286/132736.jpg
5016,https://cdn.myanimelist.net/images/anime/2/78496.jpg
10172,https://cdn.myanimelist.net/images/anime/9/28079.jpg
782,https://cdn.myanimelist.net/images/anime/1622/99582.jpg
1019,https://cdn.myanimelist.net/images/anime/3/22614.jpg
3503,https://cdn.myanimelist.net/images/anime/11/9490.jpg
6791,https://cdn.myanimelist.net/images/anime/13/80506.jpg
28207,https://cdn.myanimelist.net/images/anime/11/70069.jpg
6975,https://cdn.myanimelist.net/images/anime/8/16252.jpg
1070,https://cdn.myanimelist.net/images/anime/11/52613.jpg
32730,
8456,https://cdn.myanimelist.net/images/anime/11/34325.jpg
25117,https://cdn.myanimelist.net/images/anime/7/64191.jpg
10156,https://cdn.myanimelist.net/images/anime/12/30218.jpg
14515,https://cdn.myanimelist.net/images/anime/4/53951.jpg
6068,https://cdn.myanimelist.net/images/anime/4/13253.jpg
3809,https://cdn.myanimelist.net/images/anime/3/59509.jpg
1480,https://cdn.myanimelist.net/images/anime/2/78405.jpg
2419,
2290,https://cdn.myanimelist.net/images/anime/10/23729.jpg
175,https://cdn.myanimelist.net/images/anime/9/21036.jpg
4720,https://cdn.myanimelist.net/images/anime/12/43537.jpg
1958,https://cdn.myanimelist.net/images/anime/1110/126673.jpg
10390,https://cdn.myanimelist.net/images/anime/4/29050.jpg
2546,https://cdn.myanimelist.net/images/anime/1626/98666.jpg
10689,https://cdn.myanimelist.net/images/anime/3/64539.jpg
10490,https://cdn.myanimelist.net/images/anime/1691/140716.jpg
406,https://cdn.myanimelist.net/images/anime/6/57421.jpg
31636,https://cdn.myanimelist.net/images/anime/1538/95686.jpg
1187,https://cdn.myanimelist.net/images/anime/7/4537.jpg
5945,https://cdn.myanimelist.net/images/anime/1059/133878.jpg
10949,https://cdn.myanimelist.net/images/anime/8/30205.jpg
31617,
6117,https://cdn.myanimelist.net/images/anime/1306/133581.jpg
2390,https://cdn.myanimelist.net/images/anime/9/22184.jpg
9362,https://cdn.myanimelist.net/images/anime/2/25950.jpg
635,https://cdn.myanimelist.net/images/anime/1790/154261.jpg
590,https://cdn.myanimelist.net/images/anime/1916/142784.jpg
6205,https://cdn.myanimelist.net/images/anime/5/35423.jpg
602,https://cdn.myanimelist.net/images/anime/12/20394.jpg
9934,https://cdn.myanimelist.net/images/anime/2/73476.jpg
32383,https://cdn.myanimelist.net/images/anime/9/78354.jpg
1296,https://cdn.myanimelist.net/images/anime/1387/114803.jpg
6633,https://cdn.myanimelist.net/images/anime/11/75171.jpg
1232,https://cdn.myanimelist.net/images/anime/1754/135422.jpg
2497,https://cdn.myanimelist.net/images/anime/1133/94174.jpg
8635,https://cdn.myanimelist.net/images/anime/1061/129468.jpg
12715,https://cdn.myanimelist.net/images/anime/1592/92509.jpg
10324,https://cdn.myanimelist.net/images/anime/10/28398.jpg
1198,https://cdn.myanimelist.net/images/anime/4/14108.jpg
6878,https://cdn.myanimelist.net/images/anime/12/15965.jpg
497,https://cdn.myanimelist.net/images/anime/1894/124184.jpg
2288,https://cdn.myanimelist.net/images/anime/12/83429.jpg
808,https://cdn.myanimelist.net/images/anime/1267/97321.jpg
3952,https://cdn.myanimelist.net/images/anime/10/26709.jpg
1672,https://cdn.myanimelist.net/images/anime/10/86375.jpg
4450,https://cdn.myanimelist.net/images/anime/11/10060.jpg
1853,https://cdn.myanimelist.net/images/anime/1536/97143.jpg
2606,https://cdn.myanimelist.net/images/anime/1352/141801.jpg
12347,https://cdn.myanimelist.net/images/anime/8/35247.jpg
225,https://cdn.myanimelist.net/images/anime/1262/93119.jpg
10527,https://cdn.myanimelist.net/images/anime/1622/105190.jpg
3488,https://cdn.myanimelist.net/images/anime/1522/145272.jpg
18989,https://cdn.myanimelist.net/images/anime/6/51733.jpg
1761,https://cdn.myanimelist.net/images/anime/5/38653.jpg
403,https://cdn.myanimelist.net/images/anime/1879/153234.jpg
1907,https://cdn.myanimelist.net/images/anime/7/72169.jpg
31096,https://cdn.myanimelist.net/images/anime/5/74706.jpg
20391,https://cdn.myanimelist.net/images/anime/13/54151.jpg
22123,https://cdn.myanimelist.net/images/anime/4/61921.jpg
31344,https://cdn.myanimelist.net/images/anime/3/75386.jpg
496,https://cdn.myanimelist.net/images/anime/1073/94233.jpg
23133,https://cdn.myanimelist.net/images/anime/4/60273.jpg
10361,
5962,https://cdn.myanimelist.net/images/anime/13/21387.jpg
2733,https://cdn.myanimelist.net/images/anime/2/23501.jpg
3641,https://cdn.myanimelist.net/images/anime/3/19981.jpg
1328,https://cdn.myanimelist.net/images/anime/1577/99202.jpg
5529,https://cdn.myanimelist.net/images/anime/3/64891.jpg
1165,https://cdn.myanimelist.net/images/anime/7/15969.jpg
3668,https://cdn.myanimelist.net/images/anime/12/21526.jpg
2399,https://cdn.myanimelist.net/images/anime/4/3540.jpg
2284,https://cdn.myanimelist.net/images/anime/13/15126.jpg
3963,https://cdn.myanimelist.net/images/anime/12/7121.jpg
446,https://cdn.myanimelist.net/images/anime/9/23693.jpg
29089,https://cdn.myanimelist.net/images/anime/1982/131501.jpg
8861,https://cdn.myanimelist.net/images/anime/5/76216.jpg
1143,https://cdn.myanimelist.net/images/anime/1844/131542.jpg
8713,https://cdn.myanimelist.net/images/anime/6/24035.jpg
1177,https://cdn.myanimelist.net/images/anime/7/2607.jpg
3874,https://cdn.myanimelist.net/images/anime/1876/147841.jpg
1670,https://cdn.myanimelist.net/images/anime/1986/97773.jpg
370,https://cdn.myanimelist.net/images/anime/6/75501.jpg
16119,https://cdn.myanimelist.net/images/anime/13/72313.jpg
29976,https://cdn.myanimelist.net/images/anime/4/75640.jpg
2067,https://cdn.myanimelist.net/images/anime/1343/94110.jpg
32011,https://cdn.myanimelist.net/images/anime/9/78600.jpg
28351,https://cdn.myanimelist.net/images/anime/10/76940.jpg
1839,https://cdn.myanimelist.net/images/anime/1223/137617.jpg
1067,https://cdn.myanimelist.net/images/anime/1/1067.jpg
7540,
6587,https://cdn.myanimelist.net/images/anime/11/15086.jpg
20723,https://cdn.myanimelist.net/images/anime/12/57233.jpg
1617,https://cdn.myanimelist.net/images/anime/12/76159.jpg
1806,https://cdn.myanimelist.net/images/anime/1/1806.jpg
622,https://cdn.myanimelist.net/images/anime/12/75239.jpg
33181,https://cdn.myanimelist.net/images/anime/9/83487.jpg
4795,https://cdn.myanimelist.net/images/anime/1258/97387.jpg
18781,https://cdn.myanimelist.net/images/anime/12/50157.jpg
32360,https://cdn.myanimelist.net/images/anime/6/80823.jpg
10308,https://cdn.myanimelist.net/images/anime/1459/133815.jpg
14957,https://cdn.myanimelist.net/images/anime/10/40599.jpg
7082,
2010,https://cdn.myanimelist.net/images/anime/11/75565.jpg
21201,https://cdn.myanimelist.net/images/anime/12/56005.jpg
916,https://cdn.myanimelist.net/images/anime/8/18280.jpg
2105,https://cdn.myanimelist.net/images/anime/2/75452.jpg
6883,https://cdn.myanimelist.net/images/anime/8/15993.jpg
1130,https://cdn.myanimelist.net/images/anime/12/25497.jpg
6748,https://cdn.myanimelist.net/images/anime/12/15542.jpg
1754,https://cdn.myanimelist.net/images/anime/12/64457.jpg
1704,https://cdn.myanimelist.net/images/anime/1320/149803.jpg
2060,https://cdn.myanimelist.net/images/anime/1720/121339.jpg
4361,https://cdn.myanimelist.net/images/anime/8/8274.jpg
2804,
840,https://cdn.myanimelist.net/images/anime/7/19048.jpg
31848,https://cdn.myanimelist.net/images/anime/7/78113.jpg
1978,https://cdn.myanimelist.net/images/anime/11/19521.jpg
402,https://cdn.myanimelist.net/images/anime/3/3243.jpg
13799,
4874,https://cdn.myanimelist.net/images/anime/1052/97380.jpg
15781,https://cdn.myanimelist.net/images/anime/6/44678.jpg
10611,https://cdn.myanimelist.net/images/anime/9/33029.jpg
23,https://cdn.myanimelist.net/images/anime/1121/149685.jpg
33173,https://cdn.myanimelist.net/images/anime/10/79682.jpg
472,https://cdn.myanimelist.net/images/anime/8/29922.jpg
1980,https://cdn.myanimelist.net/images/anime/8/25859.jpg
20613,https://cdn.myanimelist.net/images/anime/11/85302.jpg
32601,https://cdn.myanimelist.net/images/anime/1042/101333.jpg
4744,https://cdn.myanimelist.net/images/anime/9/21525.jpg
10516,https://cdn.myanimelist.net/images/anime/4/28918.jpg
6533,https://cdn.myanimelist.net/images/anime/5/14998.jpg
375,https://cdn.myanimelist.net/images/anime/10/2875.jpg
6511,https://cdn.myanimelist.net/images/anime/1880/133517.jpg
119,https://cdn.myanimelist.net/images/anime/11/14607.jpg
241,https://cdn.myanimelist.net/images/anime/12/48027.jpg
32511,https://cdn.myanimelist.net/images/anime/13/78044.jpg
973,https://cdn.myanimelist.net/images/anime/2/75835.jpg
863,https://cdn.myanimelist.net/images/anime/5/23224.jpg
2211,https://cdn.myanimelist.net/images/anime/1/2401.jpg
1572,https://cdn.myanimelist.net/images/anime/1615/134203.jpg
1658,https://cdn.myanimelist.net/images/anime/1772/112908.jpg
10076,https://cdn.myanimelist.net/images/anime/2/29811.jpg
412,https://cdn.myanimelist.net/images/anime/1133/150641.jpg
1810,https://cdn.myanimelist.net/images/anime/1050/149537.jpg
9936,https://cdn.myanimelist.net/images/anime/1215/123362.jpg
7103,https://cdn.myanimelist.net/images/anime/9/75568.jpg
2456,https://cdn.myanimelist.net/images/anime/1766/104285.jpg
9774,https://cdn.myanimelist.net/images/anime/12/29056.jpg
1350,https://cdn.myanimelist.net/images/anime/1396/103207.jpg
14921,https://cdn.myanimelist.net/images/anime/4/50313.jpg
31716,https://cdn.myanimelist.net/images/anime/1827/92122.jpg
10073,https://cdn.myanimelist.net/images/anime/2/75450.jpg
8248,https://cdn.myanimelist.net/images/anime/7/23338.jpg
1005,https://cdn.myanimelist.net/images/anime/1515/94058.jpg
979,https://cdn.myanimelist.net/images/anime/1138/107135.jpg
22335,https://cdn.myanimelist.net/images/anime/7/58477.jpg
925,https://cdn.myanimelist.net/images/anime/1535/99038.jpg
744,https://cdn.myanimelist.net/images/anime/8/61293.jpg
6137,https://cdn.myanimelist.net/images/anime/11/24065.jpg
3003,https://cdn.myanimelist.net/images/anime/7/89601.jpg
2356,https://cdn.myanimelist.net/images/anime/1311/91101.jpg
10693,https://cdn.myanimelist.net/images/anime/6/37085.jpg
16518,https://cdn.myanimelist.net/images/anime/9/47011.jpg
32866,https://cdn.myanimelist.net/images/anime/6/81854.jpg
11103,https://cdn.myanimelist.net/images/anime/7/37953.jpg
289,https://cdn.myanimelist.net/images/anime/1809/130426.jpg
706,https://cdn.myanimelist.net/images/anime/1100/130425.jpg
1676,https://cdn.myanimelist.net/images/anime/1254/106173.jpg
1661,https://cdn.myanimelist.net/images/anime/13/55427.jpg
1178,https://cdn.myanimelist.net/images/anime/1172/92855.jpg
11385,https://cdn.myanimelist.net/images/anime/1292/97430.jpg
365,https://cdn.myanimelist.net/images/anime/4/25196.jpg
29255,https://cdn.myanimelist.net/images/anime/9/70525.jpg
7112,https://cdn.myanimelist.net/images/anime/7/57415.jpg
31675,https://cdn.myanimelist.net/images/anime/1061/98110.jpg
19255,https://cdn.myanimelist.net/images/anime/13/52085.jpg
1694,https://cdn.myanimelist.net/images/anime/12/41087.jpg
17831,https://cdn.myanimelist.net/images/anime/13/56313.jpg
7875,https://cdn.myanimelist.net/images/anime/1771/121758.jpg
10016,https://cdn.myanimelist.net/images/anime/1923/133888.jpg
9754,https://cdn.myanimelist.net/images/anime/6/27015.jpg
21451,https://cdn.myanimelist.net/images/anime/1668/117560.jpg
11083,https://cdn.myanimelist.net/images/anime/1293/153400.jpg
5957,https://cdn.myanimelist.net/images/anime/1888/112345.jpg
12671,https://cdn.myanimelist.net/images/anime/11/38311.jpg
8438,https://cdn.myanimelist.net/images/anime/10/22271.jpg
4794,https://cdn.myanimelist.net/images/anime/1225/97385.jpg
564,https://cdn.myanimelist.net/images/anime/1353/133562.jpg
21497,https://cdn.myanimelist.net/images/anime/7/56703.jpg
2686,https://cdn.myanimelist.net/images/anime/8/71758.jpg
33341,https://cdn.myanimelist.net/images/anime/11/80679.jpg
8108,https://cdn.myanimelist.net/images/anime/5/20095.jpg
7568,https://cdn.myanimelist.net/images/anime/10/18234.jpg
155,https://cdn.myanimelist.net/images/anime/7/23579.jpg
2729,https://cdn.myanimelist.net/images/anime/1191/95310.jpg
3295,https://cdn.myanimelist.net/images/anime/9/44217.jpg
1894,https://cdn.myanimelist.net/images/anime/1404/135902.jpg
20533,https://cdn.myanimelist.net/images/anime/6/56797.jpg
4469,https://cdn.myanimelist.net/images/anime/10/8661.jpg
2041,https://cdn.myanimelist.net/images/anime/7/51421.jpg
591,https://cdn.myanimelist.net/images/anime/2/32071.jpg
1348,https://cdn.myanimelist.net/images/anime/1386/145721.jpg
33360,https://cdn.myanimelist.net/images/anime/5/80154.jpg
5147,https://cdn.myanimelist.net/images/anime/12/24592.jpg
1153,https://cdn.myanimelist.net/images/anime/13/37721.jpg
33421,https://cdn.myanimelist.net/images/anime/12/80346.jpg
1085,https://cdn.myanimelist.net/images/anime/2/75602.jpg
1062,https://cdn.myanimelist.net/images/anime/7/3818.jpg
10886,https://cdn.myanimelist.net/images/anime/10/30061.jpg
32359,https://cdn.myanimelist.net/images/anime/4/77646.jpg
6609,https://cdn.myanimelist.net/images/anime/3/15145.jpg
5288,https://cdn.myanimelist.net/images/anime/9/13594.jpg
197,https://cdn.myanimelist.net/images/anime/1575/153253.jpg
31593,https://cdn.myanimelist.net/images/anime/11/76240.jpg
28283,https://cdn.myanimelist.net/images/anime/3/71770.jpg
1012,https://cdn.myanimelist.net/images/anime/7/33729.jpg
3410,https://cdn.myanimelist.net/images/anime/11/5809.jpg
9494,https://cdn.myanimelist.net/images/anime/1472/136040.jpg
13679,https://cdn.myanimelist.net/images/anime/1083/136957.jpg
30437,https://cdn.myanimelist.net/images/anime/9/76018.jpg
24751,https://cdn.myanimelist.net/images/anime/11/63653.jpg
31387,https://cdn.myanimelist.net/images/anime/1085/92040.jpg
3081,https://cdn.myanimelist.net/images/anime/11/85676.jpg
1185,https://cdn.myanimelist.net/images/anime/5/83761.jpg
3389,https://cdn.myanimelist.net/images/anime/10/75210.jpg
2696,https://cdn.myanimelist.net/images/anime/3/18788.jpg
21599,
7744,https://cdn.myanimelist.net/images/anime/2/18791.jpg
10187,https://cdn.myanimelist.net/images/anime/12/75839.jpg
10338,https://cdn.myanimelist.net/images/anime/7/29163.jpg
32214,https://cdn.myanimelist.net/images/anime/10/78805.jpg
2895,https://cdn.myanimelist.net/images/anime/10/4067.jpg
30757,https://cdn.myanimelist.net/images/anime/13/78835.jpg
31144,https://cdn.myanimelist.net/images/anime/9/74819.jpg
31621,https://cdn.myanimelist.net/images/anime/13/77832.jpg
31797,https://cdn.myanimelist.net/images/anime/13/80488.jpg
682,https://cdn.myanimelist.net/images/anime/10/21092.jpg
438,https://cdn.myanimelist.net/images/anime/12/75176.jpg
16680,https://cdn.myanimelist.net/images/anime/9/47615.jpg
8709,https://cdn.myanimelist.net/images/anime/10/24008.jpg
10916,https://cdn.myanimelist.net/images/anime/1910/108234.jpg
25867,https://cdn.myanimelist.net/images/anime/12/71527.jpg
27741,https://cdn.myanimelist.net/images/anime/12/70705.jpg
10384,https://cdn.myanimelist.net/images/anime/9/28560.jpg
2766,https://cdn.myanimelist.net/images/anime/1813/105492.jpg
18799,https://cdn.myanimelist.net/images/anime/6/50237.jpg
715,https://cdn.myanimelist.net/images/anime/10/67403.jpg
12437,https://cdn.myanimelist.net/images/anime/12/75497.jpg
15951,https://cdn.myanimelist.net/images/anime/8/55899.jpg
1370,https://cdn.myanimelist.net/images/anime/1845/112896.jpg
1682,https://cdn.myanimelist.net/images/anime/3/76295.jpg
31573,https://cdn.myanimelist.net/images/anime/3/76152.jpg
16614,https://cdn.myanimelist.net/images/anime/11/44772.jpg
3522,https://cdn.myanimelist.net/images/anime/1904/112923.jpg
1794,https://cdn.myanimelist.net/images/anime/5/81369.jpg
9493,https://cdn.myanimelist.net/images/anime/13/75838.jpg
1189,https://cdn.myanimelist.net/images/anime/1770/100142.jpg
5883,https://cdn.myanimelist.net/images/anime/13/33643.jpg
2061,https://cdn.myanimelist.net/images/anime/12/26520.jpg
8101,https://cdn.myanimelist.net/images/anime/5/24971.jpg
11583,https://cdn.myanimelist.net/images/anime/3/32325.jpg
33118,https://cdn.myanimelist.net/images/anime/12/79557.jpg
31448,https://cdn.myanimelist.net/images/anime/4/75785.jpg
31560,https://cdn.myanimelist.net/images/anime/6/76089.jpg
4421,https://cdn.myanimelist.net/images/anime/9/15066.jpg
32829,https://cdn.myanimelist.net/images/anime/2/78715.jpg
31452,https://cdn.myanimelist.net/images/anime/4/77974.jpg
32190,https://cdn.myanimelist.net/images/anime/5/80101.jpg
4910,https://cdn.myanimelist.net/images/anime/7/25971.jpg
4792,https://cdn.myanimelist.net/images/anime/1488/97386.jpg
1298,https://cdn.myanimelist.net/images/anime/13/29212.jpg
17913,
1693,https://cdn.myanimelist.net/images/anime/1713/134855.jpg
13517,https://cdn.myanimelist.net/images/anime/11/47725.jpg
10687,https://cdn.myanimelist.net/images/anime/1286/93994.jpg
19919,https://cdn.myanimelist.net/images/anime/8/56211.jpg
471,https://cdn.myanimelist.net/images/anime/1030/152213.jpg
2699,https://cdn.myanimelist.net/images/anime/12/60979.jpg
1233,https://cdn.myanimelist.net/images/anime/1306/100405.jpg
30127,https://cdn.myanimelist.net/images/anime/7/74879.jpg
17705,https://cdn.myanimelist.net/images/anime/1396/153499.jpg
660,https://cdn.myanimelist.net/images/anime/5/3896.jpg
31070,https://cdn.myanimelist.net/images/anime/11/74664.jpg
1733,https://cdn.myanimelist.net/images/anime/5/87659.jpg
1799,https://cdn.myanimelist.net/images/anime/1441/146452.jpg
21373,https://cdn.myanimelist.net/images/anime/8/56413.jpg
125,https://cdn.myanimelist.net/images/anime/1498/145934.jpg
30531,https://cdn.myanimelist.net/images/anime/11/76861.jpg
8538,https://cdn.myanimelist.net/images/anime/5/23149.jpg
24695,https://cdn.myanimelist.net/images/anime/9/68045.jpg
14145,https://cdn.myanimelist.net/images/anime/2/45356.jpg
5153,https://cdn.myanimelist.net/images/anime/1951/90860.jpg
21241,https://cdn.myanimelist.net/images/anime/6/64267.jpg
31866,https://cdn.myanimelist.net/images/anime/8/77934.jpg
6368,https://cdn.myanimelist.net/images/anime/2/22585.jpg
783,https://cdn.myanimelist.net/images/anime/1/783.jpg
2306,https://cdn.myanimelist.net/images/anime/1486/138654.jpg
8487,https://cdn.myanimelist.net/images/anime/3/28871.jpg
10917,https://cdn.myanimelist.net/images/anime/1248/108235.jpg
1297,https://cdn.myanimelist.net/images/anime/1688/116943.jpg
2031,https://cdn.myanimelist.net/images/anime/10/2298.jpg
6885,https://cdn.myanimelist.net/images/anime/13/22483.jpg
684,https://cdn.myanimelist.net/images/anime/12/4406.jpg
21353,https://cdn.myanimelist.net/images/anime/10/64587.jpg
33377,https://cdn.myanimelist.net/images/anime/9/81133.jpg
718,https://cdn.myanimelist.net/images/anime/1949/127321.jpg
30056,https://cdn.myanimelist.net/images/anime/1911/121807.jpg
10196,https://cdn.myanimelist.net/images/anime/1224/114633.jpg
32311,https://cdn.myanimelist.net/images/anime/1938/137308.jpg
13253,https://cdn.myanimelist.net/images/anime/11/37105.jpg
33222,https://cdn.myanimelist.net/images/anime/2/80966.jpg
2062,https://cdn.myanimelist.net/images/anime/5/26521.jpg
2617,https://cdn.myanimelist.net/images/anime/1679/138721.jpg
23137,https://cdn.myanimelist.net/images/anime/2/62195.jpg
8839,https://cdn.myanimelist.net/images/anime/1550/150205.jpg
2207,https://cdn.myanimelist.net/images/anime/1260/94835.jpg
25861,https://cdn.myanimelist.net/images/anime/1016/115623.jpg
33129,https://cdn.myanimelist.net/images/anime/3/82009.jpg
6657,https://cdn.myanimelist.net/images/anime/1581/128744.jpg
6509,https://cdn.myanimelist.net/images/anime/1872/133507.jpg
7430,https://cdn.myanimelist.net/images/anime/8/32967.jpg
10671,https://cdn.myanimelist.net/images/anime/13/30166.jpg
24175,https://cdn.myanimelist.net/images/anime/1259/116600.jpg
17157,https://cdn.myanimelist.net/images/anime/1393/116601.jpg
612,https://cdn.myanimelist.net/images/anime/1813/133687.jpg
2842,https://cdn.myanimelist.net/images/anime/1445/92964.jpg
4962,https://cdn.myanimelist.net/images/anime/3/17055.jpg
4067,https://cdn.myanimelist.net/images/anime/1812/96501.jpg
1836,https://cdn.myanimelist.net/images/anime/4/19624.jpg
5583,https://cdn.myanimelist.net/images/anime/1809/104873.jpg
1044,https://cdn.myanimelist.net/images/anime/1181/147218.jpg
2560,https://cdn.myanimelist.net/images/anime/1256/148786.jpg
2552,https://cdn.myanimelist.net/images/anime/11/3270.jpg
30250,https://cdn.myanimelist.net/images/anime/1841/123303.jpg
12317,https://cdn.myanimelist.net/images/anime/13/35121.jpg
1276,https://cdn.myanimelist.net/images/anime/9/23207.jpg
55,https://cdn.myanimelist.net/images/anime/3/49041.jpg
30953,https://cdn.myanimelist.net/images/anime/7/74496.jpg
4975,https://cdn.myanimelist.net/images/anime/13/15443.jpg
33069,https://cdn.myanimelist.net/images/anime/8/79605.jpg
2485,https://cdn.myanimelist.net/images/anime/9/58307.jpg
32561,https://cdn.myanimelist.net/images/anime/11/78160.jpg
1235,https://cdn.myanimelist.net/images/anime/1/1235.jpg
257,https://cdn.myanimelist.net/images/anime/1097/133583.jpg
30030,https://cdn.myanimelist.net/images/anime/5/73970.jpg
9203,https://cdn.myanimelist.net/images/anime/10/25513.jpg
11507,https://cdn.myanimelist.net/images/anime/2/32091.jpg
1793,https://cdn.myanimelist.net/images/anime/1/1793.jpg
15279,https://cdn.myanimelist.net/images/anime/13/41237.jpg
799,https://cdn.myanimelist.net/images/anime/3/21207.jpg
8560,https://cdn.myanimelist.net/images/anime/4/37023.jpg
5225,https://cdn.myanimelist.net/images/anime/1882/145676.jpg
12921,https://cdn.myanimelist.net/images/anime/3/36275.jpg
18857,https://cdn.myanimelist.net/images/anime/1314/129575.jpg
1141,https://cdn.myanimelist.net/images/anime/1637/144014.jpg
4481,https://cdn.myanimelist.net/images/anime/1741/100518.jpg
425,https://cdn.myanimelist.net/images/anime/7/31701.jpg
9924,https://cdn.myanimelist.net/images/anime/11/27462.jpg
17409,https://cdn.myanimelist.net/images/anime/7/46551.jpg
2210,https://cdn.myanimelist.net/images/anime/1427/103656.jpg
6226,https://cdn.myanimelist.net/images/anime/5/14138.jpg
30795,https://cdn.myanimelist.net/images/anime/3/78914.jpg
10055,https://cdn.myanimelist.net/images/anime/1042/146741.jpg
17277,https://cdn.myanimelist.net/images/anime/9/61133.jpg
8211,https://cdn.myanimelist.net/images/anime/5/21014.jpg
30384,https://cdn.myanimelist.net/images/anime/3/75014.jpg
9943,https://cdn.myanimelist.net/images/anime/11/27510.jpg
26359,https://cdn.myanimelist.net/images/anime/11/68381.jpg
17873,https://cdn.myanimelist.net/images/anime/5/49285.jpg
11069,https://cdn.myanimelist.net/images/anime/8/30651.jpg
1964,https://cdn.myanimelist.net/images/anime/1915/107217.jpg
9220,https://cdn.myanimelist.net/images/anime/3/25576.jpg
18549,https://cdn.myanimelist.net/images/anime/4/49863.jpg
15095,https://cdn.myanimelist.net/images/anime/3/40929.jpg
15015,https://cdn.myanimelist.net/images/anime/3/40773.jpg
34009,https://cdn.myanimelist.net/images/anime/3/89871.jpg
33208,https://cdn.myanimelist.net/images/anime/5/79799.jpg
20987,https://cdn.myanimelist.net/images/anime/6/55779.jpg
5849,https://cdn.myanimelist.net/images/anime/2/23158.jpg
20655,https://cdn.myanimelist.net/images/anime/1328/128739.jpg
810,https://cdn.myanimelist.net/images/anime/8/30397.jpg
999,https://cdn.myanimelist.net/images/anime/7/2871.jpg
14317,https://cdn.myanimelist.net/images/anime/10/39329.jpg
15325,https://cdn.myanimelist.net/images/anime/4/61181.jpg
7578,https://cdn.myanimelist.net/images/anime/11/21012.jpg
23787,https://cdn.myanimelist.net/images/anime/5/66173.jpg
30237,https://cdn.myanimelist.net/images/anime/8/72354.jpg
16101,https://cdn.myanimelist.net/images/anime/3/45706.jpg
32481,https://cdn.myanimelist.net/images/anime/12/78741.jpg
5165,https://cdn.myanimelist.net/images/anime/11/11346.jpg
8518,https://cdn.myanimelist.net/images/anime/6/23015.jpg
4209,https://cdn.myanimelist.net/images/anime/1605/106039.jpg
10808,https://cdn.myanimelist.net/images/anime/12/42535.jpg
23427,https://cdn.myanimelist.net/images/anime/8/61183.jpg
1807,https://cdn.myanimelist.net/images/anime/10/23155.jpg
10810,https://cdn.myanimelist.net/images/anime/13/29860.jpg
20155,https://cdn.myanimelist.net/images/anime/7/53689.jpg
1724,https://cdn.myanimelist.net/images/anime/6/16246.jpg
17551,https://cdn.myanimelist.net/images/anime/8/46883.jpg
13251,https://cdn.myanimelist.net/images/anime/3/89757.jpg
10109,https://cdn.myanimelist.net/images/anime/1736/153365.jpg
22785,https://cdn.myanimelist.net/images/anime/13/59237.jpg
17821,https://cdn.myanimelist.net/images/anime/13/52125.jpg
950,https://cdn.myanimelist.net/images/anime/2/3455.jpg
3570,https://cdn.myanimelist.net/images/anime/1161/106725.jpg
28155,https://cdn.myanimelist.net/images/anime/11/71773.jpg
23579,https://cdn.myanimelist.net/images/anime/1390/124387.jpg
1789,https://cdn.myanimelist.net/images/anime/6/3194.jpg
25457,https://cdn.myanimelist.net/images/anime/1763/153109.jpg
105,https://cdn.myanimelist.net/images/anime/1/2223.jpg
2836,https://cdn.myanimelist.net/images/anime/11/3940.jpg
14989,https://cdn.myanimelist.net/images/anime/9/41937.jpg
7336,https://cdn.myanimelist.net/images/anime/3/17466.jpg
13139,https://cdn.myanimelist.net/images/anime/8/62295.jpg
3154,https://cdn.myanimelist.net/images/anime/6/63307.jpg
16199,https://cdn.myanimelist.net/images/anime/7/43631.jpg
30721,https://cdn.myanimelist.net/images/anime/6/75751.jpg
23121,https://cdn.myanimelist.net/images/anime/5/64299.jpg
1456,https://cdn.myanimelist.net/images/anime/13/14587.jpg
31598,https://cdn.myanimelist.net/images/anime/7/81651.jpg
5164,https://cdn.myanimelist.net/images/anime/4/13250.jpg
13231,https://cdn.myanimelist.net/images/anime/5/37159.jpg
17637,https://cdn.myanimelist.net/images/anime/5/47451.jpg
31121,https://cdn.myanimelist.net/images/anime/1401/125601.jpg
2047,https://cdn.myanimelist.net/images/anime/11/27252.jpg
920,https://cdn.myanimelist.net/images/anime/4/72857.jpg
21571,https://cdn.myanimelist.net/images/anime/3/56863.jpg
1854,https://cdn.myanimelist.net/images/anime/12/30310.jpg
12929,https://cdn.myanimelist.net/images/anime/8/76052.jpg
562,https://cdn.myanimelist.net/images/anime/1260/107216.jpg
27967,https://cdn.myanimelist.net/images/anime/5/70001.jpg
171,https://cdn.myanimelist.net/images/anime/1313/146208.jpg
14647,https://cdn.myanimelist.net/images/anime/3/40677.jpg
21103,https://cdn.myanimelist.net/images/anime/13/55745.jpg
1746,https://cdn.myanimelist.net/images/anime/1891/133231.jpg
32301,https://cdn.myanimelist.net/images/anime/2/80341.jpg
30573,https://cdn.myanimelist.net/images/anime/7/73418.jpg
15605,https://cdn.myanimelist.net/images/anime/5/51409.jpg
33240,https://cdn.myanimelist.net/images/anime/12/82679.jpg
9690,https://cdn.myanimelist.net/images/anime/11/26850.jpg
10491,https://cdn.myanimelist.net/images/anime/6/29774.jpg
1988,https://cdn.myanimelist.net/images/anime/9/60061.jpg
19685,https://cdn.myanimelist.net/images/anime/11/63363.jpg
4760,https://cdn.myanimelist.net/images/anime/8/9156.jpg
3609,https://cdn.myanimelist.net/images/anime/1375/134587.jpg
7295,https://cdn.myanimelist.net/images/anime/13/20527.jpg
1879,https://cdn.myanimelist.net/images/anime/1699/106790.jpg
683,https://cdn.myanimelist.net/images/anime/9/4328.jpg
6555,https://cdn.myanimelist.net/images/anime/11/25970.jpg
11853,https://cdn.myanimelist.net/images/anime/7/45528.jpg
836,https://cdn.myanimelist.net/images/anime/5/23692.jpg
2726,https://cdn.myanimelist.net/images/anime/5/3675.jpg
31608,https://cdn.myanimelist.net/images/anime/9/76213.jpg
30218,https://cdn.myanimelist.net/images/anime/10/72340.jpg
5819,https://cdn.myanimelist.net/images/anime/8/81195.jpg
14173,https://cdn.myanimelist.net/images/anime/7/39143.jpg
19081,
5454,https://cdn.myanimelist.net/images/anime/5/88619.jpg
10015,https://cdn.myanimelist.net/images/anime/4/40295.jpg
819,https://cdn.myanimelist.net/images/anime/1178/121937.jpg
7176,https://cdn.myanimelist.net/images/anime/8/33145.jpg
1600,https://cdn.myanimelist.net/images/anime/12/76294.jpg
25283,https://cdn.myanimelist.net/images/anime/1886/154001.jpg
1039,https://cdn.myanimelist.net/images/anime/13/49473.jpg
1163,https://cdn.myanimelist.net/images/anime/1914/127616.jpg
5844,https://cdn.myanimelist.net/images/anime/12/12258.jpg
7550,https://cdn.myanimelist.net/images/anime/11/18114.jpg
1527,https://cdn.myanimelist.net/images/anime/1471/108232.jpg
163,https://cdn.myanimelist.net/images/anime/1110/98247.jpg
417,https://cdn.myanimelist.net/images/anime/10/2589.jpg
28861,https://cdn.myanimelist.net/images/anime/12/73473.jpg
6705,https://cdn.myanimelist.net/images/anime/6/15398.jpg
685,https://cdn.myanimelist.net/images/anime/10/75475.jpg
1981,https://cdn.myanimelist.net/images/anime/13/5908.jpg
7377,https://cdn.myanimelist.net/images/anime/12/17652.jpg
943,https://cdn.myanimelist.net/images/anime/12/46721.jpg
599,https://cdn.myanimelist.net/images/anime/1932/96386.jpg
9479,https://cdn.myanimelist.net/images/anime/4/75543.jpg
5496,https://cdn.myanimelist.net/images/anime/1091/133673.jpg
34213,https://cdn.myanimelist.net/images/anime/13/83576.jpg
18771,https://cdn.myanimelist.net/images/anime/5/51427.jpg
1570,https://cdn.myanimelist.net/images/anime/9/75250.jpg
9333,https://cdn.myanimelist.net/images/anime/3/29297.jpg
12429,https://cdn.myanimelist.net/images/anime/7/34925.jpg
1495,https://cdn.myanimelist.net/images/anime/1/2396.jpg
2367,https://cdn.myanimelist.net/images/anime/4/21540.jpg
23605,https://cdn.myanimelist.net/images/anime/5/72362.jpg
2234,
10739,https://cdn.myanimelist.net/images/anime/6/29589.jpg
21695,https://cdn.myanimelist.net/images/anime/6/57125.jpg
29419,https://cdn.myanimelist.net/images/anime/3/70715.jpg
14675,https://cdn.myanimelist.net/images/anime/7/39929.jpg
8287,https://cdn.myanimelist.net/images/anime/6/21471.jpg
9202,https://cdn.myanimelist.net/images/anime/9/27178.jpg
23325,https://cdn.myanimelist.net/images/anime/12/64453.jpg
27891,https://cdn.myanimelist.net/images/anime/10/67587.jpg
4154,https://cdn.myanimelist.net/images/anime/1208/132658.jpg
10595,https://cdn.myanimelist.net/images/anime/10/29481.jpg
14283,https://cdn.myanimelist.net/images/anime/3/45935.jpg
19151,https://cdn.myanimelist.net/images/anime/7/54969.jpg
22249,https://cdn.myanimelist.net/images/anime/11/58331.jpg
5772,https://cdn.myanimelist.net/images/anime/11/12090.jpg
3401,https://cdn.myanimelist.net/images/anime/11/5526.jpg
5070,https://cdn.myanimelist.net/images/anime/1453/133516.jpg
348,https://cdn.myanimelist.net/images/anime/3/16917.jpg
2142,https://cdn.myanimelist.net/images/anime/2/20597.jpg
5238,https://cdn.myanimelist.net/images/anime/1006/95712.jpg
2312,https://cdn.myanimelist.net/images/anime/1086/147711.jpg
2252,https://cdn.myanimelist.net/images/anime/9/72913.jpg
21041,https://cdn.myanimelist.net/images/anime/12/68983.jpg
382,https://cdn.myanimelist.net/images/anime/10/20029.jpg
1574,https://cdn.myanimelist.net/images/anime/12/21726.jpg
27907,https://cdn.myanimelist.net/images/anime/8/67643.jpg
13185,https://cdn.myanimelist.net/images/anime/11/40891.jpg
31566,https://cdn.myanimelist.net/images/anime/12/76703.jpg
32274,https://cdn.myanimelist.net/images/anime/10/77836.jpg
9035,https://cdn.myanimelist.net/images/anime/8/88095.jpg
13757,
888,https://cdn.myanimelist.net/images/anime/11/75472.jpg
23399,
761,https://cdn.myanimelist.net/images/anime/12/11240.jpg
3535,https://cdn.myanimelist.net/images/anime/8/17126.jpg
4890,
19799,https://cdn.myanimelist.net/images/anime/4/53141.jpg
2237,https://cdn.myanimelist.net/images/anime/10/3373.jpg
608,https://cdn.myanimelist.net/images/anime/13/20234.jpg
677,https://cdn.myanimelist.net/images/anime/3/49617.jpg
3864,https://cdn.myanimelist.net/images/anime/13/76838.jpg
817,https://cdn.myanimelist.net/images/anime/8/61829.jpg
1900,https://cdn.myanimelist.net/images/anime/12/65095.jpg
1458,https://cdn.myanimelist.net/images/anime/1159/134564.jpg
27387,https://cdn.myanimelist.net/images/anime/1793/112240.jpg
1607,https://cdn.myanimelist.net/images/anime/4/18842.jpg
2535,https://cdn.myanimelist.net/images/anime/4/55963.jpg
374,https://cdn.myanimelist.net/images/anime/7/2886.jpg
12685,https://cdn.myanimelist.net/images/anime/7/36175.jpg
707,https://cdn.myanimelist.net/images/anime/11/5319.jpg
1677,https://cdn.myanimelist.net/images/anime/1102/100986.jpg
336,https://cdn.myanimelist.net/images/anime/11/75547.jpg
2071,https://cdn.myanimelist.net/images/anime/1935/157246.jpg
30524,https://cdn.myanimelist.net/images/anime/9/76060.jpg
32682,https://cdn.myanimelist.net/images/anime/3/78601.jpg
13159,https://cdn.myanimelist.net/images/anime/7/75496.jpg
13239,https://cdn.myanimelist.net/images/anime/1690/137490.jpg
20931,https://cdn.myanimelist.net/images/anime/3/56415.jpg
21679,https://cdn.myanimelist.net/images/anime/13/64061.jpg
12611,https://cdn.myanimelist.net/images/anime/12/35329.jpg
17345,https://cdn.myanimelist.net/images/anime/5/67249.jpg
10849,https://cdn.myanimelist.net/images/anime/3/29974.jpg
15453,https://cdn.myanimelist.net/images/anime/8/41945.jpg
1816,https://cdn.myanimelist.net/images/anime/1801/121070.jpg
22537,https://cdn.myanimelist.net/images/anime/2/74108.jpg
2534,https://cdn.myanimelist.net/images/anime/1479/94792.jpg
1598,https://cdn.myanimelist.net/images/anime/1143/134044.jpg
2064,https://cdn.myanimelist.net/images/anime/10/26526.jpg
17651,https://cdn.myanimelist.net/images/anime/4/51071.jpg
7083,
1083,https://cdn.myanimelist.net/images/anime/1887/136211.jpg
31338,https://cdn.myanimelist.net/images/anime/3/78858.jpg
576,https://cdn.myanimelist.net/images/anime/2/75539.jpg
2277,
20033,https://cdn.myanimelist.net/images/anime/11/56165.jpg
16331,https://cdn.myanimelist.net/images/anime/4/44099.jpg
33102,https://cdn.myanimelist.net/images/anime/2/79554.jpg
2063,https://cdn.myanimelist.net/images/anime/1606/94109.jpg
30196,
9737,https://cdn.myanimelist.net/images/anime/5/28796.jpg
1270,https://cdn.myanimelist.net/images/anime/1645/94523.jpg
5539,https://cdn.myanimelist.net/images/anime/6/23361.jpg
2564,https://cdn.myanimelist.net/images/anime/10/57435.jpg
1221,https://cdn.myanimelist.net/images/anime/12/3253.jpg
28205,https://cdn.myanimelist.net/images/anime/10/68209.jpg
2572,https://cdn.myanimelist.net/images/anime/13/22277.jpg
1905,https://cdn.myanimelist.net/images/anime/7/30559.jpg
4756,https://cdn.myanimelist.net/images/anime/6/43659.jpg
359,https://cdn.myanimelist.net/images/anime/1/359.jpg
13137,
22049,https://cdn.myanimelist.net/images/anime/5/57897.jpg
32412,https://cdn.myanimelist.net/images/anime/11/77775.jpg
3323,https://cdn.myanimelist.net/images/anime/11/10228.jpg
23831,https://cdn.myanimelist.net/images/anime/5/61633.jpg
5265,
30291,https://cdn.myanimelist.net/images/anime/6/76833.jpg
2302,https://cdn.myanimelist.net/images/anime/3/51035.jpg
16690,https://cdn.myanimelist.net/images/anime/12/45008.jpg
10547,
215,https://cdn.myanimelist.net/images/anime/1884/153618.jpg
5845,https://cdn.myanimelist.net/images/anime/11/12259.jpg
10924,https://cdn.myanimelist.net/images/anime/3/30145.jpg
1999,https://cdn.myanimelist.net/images/anime/1424/99173.jpg
14333,https://cdn.myanimelist.net/images/anime/1330/100164.jpg
7279,https://cdn.myanimelist.net/images/anime/8/18027.jpg
1624,https://cdn.myanimelist.net/images/anime/3/24110.jpg
6743,https://cdn.myanimelist.net/images/anime/10/19945.jpg
1107,https://cdn.myanimelist.net/images/anime/2/50021.jpg
14693,https://cdn.myanimelist.net/images/anime/5/40001.jpg
15219,https://cdn.myanimelist.net/images/anime/10/42325.jpg
17147,https://cdn.myanimelist.net/images/anime/13/46063.jpg
31561,https://cdn.myanimelist.net/images/anime/1492/122102.jpg
17813,https://cdn.myanimelist.net/images/anime/1627/149910.jpg
22113,https://cdn.myanimelist.net/images/anime/11/58009.jpg
1918,https://cdn.myanimelist.net/images/anime/13/58561.jpg
34239,https://cdn.myanimelist.net/images/anime/10/82374.jpg
2621,https://cdn.myanimelist.net/images/anime/3/3592.jpg
13283,https://cdn.myanimelist.net/images/anime/12/39661.jpg
2267,https://cdn.myanimelist.net/images/anime/7/75508.jpg
2168,https://cdn.myanimelist.net/images/anime/1314/148767.jpg
988,https://cdn.myanimelist.net/images/anime/13/78564.jpg
2099,https://cdn.myanimelist.net/images/anime/1892/127537.jpg
33934,https://cdn.myanimelist.net/images/anime/7/81644.jpg
6919,https://cdn.myanimelist.net/images/anime/1472/121994.jpg
3417,https://cdn.myanimelist.net/images/anime/2/25313.jpg
31128,https://cdn.myanimelist.net/images/anime/11/74848.jpg
3166,https://cdn.myanimelist.net/images/anime/5/20942.jpg
5337,https://cdn.myanimelist.net/images/anime/1894/133816.jpg
3007,https://cdn.myanimelist.net/images/anime/13/73228.jpg
769,https://cdn.myanimelist.net/images/anime/1805/96595.jpg
21677,https://cdn.myanimelist.net/images/anime/7/61051.jpg
833,https://cdn.myanimelist.net/images/anime/9/75166.jpg
31530,https://cdn.myanimelist.net/images/anime/11/75999.jpg
14889,https://cdn.myanimelist.net/images/anime/10/40905.jpg
21167,https://cdn.myanimelist.net/images/anime/2/61733.jpg
1361,https://cdn.myanimelist.net/images/anime/9/51625.jpg
19367,https://cdn.myanimelist.net/images/anime/11/53239.jpg
30895,https://cdn.myanimelist.net/images/anime/6/77835.jpg
23697,https://cdn.myanimelist.net/images/anime/4/78704.jpg
20971,https://cdn.myanimelist.net/images/anime/2/59779.jpg
2303,https://cdn.myanimelist.net/images/anime/3/55903.jpg
31223,https://cdn.myanimelist.net/images/anime/5/78120.jpg
11859,https://cdn.myanimelist.net/images/anime/6/75502.jpg
559,https://cdn.myanimelist.net/images/anime/7/75739.jpg
2698,https://cdn.myanimelist.net/images/anime/1795/105898.jpg
1217,https://cdn.myanimelist.net/images/anime/1085/143846.jpg
1048,https://cdn.myanimelist.net/images/anime/9/11004.jpg
4475,https://cdn.myanimelist.net/images/anime/11/8561.jpg
6148,https://cdn.myanimelist.net/images/anime/3/13506.jpg
6682,https://cdn.myanimelist.net/images/anime/6/73520.jpg
1295,https://cdn.myanimelist.net/images/anime/2/41427.jpg
14373,https://cdn.myanimelist.net/images/anime/6/42075.jpg
17020,https://cdn.myanimelist.net/images/anime/4/45580.jpg
3202,https://cdn.myanimelist.net/images/anime/1439/114479.jpg
1753,https://cdn.myanimelist.net/images/anime/12/57017.jpg
909,
1158,https://cdn.myanimelist.net/images/anime/3/28188.jpg
31630,https://cdn.myanimelist.net/images/anime/5/79448.jpg
1193,https://cdn.myanimelist.net/images/anime/12/5509.jpg
1884,https://cdn.myanimelist.net/images/anime/13/9520.jpg
3285,https://cdn.myanimelist.net/images/anime/10/5225.jpg
2293,https://cdn.myanimelist.net/images/anime/1833/94524.jpg
3356,https://cdn.myanimelist.net/images/anime/8/67001.jpg
5386,https://cdn.myanimelist.net/images/anime/1871/134818.jpg
4617,https://cdn.myanimelist.net/images/anime/3/24572.jpg
33038,https://cdn.myanimelist.net/images/anime/1636/158082.jpg
2550,https://cdn.myanimelist.net/images/anime/7/3258.jpg
5056,https://cdn.myanimelist.net/images/anime/13/30423.jpg
21703,https://cdn.myanimelist.net/images/anime/13/57141.jpg
14935,https://cdn.myanimelist.net/images/anime/6/81282.jpg
24935,https://cdn.myanimelist.net/images/anime/1121/153491.jpg
6251,https://cdn.myanimelist.net/images/anime/2/63003.jpg
1662,https://cdn.myanimelist.net/images/anime/13/49671.jpg
30246,https://cdn.myanimelist.net/images/anime/6/72373.jpg
19953,https://cdn.myanimelist.net/images/anime/7/57269.jpg
1734,https://cdn.myanimelist.net/images/anime/12/10174.jpg
4667,https://cdn.myanimelist.net/images/anime/1905/131807.jpg
4070,https://cdn.myanimelist.net/images/anime/1664/153227.jpg
13169,https://cdn.myanimelist.net/images/anime/11/50405.jpg
69,https://cdn.myanimelist.net/images/anime/1980/103243.jpg
21575,
1428,https://cdn.myanimelist.net/images/anime/1185/130917.jpg
6130,https://cdn.myanimelist.net/images/anime/11/22111.jpg
30679,https://cdn.myanimelist.net/images/anime/1742/141466.jpg
24763,https://cdn.myanimelist.net/images/anime/8/63697.jpg
2153,https://cdn.myanimelist.net/images/anime/2/75557.jpg
15119,https://cdn.myanimelist.net/images/anime/5/45640.jpg
28603,https://cdn.myanimelist.net/images/anime/4/69083.jpg
16415,https://cdn.myanimelist.net/images/anime/7/44291.jpg
1903,https://cdn.myanimelist.net/images/anime/5/8374.jpg
8026,https://cdn.myanimelist.net/images/anime/1345/141455.jpg
1460,https://cdn.myanimelist.net/images/anime/1338/99226.jpg
20965,https://cdn.myanimelist.net/images/anime/2/55383.jpg
3011,https://cdn.myanimelist.net/images/anime/2/20273.jpg
1346,https://cdn.myanimelist.net/images/anime/13/2851.jpg
32023,https://cdn.myanimelist.net/images/anime/7/79758.jpg
9121,https://cdn.myanimelist.net/images/anime/10/44081.jpg
825,https://cdn.myanimelist.net/images/anime/3/12676.jpg
3061,
1262,https://cdn.myanimelist.net/images/anime/9/61069.jpg
8743,https://cdn.myanimelist.net/images/anime/12/24150.jpg
7079,https://cdn.myanimelist.net/images/anime/10/21784.jpg
20907,https://cdn.myanimelist.net/images/anime/1539/112845.jpg
31168,
23309,https://cdn.myanimelist.net/images/anime/13/65671.jpg
8373,https://cdn.myanimelist.net/images/anime/10/22043.jpg
1443,https://cdn.myanimelist.net/images/anime/1928/150179.jpg
32993,https://cdn.myanimelist.net/images/anime/11/79138.jpg
1671,https://cdn.myanimelist.net/images/anime/1390/90154.jpg
27629,https://cdn.myanimelist.net/images/anime/5/66891.jpg
3977,https://cdn.myanimelist.net/images/anime/9/29923.jpg
184,https://cdn.myanimelist.net/images/anime/3/75162.jpg
31883,https://cdn.myanimelist.net/images/anime/8/79867.jpg
31683,https://cdn.myanimelist.net/images/anime/2/76368.jpg
3101,https://cdn.myanimelist.net/images/anime/1916/156453.jpg
1883,https://cdn.myanimelist.net/images/anime/1827/99134.jpg
9014,https://cdn.myanimelist.net/images/anime/3/29484.jpg
887,https://cdn.myanimelist.net/images/anime/10/2609.jpg
864,https://cdn.myanimelist.net/images/anime/1/864.jpg
10219,https://cdn.myanimelist.net/images/anime/11/50539.jpg
3913,https://cdn.myanimelist.net/images/anime/1487/111881.jpg
610,https://cdn.myanimelist.net/images/anime/11/34457.jpg
3474,https://cdn.myanimelist.net/images/anime/6/5778.jpg
17777,https://cdn.myanimelist.net/images/anime/3/56589.jpg
1444,https://cdn.myanimelist.net/images/anime/1822/150178.jpg
16099,https://cdn.myanimelist.net/images/anime/8/43461.jpg
3472,https://cdn.myanimelist.net/images/anime/1093/157806.jpg
51,https://cdn.myanimelist.net/images/anime/1627/146055.jpg
10306,https://cdn.myanimelist.net/images/anime/9/28351.jpg
29998,https://cdn.myanimelist.net/images/anime/6/71912.jpg
722,https://cdn.myanimelist.net/images/anime/13/10176.jpg
8278,https://cdn.myanimelist.net/images/anime/1615/106745.jpg
2127,https://cdn.myanimelist.net/images/anime/10/81827.jpg
13955,https://cdn.myanimelist.net/images/anime/6/38635.jpg
21495,https://cdn.myanimelist.net/images/anime/2/56701.jpg
7718,https://cdn.myanimelist.net/images/anime/4/18645.jpg
28673,https://cdn.myanimelist.net/images/anime/3/82664.jpg
661,https://cdn.myanimelist.net/images/anime/10/20194.jpg
13639,https://cdn.myanimelist.net/images/anime/10/53165.jpg
910,https://cdn.myanimelist.net/images/anime/3/10221.jpg
10028,
2133,https://cdn.myanimelist.net/images/anime/1/2276.jpg
362,https://cdn.myanimelist.net/images/anime/2/3290.jpg
363,https://cdn.myanimelist.net/images/anime/1802/127516.jpg
470,https://cdn.myanimelist.net/images/anime/4/18925.jpg
10180,https://cdn.myanimelist.net/images/anime/5/28077.jpg
28853,https://cdn.myanimelist.net/images/anime/6/71600.jpg
31914,https://cdn.myanimelist.net/images/anime/4/77837.jpg
11773,https://cdn.myanimelist.net/images/anime/8/74021.jpg
3234,https://cdn.myanimelist.net/images/anime/6/23353.jpg
13863,https://cdn.myanimelist.net/images/anime/4/43343.jpg
1701,https://cdn.myanimelist.net/images/anime/8/72904.jpg
159,
458,https://cdn.myanimelist.net/images/anime/4/53479.jpg
14875,https://cdn.myanimelist.net/images/anime/6/40311.jpg
10666,https://cdn.myanimelist.net/images/anime/4/29365.jpg
1865,https://cdn.myanimelist.net/images/anime/1/1865.jpg
133,https://cdn.myanimelist.net/images/anime/7/75251.jpg
647,https://cdn.myanimelist.net/images/anime/2/72171.jpg
1057,https://cdn.myanimelist.net/images/anime/6/34133.jpg
15847,https://cdn.myanimelist.net/images/anime/6/43035.jpg
24873,https://cdn.myanimelist.net/images/anime/11/69085.jpg
5132,https://cdn.myanimelist.net/images/anime/6/58797.jpg
952,https://cdn.myanimelist.net/images/anime/1/952.jpg
1880,https://cdn.myanimelist.net/images/anime/1/1880.jpg
28385,https://cdn.myanimelist.net/images/anime/5/68529.jpg
2100,https://cdn.myanimelist.net/images/anime/13/46951.jpg
33205,https://cdn.myanimelist.net/images/anime/1784/101410.jpg
32881,https://cdn.myanimelist.net/images/anime/2/81903.jpg
26443,https://cdn.myanimelist.net/images/anime/8/73682.jpg
2018,https://cdn.myanimelist.net/images/anime/1385/116773.jpg
31319,https://cdn.myanimelist.net/images/anime/13/76326.jpg
12967,https://cdn.myanimelist.net/images/anime/9/39495.jpg
18881,https://cdn.myanimelist.net/images/anime/4/71045.jpg
295,https://cdn.myanimelist.net/images/anime/1320/98811.jpg
258,https://cdn.myanimelist.net/images/anime/7/18066.jpg
10905,https://cdn.myanimelist.net/images/anime/3/30109.jpg
3858,https://cdn.myanimelist.net/images/anime/12/6900.jpg
31804,https://cdn.myanimelist.net/images/anime/8/78863.jpg
8302,https://cdn.myanimelist.net/images/anime/6/21655.jpg
2307,https://cdn.myanimelist.net/images/anime/11/75505.jpg
7598,https://cdn.myanimelist.net/images/anime/13/26343.jpg
3571,https://cdn.myanimelist.net/images/anime/4/6010.jpg
2571,https://cdn.myanimelist.net/images/anime/1228/156506.jpg
614,https://cdn.myanimelist.net/images/anime/1887/135071.jpg
13563,https://cdn.myanimelist.net/images/anime/12/72802.jpg
13969,https://cdn.myanimelist.net/images/anime/8/38659.jpg
33056,https://cdn.myanimelist.net/images/anime/1587/121016.jpg
9591,https://cdn.myanimelist.net/images/anime/3/26585.jpg
1868,https://cdn.myanimelist.net/images/anime/1286/151078.jpg
33024,https://cdn.myanimelist.net/images/anime/5/79232.jpg
5168,https://cdn.myanimelist.net/images/anime/5/10308.jpg
7017,https://cdn.myanimelist.net/images/anime/9/23479.jpg
2260,https://cdn.myanimelist.net/images/anime/1/2495.jpg
31156,https://cdn.myanimelist.net/images/anime/10/74863.jpg
349,https://cdn.myanimelist.net/images/anime/10/75560.jpg
31845,https://cdn.myanimelist.net/images/anime/7/80262.jpg
19257,https://cdn.myanimelist.net/images/anime/8/56139.jpg
25257,https://cdn.myanimelist.net/images/anime/7/64957.jpg
31540,https://cdn.myanimelist.net/images/anime/5/77840.jpg
31867,https://cdn.myanimelist.net/images/anime/1625/130771.jpg
33668,https://cdn.myanimelist.net/images/anime/6/83224.jpg
3507,https://cdn.myanimelist.net/images/anime/7/5857.jpg
8449,https://cdn.myanimelist.net/images/anime/5/75187.jpg
8961,https://cdn.myanimelist.net/images/anime/1577/153487.jpg
6127,https://cdn.myanimelist.net/images/anime/1242/123508.jpg
6234,https://cdn.myanimelist.net/images/anime/10/13889.jpg
10405,https://cdn.myanimelist.net/images/anime/3/33549.jpg
17681,https://cdn.myanimelist.net/images/anime/13/47499.jpg
3914,https://cdn.myanimelist.net/images/anime/11/7032.jpg
14077,https://cdn.myanimelist.net/images/anime/7/38845.jpg
14237,https://cdn.myanimelist.net/images/anime/10/43155.jpg
33314,https://cdn.myanimelist.net/images/anime/1189/98841.jpg
23985,https://cdn.myanimelist.net/images/anime/10/67563.jpg
3015,https://cdn.myanimelist.net/images/anime/1570/119418.jpg
1679,https://cdn.myanimelist.net/images/anime/4/19297.jpg
4513,https://cdn.myanimelist.net/images/anime/1136/100516.jpg
32202,
2162,https://cdn.myanimelist.net/images/anime/3/75661.jpg
555,https://cdn.myanimelist.net/images/anime/1019/151452.jpg
1280,https://cdn.myanimelist.net/images/anime/1276/97039.jpg
18639,https://cdn.myanimelist.net/images/anime/6/60967.jpg
6979,https://cdn.myanimelist.net/images/anime/3/75556.jpg
2027,https://cdn.myanimelist.net/images/anime/1895/143594.jpg
8985,https://cdn.myanimelist.net/images/anime/1065/91991.jpg
21861,https://cdn.myanimelist.net/images/anime/7/78635.jpg
5112,
6287,https://cdn.myanimelist.net/images/anime/1548/119396.jpg
2474,https://cdn.myanimelist.net/images/anime/1888/94333.jpg
16740,https://cdn.myanimelist.net/images/anime/13/45024.jpg
28883,https://cdn.myanimelist.net/images/anime/12/76700.jpg
360,https://cdn.myanimelist.net/images/anime/8/80544.jpg
21077,https://cdn.myanimelist.net/images/anime/7/56851.jpg
2526,https://cdn.myanimelist.net/images/anime/1335/94553.jpg
19575,https://cdn.myanimelist.net/images/anime/10/52439.jpg
6227,https://cdn.myanimelist.net/images/anime/12/65169.jpg
980,https://cdn.myanimelist.net/images/anime/10/75213.jpg
1500,https://cdn.myanimelist.net/images/anime/8/3784.jpg
33247,https://cdn.myanimelist.net/images/anime/4/79960.jpg
4591,https://cdn.myanimelist.net/images/anime/11/47727.jpg
1583,https://cdn.myanimelist.net/images/anime/11/19998.jpg
15085,https://cdn.myanimelist.net/images/anime/1311/128738.jpg
14277,https://cdn.myanimelist.net/images/anime/10/50537.jpg
22733,https://cdn.myanimelist.net/images/anime/1579/101841.jpg
3906,https://cdn.myanimelist.net/images/anime/13/7008.jpg
2281,https://cdn.myanimelist.net/images/anime/5/53787.jpg
1591,https://cdn.myanimelist.net/images/anime/6/75281.jpg
3475,https://cdn.myanimelist.net/images/anime/2/66111.jpg
15881,https://cdn.myanimelist.net/images/anime/6/46981.jpg
31927,https://cdn.myanimelist.net/images/anime/1854/112817.jpg
25365,https://cdn.myanimelist.net/images/anime/4/64727.jpg
8840,https://cdn.myanimelist.net/images/anime/2/24432.jpg
23433,https://cdn.myanimelist.net/images/anime/11/75522.jpg
25883,
9100,https://cdn.myanimelist.net/images/anime/12/47909.jpg
8249,https://cdn.myanimelist.net/images/anime/10/23339.jpg
12123,https://cdn.myanimelist.net/images/anime/3/36705.jpg
6094,https://cdn.myanimelist.net/images/anime/1577/92716.jpg
13859,https://cdn.myanimelist.net/images/anime/10/38469.jpg
2789,https://cdn.myanimelist.net/images/anime/13/21634.jpg
2156,https://cdn.myanimelist.net/images/anime/7/21568.jpg
301,https://cdn.myanimelist.net/images/anime/1029/147665.jpg
13807,https://cdn.myanimelist.net/images/anime/5/38331.jpg
29165,https://cdn.myanimelist.net/images/anime/6/70145.jpg
1337,https://cdn.myanimelist.net/images/anime/9/28204.jpg
1344,https://cdn.myanimelist.net/images/anime/1150/92809.jpg
581,https://cdn.myanimelist.net/images/anime/3/20329.jpg
2523,https://cdn.myanimelist.net/images/anime/1372/106200.jpg
7170,https://cdn.myanimelist.net/images/anime/7/81216.jpg
23341,https://cdn.myanimelist.net/images/anime/3/60355.jpg
15717,
19351,https://cdn.myanimelist.net/images/anime/8/58531.jpg
9731,https://cdn.myanimelist.net/images/anime/12/26961.jpg
29511,https://cdn.myanimelist.net/images/anime/3/72484.jpg
3004,https://cdn.myanimelist.net/images/anime/3/83179.jpg
1508,https://cdn.myanimelist.net/images/anime/9/57605.jpg
13175,https://cdn.myanimelist.net/images/anime/4/50407.jpg
6437,https://cdn.myanimelist.net/images/anime/9/22636.jpg
3512,https://cdn.myanimelist.net/images/anime/2/5868.jpg
927,https://cdn.myanimelist.net/images/anime/1520/146389.jpg
30385,https://cdn.myanimelist.net/images/anime/13/75528.jpg
21595,https://cdn.myanimelist.net/images/anime/9/62897.jpg
28593,https://cdn.myanimelist.net/images/anime/4/69041.jpg
454,https://cdn.myanimelist.net/images/anime/2/23085.jpg
791,https://cdn.myanimelist.net/images/anime/1661/112654.jpg
12581,https://cdn.myanimelist.net/images/anime/1618/112459.jpg
9935,https://cdn.myanimelist.net/images/anime/6/35601.jpg
2760,https://cdn.myanimelist.net/images/anime/3/23715.jpg
4443,https://cdn.myanimelist.net/images/anime/1914/105188.jpg
16149,https://cdn.myanimelist.net/images/anime/3/46509.jpg
17791,https://cdn.myanimelist.net/images/anime/9/69215.jpg
28179,https://cdn.myanimelist.net/images/anime/4/68163.jpg
9290,https://cdn.myanimelist.net/images/anime/3/25764.jpg
7108,https://cdn.myanimelist.net/images/anime/10/16690.jpg
835,https://cdn.myanimelist.net/images/anime/2/25293.jpg
2103,https://cdn.myanimelist.net/images/anime/1070/148136.jpg
6276,https://cdn.myanimelist.net/images/anime/1286/153190.jpg
11699,https://cdn.myanimelist.net/images/anime/7/32647.jpg
25833,https://cdn.myanimelist.net/images/anime/7/68127.jpg
33964,https://cdn.myanimelist.net/images/anime/13/81707.jpg
1380,https://cdn.myanimelist.net/images/anime/4/15774.jpg
20187,https://cdn.myanimelist.net/images/anime/5/53747.jpg
5652,https://cdn.myanimelist.net/images/anime/3/15193.jpg
13215,https://cdn.myanimelist.net/images/anime/13/36995.jpg
10832,
28713,https://cdn.myanimelist.net/images/anime/1786/118533.jpg
2609,https://cdn.myanimelist.net/images/anime/8/84837.jpg
1777,https://cdn.myanimelist.net/images/anime/1796/114316.jpg
2155,https://cdn.myanimelist.net/images/anime/3/75248.jpg
499,https://cdn.myanimelist.net/images/anime/1554/149689.jpg
1832,https://cdn.myanimelist.net/images/anime/1068/112547.jpg
337,https://cdn.myanimelist.net/images/anime/1886/98806.jpg
18413,https://cdn.myanimelist.net/images/anime/7/49979.jpg
32308,
13843,https://cdn.myanimelist.net/images/anime/4/38463.jpg
15313,https://cdn.myanimelist.net/images/anime/8/55353.jpg
2840,https://cdn.myanimelist.net/images/anime/7/61305.jpg
24531,https://cdn.myanimelist.net/images/anime/5/66839.jpg
20365,https://cdn.myanimelist.net/images/anime/6/56377.jpg
25839,https://cdn.myanimelist.net/images/anime/5/66059.jpg
6872,https://cdn.myanimelist.net/images/anime/1651/152096.jpg
6628,https://cdn.myanimelist.net/images/anime/8/15181.jpg
8491,https://cdn.myanimelist.net/images/anime/13/22648.jpg
3215,https://cdn.myanimelist.net/images/anime/1187/112985.jpg
2423,https://cdn.myanimelist.net/images/anime/1301/94928.jpg
1977,https://cdn.myanimelist.net/images/anime/1/2252.jpg
7230,https://cdn.myanimelist.net/images/anime/2/67065.jpg
848,https://cdn.myanimelist.net/images/anime/9/8506.jpg
577,https://cdn.myanimelist.net/images/anime/6/28822.jpg
15565,https://cdn.myanimelist.net/images/anime/10/58191.jpg
9523,https://cdn.myanimelist.net/images/anime/6/31903.jpg
2406,https://cdn.myanimelist.net/images/anime/1008/98996.jpg
19573,https://cdn.myanimelist.net/images/anime/10/55731.jpg
30585,https://cdn.myanimelist.net/images/anime/8/73450.jpg
12867,https://cdn.myanimelist.net/images/anime/9/76214.jpg
547,https://cdn.myanimelist.net/images/anime/1112/111182.jpg
1630,https://cdn.myanimelist.net/images/anime/9/61775.jpg
9595,https://cdn.myanimelist.net/images/anime/2/26578.jpg
27619,https://cdn.myanimelist.net/images/anime/1483/121804.jpg
2309,https://cdn.myanimelist.net/images/anime/1483/127577.jpg
2023,https://cdn.myanimelist.net/images/anime/1087/93010.jpg
6920,https://cdn.myanimelist.net/images/anime/1945/103220.jpg
693,https://cdn.myanimelist.net/images/anime/12/75500.jpg
6645,https://cdn.myanimelist.net/images/anime/1130/91352.jpg
17205,https://cdn.myanimelist.net/images/anime/1565/127387.jpg
14073,https://cdn.myanimelist.net/images/anime/11/75842.jpg
7596,https://cdn.myanimelist.net/images/anime/5/22334.jpg
12579,https://cdn.myanimelist.net/images/anime/5/35285.jpg
31762,https://cdn.myanimelist.net/images/anime/13/76498.jpg
3448,https://cdn.myanimelist.net/images/anime/8/67821.jpg
10465,https://cdn.myanimelist.net/images/anime/9/75184.jpg
1162,https://cdn.myanimelist.net/images/anime/4/6944.jpg
1071,https://cdn.myanimelist.net/images/anime/8/4682.jpg
24713,
9587,https://cdn.myanimelist.net/images/anime/3/75499.jpg
22215,https://cdn.myanimelist.net/images/anime/12/60581.jpg
30912,https://cdn.myanimelist.net/images/anime/12/74382.jpg
4213,https://cdn.myanimelist.net/images/anime/1988/153620.jpg
7759,https://cdn.myanimelist.net/images/anime/1177/137211.jpg
2770,
5369,https://cdn.myanimelist.net/images/anime/12/14121.jpg
1582,https://cdn.myanimelist.net/images/anime/1566/133563.jpg
31668,https://cdn.myanimelist.net/images/anime/10/76333.jpg
33023,https://cdn.myanimelist.net/images/anime/6/81989.jpg
2516,https://cdn.myanimelist.net/images/anime/1611/99361.jpg
12411,https://cdn.myanimelist.net/images/anime/1713/141222.jpg
16233,https://cdn.myanimelist.net/images/anime/12/68995.jpg
16574,https://cdn.myanimelist.net/images/anime/3/44710.jpg
1994,https://cdn.myanimelist.net/images/anime/2/44554.jpg
3120,https://cdn.myanimelist.net/images/anime/1974/128553.jpg
1494,https://cdn.myanimelist.net/images/anime/3/79776.jpg
3518,https://cdn.myanimelist.net/images/anime/1174/92715.jpg
11769,https://cdn.myanimelist.net/images/anime/11/35659.jpg
16646,https://cdn.myanimelist.net/images/anime/11/44862.jpg
511,https://cdn.myanimelist.net/images/anime/4/3461.jpg
23367,https://cdn.myanimelist.net/images/anime/5/60367.jpg
12433,https://cdn.myanimelist.net/images/anime/1030/154345.jpg
30652,https://cdn.myanimelist.net/images/anime/1684/150141.jpg
15177,https://cdn.myanimelist.net/images/anime/11/41111.jpg
22435,
16397,https://cdn.myanimelist.net/images/anime/11/49199.jpg
31113,https://cdn.myanimelist.net/images/anime/11/74737.jpg
818,https://cdn.myanimelist.net/images/anime/12/74961.jpg
1100,https://cdn.myanimelist.net/images/anime/1728/133610.jpg
21507,https://cdn.myanimelist.net/images/anime/1401/153016.jpg
5308,https://cdn.myanimelist.net/images/anime/1305/127095.jpg
6425,https://cdn.myanimelist.net/images/anime/10/17261.jpg
6987,https://cdn.myanimelist.net/images/anime/10/18611.jpg
7334,https://cdn.myanimelist.net/images/anime/1295/133817.jpg
6496,https://cdn.myanimelist.net/images/anime/7/22167.jpg
23333,https://cdn.myanimelist.net/images/anime/6/75642.jpg
2196,https://cdn.myanimelist.net/images/anime/1186/133568.jpg
9598,https://cdn.myanimelist.net/images/anime/8/27429.jpg
7723,https://cdn.myanimelist.net/images/anime/13/46765.jpg
1856,https://cdn.myanimelist.net/images/anime/10/10175.jpg
5725,https://cdn.myanimelist.net/images/anime/13/23619.jpg
29301,https://cdn.myanimelist.net/images/anime/1285/112446.jpg
33795,https://cdn.myanimelist.net/images/anime/5/82253.jpg
18449,https://cdn.myanimelist.net/images/anime/3/49393.jpg
4719,https://cdn.myanimelist.net/images/anime/2/12410.jpg
445,https://cdn.myanimelist.net/images/anime/11/42089.jpg
4033,https://cdn.myanimelist.net/images/anime/1060/150177.jpg
176,https://cdn.myanimelist.net/images/anime/7/17439.jpg
16576,https://cdn.myanimelist.net/images/anime/9/44712.jpg
19029,https://cdn.myanimelist.net/images/anime/6/51019.jpg
12131,https://cdn.myanimelist.net/images/anime/4/55889.jpg
24699,https://cdn.myanimelist.net/images/anime/12/67801.jpg
231,https://cdn.myanimelist.net/images/anime/3/75196.jpg
31049,https://cdn.myanimelist.net/images/anime/13/78786.jpg
4095,https://cdn.myanimelist.net/images/anime/7/7479.jpg
2285,https://cdn.myanimelist.net/images/anime/1/2523.jpg
6215,https://cdn.myanimelist.net/images/anime/8/19471.jpg
6992,https://cdn.myanimelist.net/images/anime/13/67063.jpg
31091,https://cdn.myanimelist.net/images/anime/7/78082.jpg
23989,https://cdn.myanimelist.net/images/anime/7/62209.jpg
1628,https://cdn.myanimelist.net/images/anime/5/84849.jpg
3898,
7740,https://cdn.myanimelist.net/images/anime/10/22749.jpg
2244,https://cdn.myanimelist.net/images/anime/13/21222.jpg
2068,https://cdn.myanimelist.net/images/anime/6/29905.jpg
7705,https://cdn.myanimelist.net/images/anime/7/27459.jpg
309,https://cdn.myanimelist.net/images/anime/4/75541.jpg
1542,
1828,https://cdn.myanimelist.net/images/anime/9/9351.jpg
2019,https://cdn.myanimelist.net/images/anime/1374/99920.jpg
13993,https://cdn.myanimelist.net/images/anime/10/38821.jpg
21809,https://cdn.myanimelist.net/images/anime/2/61435.jpg
1899,https://cdn.myanimelist.net/images/anime/11/57475.jpg
1188,https://cdn.myanimelist.net/images/anime/7/15422.jpg
4566,https://cdn.myanimelist.net/images/anime/13/8747.jpg
29035,https://cdn.myanimelist.net/images/anime/9/73636.jpg
839,https://cdn.myanimelist.net/images/anime/2/2959.jpg
2102,https://cdn.myanimelist.net/images/anime/1489/98134.jpg
773,https://cdn.myanimelist.net/images/anime/7/3788.jpg
7691,https://cdn.myanimelist.net/images/anime/12/21756.jpg
346,https://cdn.myanimelist.net/images/anime/1/346.jpg
7463,https://cdn.myanimelist.net/images/anime/7/24032.jpg
10330,https://cdn.myanimelist.net/images/anime/10/82083.jpg
8132,https://cdn.myanimelist.net/images/anime/9/20218.jpg
15979,
1157,https://cdn.myanimelist.net/images/anime/1229/153128.jpg
141,https://cdn.myanimelist.net/images/anime/3/44792.jpg
1561,https://cdn.myanimelist.net/images/anime/6/6448.jpg
1984,https://cdn.myanimelist.net/images/anime/1325/92613.jpg
9782,https://cdn.myanimelist.net/images/anime/10/31755.jpg
32039,https://cdn.myanimelist.net/images/anime/5/78322.jpg
10263,https://cdn.myanimelist.net/images/anime/1125/133016.jpg
1862,https://cdn.myanimelist.net/images/anime/12/82422.jpg
13675,
17879,https://cdn.myanimelist.net/images/anime/1482/123514.jpg
13143,https://cdn.myanimelist.net/images/anime/1738/129892.jpg
4419,https://cdn.myanimelist.net/images/anime/10/67125.jpg
3962,https://cdn.myanimelist.net/images/anime/8/12400.jpg
841,https://cdn.myanimelist.net/images/anime/8/19229.jpg
10177,https://cdn.myanimelist.net/images/anime/12/28072.jpg
904,https://cdn.myanimelist.net/images/anime/1035/93674.jpg
33808,https://cdn.myanimelist.net/images/anime/8/82065.jpg
11005,https://cdn.myanimelist.net/images/anime/1812/141658.jpg
1427,https://cdn.myanimelist.net/images/anime/13/27617.jpg
5723,https://cdn.myanimelist.net/images/anime/8/28180.jpg
16335,https://cdn.myanimelist.net/images/anime/9/44133.jpg
838,https://cdn.myanimelist.net/images/anime/10/12023.jpg
2083,https://cdn.myanimelist.net/images/anime/1008/94564.jpg
439,https://cdn.myanimelist.net/images/anime/1487/112102.jpg
14583,https://cdn.myanimelist.net/images/anime/13/39747.jpg
10201,https://cdn.myanimelist.net/images/anime/7/28136.jpg
9002,https://cdn.myanimelist.net/images/anime/13/24906.jpg
2301,https://cdn.myanimelist.net/images/anime/4/51083.jpg
1202,https://cdn.myanimelist.net/images/anime/4/19950.jpg
18767,https://cdn.myanimelist.net/images/anime/10/56137.jpg
2981,https://cdn.myanimelist.net/images/anime/13/77662.jpg
18755,https://cdn.myanimelist.net/images/anime/9/50109.jpg
33045,https://cdn.myanimelist.net/images/anime/1954/133980.jpg
4003,https://cdn.myanimelist.net/images/anime/1538/94531.jpg
1324,https://cdn.myanimelist.net/images/anime/1134/143852.jpg
498,https://cdn.myanimelist.net/images/anime/1262/92742.jpg
2049,https://cdn.myanimelist.net/images/anime/12/54871.jpg
17815,
12449,https://cdn.myanimelist.net/images/anime/1832/121753.jpg
2332,https://cdn.myanimelist.net/images/anime/1960/152119.jpg
7468,https://cdn.myanimelist.net/images/anime/4/18207.jpg
11547,https://cdn.myanimelist.net/images/anime/11/39031.jpg
32309,https://cdn.myanimelist.net/images/anime/3/78140.jpg
686,https://cdn.myanimelist.net/images/anime/1/686.jpg
648,https://cdn.myanimelist.net/images/anime/1/648.jpg
20053,https://cdn.myanimelist.net/images/anime/9/58145.jpg
2823,https://cdn.myanimelist.net/images/anime/7/3921.jpg
12877,https://cdn.myanimelist.net/images/anime/8/36163.jpg
1283,https://cdn.myanimelist.net/images/anime/1491/96516.jpg
2287,https://cdn.myanimelist.net/images/anime/1715/105092.jpg
1056,https://cdn.myanimelist.net/images/anime/1387/134249.jpg
10477,https://cdn.myanimelist.net/images/anime/6/28784.jpg
4713,https://cdn.myanimelist.net/images/anime/10/28748.jpg
3406,https://cdn.myanimelist.net/images/anime/9/24320.jpg
1909,https://cdn.myanimelist.net/images/anime/10/49929.jpg
8792,https://cdn.myanimelist.net/images/anime/1387/147466.jpg
20555,https://cdn.myanimelist.net/images/anime/3/56987.jpg
854,https://cdn.myanimelist.net/images/anime/1730/133955.jpg
33902,https://cdn.myanimelist.net/images/anime/13/81596.jpg
31221,https://cdn.myanimelist.net/images/anime/12/76574.jpg
5462,https://cdn.myanimelist.net/images/anime/1889/143250.jpg
14949,https://cdn.myanimelist.net/images/anime/12/53753.jpg
7739,https://cdn.myanimelist.net/images/anime/12/22784.jpg
1224,https://cdn.myanimelist.net/images/anime/4/21141.jpg
2414,https://cdn.myanimelist.net/images/anime/1502/123445.jpg
22547,https://cdn.myanimelist.net/images/anime/11/61885.jpg
7597,https://cdn.myanimelist.net/images/anime/13/19796.jpg
11705,https://cdn.myanimelist.net/images/anime/1238/90707.jpg
426,https://cdn.myanimelist.net/images/anime/1204/152080.jpg
6875,https://cdn.myanimelist.net/images/anime/13/26227.jpg
3889,
6932,https://cdn.myanimelist.net/images/anime/3/16117.jpg
4461,https://cdn.myanimelist.net/images/anime/1024/103657.jpg
4187,https://cdn.myanimelist.net/images/anime/3/15872.jpg
24835,https://cdn.myanimelist.net/images/anime/13/67549.jpg
571,https://cdn.myanimelist.net/images/anime/4/37735.jpg
30686,https://cdn.myanimelist.net/images/anime/10/73716.jpg
6385,https://cdn.myanimelist.net/images/anime/4/26239.jpg
13855,https://cdn.myanimelist.net/images/anime/7/38419.jpg
5080,https://cdn.myanimelist.net/images/anime/8/13459.jpg
3509,https://cdn.myanimelist.net/images/anime/1366/99209.jpg
10301,https://cdn.myanimelist.net/images/anime/8/28328.jpg
11099,https://cdn.myanimelist.net/images/anime/4/30751.jpg
12121,https://cdn.myanimelist.net/images/anime/9/34227.jpg
6616,
2015,https://cdn.myanimelist.net/images/anime/1262/143592.jpg
1026,https://cdn.myanimelist.net/images/anime/1531/99294.jpg
31994,https://cdn.myanimelist.net/images/anime/5/78074.jpg
1484,https://cdn.myanimelist.net/images/anime/1123/94526.jpg
204,https://cdn.myanimelist.net/images/anime/1135/128536.jpg
7770,https://cdn.myanimelist.net/images/anime/2/38359.jpg
4444,https://cdn.myanimelist.net/images/anime/1456/124274.jpg
9846,https://cdn.myanimelist.net/images/anime/11/27263.jpg
767,https://cdn.myanimelist.net/images/anime/4/2888.jpg
2827,https://cdn.myanimelist.net/images/anime/1310/137181.jpg
3506,https://cdn.myanimelist.net/images/anime/1974/111954.jpg
3840,https://cdn.myanimelist.net/images/anime/12/21159.jpg
15883,https://cdn.myanimelist.net/images/anime/7/52529.jpg
2473,https://cdn.myanimelist.net/images/anime/1402/94331.jpg
31065,https://cdn.myanimelist.net/images/anime/8/74746.jpg
30922,https://cdn.myanimelist.net/images/anime/13/76581.jpg
6327,https://cdn.myanimelist.net/images/anime/9/18390.jpg
32959,https://cdn.myanimelist.net/images/anime/5/79144.jpg
10581,https://cdn.myanimelist.net/images/anime/4/29043.jpg
7549,https://cdn.myanimelist.net/images/anime/11/27241.jpg
756,https://cdn.myanimelist.net/images/anime/1145/121899.jpg
2179,https://cdn.myanimelist.net/images/anime/1388/131906.jpg
748,https://cdn.myanimelist.net/images/anime/10/3798.jpg
31736,https://cdn.myanimelist.net/images/anime/8/76450.jpg
6918,https://cdn.myanimelist.net/images/anime/1939/121861.jpg
30100,https://cdn.myanimelist.net/images/anime/1734/122725.jpg
3135,https://cdn.myanimelist.net/images/anime/8/33209.jpg
25567,
1200,https://cdn.myanimelist.net/images/anime/1047/153905.jpg
28791,https://cdn.myanimelist.net/images/anime/2/73120.jpg
32083,https://cdn.myanimelist.net/images/anime/5/77134.jpg
1885,https://cdn.myanimelist.net/images/anime/1/1885.jpg
31676,https://cdn.myanimelist.net/images/anime/7/76408.jpg
14663,https://cdn.myanimelist.net/images/anime/2/39901.jpg
3642,https://cdn.myanimelist.net/images/anime/1730/157006.jpg
31133,https://cdn.myanimelist.net/images/anime/13/74768.jpg
1228,https://cdn.myanimelist.net/images/anime/5/3368.jpg
17727,https://cdn.myanimelist.net/images/anime/7/47233.jpg
1156,https://cdn.myanimelist.net/images/anime/1610/94731.jpg
23735,https://cdn.myanimelist.net/images/anime/2/62127.jpg
1955,https://cdn.myanimelist.net/images/anime/1210/112166.jpg
2461,https://cdn.myanimelist.net/images/anime/1463/103109.jpg
30168,
8312,
13927,https://cdn.myanimelist.net/images/anime/3/38605.jpg
5469,https://cdn.myanimelist.net/images/anime/6/11253.jpg
2693,https://cdn.myanimelist.net/images/anime/10/62217.jpg
2322,https://cdn.myanimelist.net/images/anime/1652/98494.jpg
1234,https://cdn.myanimelist.net/images/anime/12/2903.jpg
766,https://cdn.myanimelist.net/images/anime/1/766.jpg
556,https://cdn.myanimelist.net/images/anime/4/13729.jpg
669,https://cdn.myanimelist.net/images/anime/1063/147270.jpg
14049,https://cdn.myanimelist.net/images/anime/1229/130376.jpg
3336,https://cdn.myanimelist.net/images/anime/3/5386.jpg
2304,https://cdn.myanimelist.net/images/anime/9/51237.jpg
12065,https://cdn.myanimelist.net/images/anime/6/34021.jpg
28447,https://cdn.myanimelist.net/images/anime/3/68709.jpg
12367,https://cdn.myanimelist.net/images/anime/5/38329.jpg
16363,https://cdn.myanimelist.net/images/anime/12/48917.jpg
22831,https://cdn.myanimelist.net/images/anime/1707/90416.jpg
16211,https://cdn.myanimelist.net/images/anime/9/43673.jpg
23037,https://cdn.myanimelist.net/images/anime/11/62557.jpg
1468,https://cdn.myanimelist.net/images/anime/1274/112464.jpg
1055,https://cdn.myanimelist.net/images/anime/2/2713.jpg
2723,https://cdn.myanimelist.net/images/anime/6/36383.jpg
19165,https://cdn.myanimelist.net/images/anime/1160/146062.jpg
9911,https://cdn.myanimelist.net/images/anime/9/47741.jpg
932,https://cdn.myanimelist.net/images/anime/13/25256.jpg
588,https://cdn.myanimelist.net/images/anime/11/2902.jpg
1926,https://cdn.myanimelist.net/images/anime/4/3505.jpg
1874,
25543,https://cdn.myanimelist.net/images/anime/4/65041.jpg
1175,https://cdn.myanimelist.net/images/anime/1160/97198.jpg
1940,https://cdn.myanimelist.net/images/anime/1396/94529.jpg
1099,https://cdn.myanimelist.net/images/anime/10/85750.jpg
2051,https://cdn.myanimelist.net/images/anime/7/41071.jpg
12447,
33522,https://cdn.myanimelist.net/images/anime/13/80640.jpg
16508,https://cdn.myanimelist.net/images/anime/6/44588.jpg
29975,https://cdn.myanimelist.net/images/anime/12/71880.jpg
21587,https://cdn.myanimelist.net/images/anime/10/56893.jpg
21441,
1979,https://cdn.myanimelist.net/images/anime/8/5028.jpg
14359,https://cdn.myanimelist.net/images/anime/11/39405.jpg
16738,https://cdn.myanimelist.net/images/anime/10/45276.jpg
20355,https://cdn.myanimelist.net/images/anime/13/54101.jpg
30137,https://cdn.myanimelist.net/images/anime/12/78945.jpg
15043,https://cdn.myanimelist.net/images/anime/12/45991.jpg
7363,https://cdn.myanimelist.net/images/anime/9/17616.jpg
19769,https://cdn.myanimelist.net/images/anime/3/58103.jpg
21013,https://cdn.myanimelist.net/images/anime/1699/100476.jpg
545,https://cdn.myanimelist.net/images/anime/6/14824.jpg
7004,https://cdn.myanimelist.net/images/anime/12/61017.jpg
3818,https://cdn.myanimelist.net/images/anime/5/6815.jpg
25431,https://cdn.myanimelist.net/images/anime/13/67751.jpg
310,https://cdn.myanimelist.net/images/anime/1893/100728.jpg
29876,https://cdn.myanimelist.net/images/anime/2/74803.jpg
19431,https://cdn.myanimelist.net/images/anime/1483/124515.jpg
18953,https://cdn.myanimelist.net/images/anime/1179/150332.jpg
25429,https://cdn.myanimelist.net/images/anime/1769/134794.jpg
31044,https://cdn.myanimelist.net/images/anime/4/84883.jpg
22847,https://cdn.myanimelist.net/images/anime/8/59323.jpg
4689,https://cdn.myanimelist.net/images/anime/7/8980.jpg
624,https://cdn.myanimelist.net/images/anime/5/75507.jpg
5085,https://cdn.myanimelist.net/images/anime/6/55301.jpg
12677,https://cdn.myanimelist.net/images/anime/1541/153291.jpg
2781,https://cdn.myanimelist.net/images/anime/1946/109012.jpg
2476,https://cdn.myanimelist.net/images/anime/1593/122440.jpg
25635,https://cdn.myanimelist.net/images/anime/1455/144984.jpg
3787,https://cdn.myanimelist.net/images/anime/11/41453.jpg
1349,https://cdn.myanimelist.net/images/anime/2/15440.jpg
32171,https://cdn.myanimelist.net/images/anime/11/80684.jpg
1106,
5178,https://cdn.myanimelist.net/images/anime/10/15653.jpg
23179,https://cdn.myanimelist.net/images/anime/9/60009.jpg
31137,https://cdn.myanimelist.net/images/anime/8/74785.jpg
32805,https://cdn.myanimelist.net/images/anime/12/82325.jpg
10796,https://cdn.myanimelist.net/images/anime/11/29804.jpg
2291,https://cdn.myanimelist.net/images/anime/10/52121.jpg
20855,https://cdn.myanimelist.net/images/anime/1307/124250.jpg
10766,https://cdn.myanimelist.net/images/anime/7/29671.jpg
515,https://cdn.myanimelist.net/images/anime/1792/139228.jpg
1838,https://cdn.myanimelist.net/images/anime/1772/149135.jpg
21649,https://cdn.myanimelist.net/images/anime/7/77096.jpg
3759,https://cdn.myanimelist.net/images/anime/1691/121897.jpg
2245,https://cdn.myanimelist.net/images/anime/8/49619.jpg
23151,https://cdn.myanimelist.net/images/anime/12/64091.jpg
4685,
29801,https://cdn.myanimelist.net/images/anime/10/71589.jpg
2536,https://cdn.myanimelist.net/images/anime/5/17872.jpg
25077,https://cdn.myanimelist.net/images/anime/5/64137.jpg
2754,https://cdn.myanimelist.net/images/anime/1367/107825.jpg
3525,https://cdn.myanimelist.net/images/anime/9/71738.jpg
22099,https://cdn.myanimelist.net/images/anime/1247/101828.jpg
2483,https://cdn.myanimelist.net/images/anime/1403/96254.jpg
3576,https://cdn.myanimelist.net/images/anime/10/75397.jpg
1097,https://cdn.myanimelist.net/images/anime/6/75503.jpg
1155,https://cdn.myanimelist.net/images/anime/5/20564.jpg
546,https://cdn.myanimelist.net/images/anime/1241/144438.jpg
8939,https://cdn.myanimelist.net/images/anime/9/24795.jpg
29974,https://cdn.myanimelist.net/images/anime/3/73657.jpg
19581,https://cdn.myanimelist.net/images/anime/2/52443.jpg
1084,https://cdn.myanimelist.net/images/anime/1/1084.jpg
12755,https://cdn.myanimelist.net/images/anime/9/35793.jpg
2468,https://cdn.myanimelist.net/images/anime/4/31679.jpg
18039,https://cdn.myanimelist.net/images/anime/12/52033.jpg
25441,https://cdn.myanimelist.net/images/anime/2/64845.jpg
15505,
17871,https://cdn.myanimelist.net/images/anime/10/47723.jpg
1267,https://cdn.myanimelist.net/images/anime/1754/94191.jpg
2163,https://cdn.myanimelist.net/images/anime/3/9069.jpg
5157,https://cdn.myanimelist.net/images/anime/1831/95687.jpg
10501,https://cdn.myanimelist.net/images/anime/12/29028.jpg
8490,https://cdn.myanimelist.net/images/anime/12/22649.jpg
10691,https://cdn.myanimelist.net/images/anime/1159/103024.jpg
19871,https://cdn.myanimelist.net/images/anime/3/53241.jpg
2775,https://cdn.myanimelist.net/images/anime/2/3751.jpg
881,https://cdn.myanimelist.net/images/anime/12/20157.jpg
2305,https://cdn.myanimelist.net/images/anime/1990/138648.jpg
23099,https://cdn.myanimelist.net/images/anime/2/59811.jpg
1167,https://cdn.myanimelist.net/images/anime/11/3796.jpg
5027,https://cdn.myanimelist.net/images/anime/1603/100542.jpg
12665,https://cdn.myanimelist.net/images/anime/10/35541.jpg
3080,https://cdn.myanimelist.net/images/anime/1990/139619.jpg
3060,https://cdn.myanimelist.net/images/anime/1253/116763.jpg
33392,https://cdn.myanimelist.net/images/anime/5/81425.jpg
319,https://cdn.myanimelist.net/images/anime/1198/116659.jpg
1036,https://cdn.myanimelist.net/images/anime/7/77669.jpg
1150,https://cdn.myanimelist.net/images/anime/9/2764.jpg
3258,https://cdn.myanimelist.net/images/anime/1889/98095.jpg
17351,https://cdn.myanimelist.net/images/anime/12/46513.jpg
33201,https://cdn.myanimelist.net/images/anime/6/79780.jpg
216,https://cdn.myanimelist.net/images/anime/1860/116096.jpg
6704,https://cdn.myanimelist.net/images/anime/13/22751.jpg
8337,https://cdn.myanimelist.net/images/anime/11/21936.jpg
7668,https://cdn.myanimelist.net/images/anime/2/19059.jpg
29758,https://cdn.myanimelist.net/images/anime/12/80197.jpg
19447,https://cdn.myanimelist.net/images/anime/4/52145.jpg
1269,https://cdn.myanimelist.net/images/anime/11/17896.jpg
6985,https://cdn.myanimelist.net/images/anime/1328/148132.jpg
31827,https://cdn.myanimelist.net/images/anime/12/76688.jpg
4091,https://cdn.myanimelist.net/images/anime/11/7467.jpg
31865,https://cdn.myanimelist.net/images/anime/2/76734.jpg
4460,https://cdn.myanimelist.net/images/anime/7/79930.jpg
328,https://cdn.myanimelist.net/images/anime/2/12834.jpg
8668,https://cdn.myanimelist.net/images/anime/11/23859.jpg
21067,https://cdn.myanimelist.net/images/anime/6/57481.jpg
3849,https://cdn.myanimelist.net/images/anime/7/6871.jpg
28227,https://cdn.myanimelist.net/images/anime/5/71047.jpg
10799,https://cdn.myanimelist.net/images/anime/1284/132934.jpg
9940,https://cdn.myanimelist.net/images/anime/1475/127171.jpg
25999,https://cdn.myanimelist.net/images/anime/11/73956.jpg
23423,https://cdn.myanimelist.net/images/anime/5/74733.jpg
33164,https://cdn.myanimelist.net/images/anime/9/79855.jpg
31890,https://cdn.myanimelist.net/images/anime/10/76792.jpg
1037,https://cdn.myanimelist.net/images/anime/11/23705.jpg
6641,https://cdn.myanimelist.net/images/anime/13/17047.jpg
6809,https://cdn.myanimelist.net/images/anime/7/15762.jpg
4264,https://cdn.myanimelist.net/images/anime/5/21701.jpg
19397,https://cdn.myanimelist.net/images/anime/11/52413.jpg
6443,https://cdn.myanimelist.net/images/anime/2/14628.jpg
294,https://cdn.myanimelist.net/images/anime/7/3570.jpg
19521,https://cdn.myanimelist.net/images/anime/2/52409.jpg
31064,https://cdn.myanimelist.net/images/anime/3/74745.jpg
1947,https://cdn.myanimelist.net/images/anime/8/6844.jpg
321,https://cdn.myanimelist.net/images/anime/11/22210.jpg
3205,https://cdn.myanimelist.net/images/anime/1639/95857.jpg
11543,https://cdn.myanimelist.net/images/anime/4/34107.jpg
1769,https://cdn.myanimelist.net/images/anime/1189/134405.jpg
22735,https://cdn.myanimelist.net/images/anime/1934/101823.jpg
3095,https://cdn.myanimelist.net/images/anime/1069/135843.jpg
13691,https://cdn.myanimelist.net/images/anime/7/47431.jpg
25875,https://cdn.myanimelist.net/images/anime/10/65537.jpg
2183,https://cdn.myanimelist.net/images/anime/7/73296.jpg
7953,https://cdn.myanimelist.net/images/anime/12/19470.jpg
27417,https://cdn.myanimelist.net/images/anime/12/74238.jpg
858,https://cdn.myanimelist.net/images/anime/9/9074.jpg
31109,https://cdn.myanimelist.net/images/anime/12/80182.jpg
1991,
14045,https://cdn.myanimelist.net/images/anime/6/45314.jpg
1912,https://cdn.myanimelist.net/images/anime/6/27476.jpg
10679,https://cdn.myanimelist.net/images/anime/2/29426.jpg
31362,https://cdn.myanimelist.net/images/anime/10/75432.jpg
1711,https://cdn.myanimelist.net/images/anime/10/20616.jpg
1226,https://cdn.myanimelist.net/images/anime/1578/117541.jpg
1148,https://cdn.myanimelist.net/images/anime/3/88664.jpg
19133,https://cdn.myanimelist.net/images/anime/10/52865.jpg
33798,https://cdn.myanimelist.net/images/anime/9/81428.jpg
4158,https://cdn.myanimelist.net/images/anime/7/81238.jpg
5785,https://cdn.myanimelist.net/images/anime/4/81190.jpg
3157,https://cdn.myanimelist.net/images/anime/5/5175.jpg
3805,https://cdn.myanimelist.net/images/anime/12/10017.jpg
275,https://cdn.myanimelist.net/images/anime/1064/149848.jpg
361,https://cdn.myanimelist.net/images/anime/1497/127514.jpg
20961,https://cdn.myanimelist.net/images/anime/1131/112846.jpg
1098,https://cdn.myanimelist.net/images/anime/1083/152234.jpg
1378,https://cdn.myanimelist.net/images/anime/1358/97131.jpg
1227,https://cdn.myanimelist.net/images/anime/9/18492.jpg
366,https://cdn.myanimelist.net/images/anime/1861/107739.jpg
1351,https://cdn.myanimelist.net/images/anime/1377/110296.jpg
1268,https://cdn.myanimelist.net/images/anime/3/61595.jpg
2607,https://cdn.myanimelist.net/images/anime/11/3521.jpg
2292,https://cdn.myanimelist.net/images/anime/1986/146153.jpg
12157,https://cdn.myanimelist.net/images/anime/10/48839.jpg
5918,https://cdn.myanimelist.net/images/anime/9/35349.jpg
1908,https://cdn.myanimelist.net/images/anime/1937/104509.jpg
31631,https://cdn.myanimelist.net/images/anime/7/76232.jpg
13673,https://cdn.myanimelist.net/images/anime/9/37951.jpg
32961,https://cdn.myanimelist.net/images/anime/4/82161.jpg
15769,
33775,https://cdn.myanimelist.net/images/anime/3/82256.jpg
23679,https://cdn.myanimelist.net/images/anime/2/62059.jpg
2882,https://cdn.myanimelist.net/images/anime/1045/156151.jpg
31018,https://cdn.myanimelist.net/images/anime/8/78124.jpg
24855,https://cdn.myanimelist.net/images/anime/4/67045.jpg
22835,https://cdn.myanimelist.net/images/anime/8/75226.jpg
10217,https://cdn.myanimelist.net/images/anime/11/30254.jpg
2527,https://cdn.myanimelist.net/images/anime/1975/97124.jpg
31793,
4130,https://cdn.myanimelist.net/images/anime/10/7593.jpg
32772,https://cdn.myanimelist.net/images/anime/5/80793.jpg
1245,https://cdn.myanimelist.net/images/anime/1517/148807.jpg
31790,https://cdn.myanimelist.net/images/anime/3/77977.jpg
56,https://cdn.myanimelist.net/images/anime/1112/154871.jpg
1665,https://cdn.myanimelist.net/images/anime/1467/100245.jpg
18599,https://cdn.myanimelist.net/images/anime/10/49925.jpg
17397,https://cdn.myanimelist.net/images/anime/8/47377.jpg
1623,https://cdn.myanimelist.net/images/anime/10/4447.jpg
16317,https://cdn.myanimelist.net/images/anime/5/44996.jpg
5415,https://cdn.myanimelist.net/images/anime/6/64921.jpg
1625,https://cdn.myanimelist.net/images/anime/8/5231.jpg
3685,https://cdn.myanimelist.net/images/anime/8/81173.jpg
6189,https://cdn.myanimelist.net/images/anime/5/50623.jpg
17127,https://cdn.myanimelist.net/images/anime/3/46763.jpg
9732,https://cdn.myanimelist.net/images/anime/3/26962.jpg
824,https://cdn.myanimelist.net/images/anime/9/20741.jpg
16636,https://cdn.myanimelist.net/images/anime/10/45090.jpg
1644,https://cdn.myanimelist.net/images/anime/1405/112400.jpg
14347,https://cdn.myanimelist.net/images/anime/1459/116393.jpg
15133,https://cdn.myanimelist.net/images/anime/4/43233.jpg
31318,https://cdn.myanimelist.net/images/anime/3/76111.jpg
8241,https://cdn.myanimelist.net/images/anime/1718/153287.jpg
11763,https://cdn.myanimelist.net/images/anime/11/52633.jpg
2616,https://cdn.myanimelist.net/images/anime/3/81232.jpg
9393,https://cdn.myanimelist.net/images/anime/3/36771.jpg
10545,https://cdn.myanimelist.net/images/anime/11/28972.jpg
20913,https://cdn.myanimelist.net/images/anime/12/55347.jpg
982,https://cdn.myanimelist.net/images/anime/13/19185.jpg
1928,https://cdn.myanimelist.net/images/anime/1/1928.jpg
4012,https://cdn.myanimelist.net/images/anime/2/7282.jpg
5501,https://cdn.myanimelist.net/images/anime/2/11349.jpg
1220,https://cdn.myanimelist.net/images/anime/1167/116430.jpg
510,https://cdn.myanimelist.net/images/anime/1643/129530.jpg
8936,https://cdn.myanimelist.net/images/anime/4/24789.jpg
19727,https://cdn.myanimelist.net/images/anime/5/52743.jpg
1939,https://cdn.myanimelist.net/images/anime/1047/138664.jpg
3820,https://cdn.myanimelist.net/images/anime/2/6817.jpg
18419,https://cdn.myanimelist.net/images/anime/9/49317.jpg
9205,https://cdn.myanimelist.net/images/anime/12/25520.jpg
11715,https://cdn.myanimelist.net/images/anime/8/32717.jpg
12237,https://cdn.myanimelist.net/images/anime/12/39121.jpg
10519,https://cdn.myanimelist.net/images/anime/4/28921.jpg
1440,https://cdn.myanimelist.net/images/anime/8/62465.jpg
1790,
1223,https://cdn.myanimelist.net/images/anime/8/23180.jpg
30746,https://cdn.myanimelist.net/images/anime/7/76737.jpg
22295,https://cdn.myanimelist.net/images/anime/2/69969.jpg
33244,https://cdn.myanimelist.net/images/anime/13/81679.jpg
2910,https://cdn.myanimelist.net/images/anime/3/59829.jpg
6792,https://cdn.myanimelist.net/images/anime/1724/116813.jpg
676,https://cdn.myanimelist.net/images/anime/10/75869.jpg
16405,https://cdn.myanimelist.net/images/anime/12/45352.jpg
23551,https://cdn.myanimelist.net/images/anime/6/65753.jpg
6721,https://cdn.myanimelist.net/images/anime/11/86380.jpg
668,https://cdn.myanimelist.net/images/anime/1691/135409.jpg
9167,https://cdn.myanimelist.net/images/anime/2/25404.jpg
20557,https://cdn.myanimelist.net/images/anime/6/54569.jpg
23781,https://cdn.myanimelist.net/images/anime/11/70471.jpg
33985,https://cdn.myanimelist.net/images/anime/11/82233.jpg
28537,https://cdn.myanimelist.net/images/anime/2/76029.jpg
1115,https://cdn.myanimelist.net/images/anime/10/34835.jpg
1620,https://cdn.myanimelist.net/images/anime/4/22262.jpg
1767,https://cdn.myanimelist.net/images/anime/1504/141312.jpg
30499,https://cdn.myanimelist.net/images/anime/8/73386.jpg
9608,https://cdn.myanimelist.net/images/anime/11/75498.jpg
23213,https://cdn.myanimelist.net/images/anime/11/60065.jpg
5875,https://cdn.myanimelist.net/images/anime/10/12518.jpg
2346,https://cdn.myanimelist.net/images/anime/11/34131.jpg
16023,https://cdn.myanimelist.net/images/anime/13/80092.jpg
12101,https://cdn.myanimelist.net/images/anime/9/34203.jpg
23229,https://cdn.myanimelist.net/images/anime/4/60627.jpg
16381,https://cdn.myanimelist.net/images/anime/1211/112792.jpg
1866,https://cdn.myanimelist.net/images/anime/1/1866.jpg
27613,https://cdn.myanimelist.net/images/anime/10/67027.jpg
32571,https://cdn.myanimelist.net/images/anime/4/79805.jpg
16648,https://cdn.myanimelist.net/images/anime/12/44866.jpg
2782,https://cdn.myanimelist.net/images/anime/1586/96256.jpg
32954,https://cdn.myanimelist.net/images/anime/5/79113.jpg
832,https://cdn.myanimelist.net/images/anime/3/15415.jpg
3390,https://cdn.myanimelist.net/images/anime/1944/98096.jpg
23837,https://cdn.myanimelist.net/images/anime/10/61637.jpg
32879,
4823,https://cdn.myanimelist.net/images/anime/5/12183.jpg
32947,https://cdn.myanimelist.net/images/anime/6/79158.jpg
1685,https://cdn.myanimelist.net/images/anime/3/21506.jpg
7561,
2261,https://cdn.myanimelist.net/images/anime/1277/106345.jpg
9708,https://cdn.myanimelist.net/images/anime/8/88568.jpg
31143,https://cdn.myanimelist.net/images/anime/12/77820.jpg
786,https://cdn.myanimelist.net/images/anime/1420/146823.jpg
30358,https://cdn.myanimelist.net/images/anime/12/73122.jpg
16319,https://cdn.myanimelist.net/images/anime/5/53435.jpg
1664,https://cdn.myanimelist.net/images/anime/1038/98765.jpg
6787,https://cdn.myanimelist.net/images/anime/2/15684.jpg
1989,https://cdn.myanimelist.net/images/anime/7/68877.jpg
2727,https://cdn.myanimelist.net/images/anime/11/3676.jpg
1973,https://cdn.myanimelist.net/images/anime/1/2022.jpg
11735,https://cdn.myanimelist.net/images/anime/1341/112356.jpg
983,https://cdn.myanimelist.net/images/anime/11/59969.jpg
1927,https://cdn.myanimelist.net/images/anime/2/5861.jpg
28439,https://cdn.myanimelist.net/images/anime/10/70301.jpg
27503,https://cdn.myanimelist.net/images/anime/13/66677.jpg
2525,https://cdn.myanimelist.net/images/anime/10/60049.jpg
8619,https://cdn.myanimelist.net/images/anime/3/25044.jpg
26085,https://cdn.myanimelist.net/images/anime/4/68837.jpg
5270,https://cdn.myanimelist.net/images/anime/1355/149862.jpg
33746,https://cdn.myanimelist.net/images/anime/10/82252.jpg
30382,https://cdn.myanimelist.net/images/anime/4/74989.jpg
4540,https://cdn.myanimelist.net/images/anime/6/8685.jpg
2308,https://cdn.myanimelist.net/images/anime/6/75504.jpg
574,https://cdn.myanimelist.net/images/anime/13/28902.jpg
32454,https://cdn.myanimelist.net/images/anime/10/79223.jpg
31710,https://cdn.myanimelist.net/images/anime/5/77844.jpg
8526,https://cdn.myanimelist.net/images/anime/10/23117.jpg
19185,https://cdn.myanimelist.net/images/anime/9/51847.jpg
1775,https://cdn.myanimelist.net/images/anime/1244/150827.jpg
15391,https://cdn.myanimelist.net/images/anime/7/47133.jpg
13373,https://cdn.myanimelist.net/images/anime/5/73729.jpg
1743,https://cdn.myanimelist.net/images/anime/5/78075.jpg
7248,https://cdn.myanimelist.net/images/anime/1684/143249.jpg
1692,https://cdn.myanimelist.net/images/anime/11/75131.jpg
1586,https://cdn.myanimelist.net/images/anime/2/18760.jpg
4908,https://cdn.myanimelist.net/images/anime/3/19268.jpg
8231,https://cdn.myanimelist.net/images/anime/11/21291.jpg
12907,https://cdn.myanimelist.net/images/anime/4/36235.jpg
21773,https://cdn.myanimelist.net/images/anime/9/57959.jpg
30091,https://cdn.myanimelist.net/images/anime/10/74375.jpg
33771,https://cdn.myanimelist.net/images/anime/9/81891.jpg
23259,https://cdn.myanimelist.net/images/anime/12/63753.jpg
2278,https://cdn.myanimelist.net/images/anime/1824/98807.jpg
3328,https://cdn.myanimelist.net/images/anime/1746/121860.jpg
21009,https://cdn.myanimelist.net/images/anime/7/55775.jpg
6607,https://cdn.myanimelist.net/images/anime/7/22274.jpg
3430,https://cdn.myanimelist.net/images/anime/11/5599.jpg
17267,https://cdn.myanimelist.net/images/anime/11/51931.jpg
10958,https://cdn.myanimelist.net/images/anime/6/36265.jpg
1271,https://cdn.myanimelist.net/images/anime/1159/100238.jpg
21421,https://cdn.myanimelist.net/images/anime/10/62221.jpg
3736,https://cdn.myanimelist.net/images/anime/1833/143171.jpg
3821,https://cdn.myanimelist.net/images/anime/3/6818.jpg
1766,https://cdn.myanimelist.net/images/anime/5/46519.jpg
16169,https://cdn.myanimelist.net/images/anime/7/45306.jpg
31157,https://cdn.myanimelist.net/images/anime/10/82320.jpg
15127,https://cdn.myanimelist.net/images/anime/2/42397.jpg
4718,https://cdn.myanimelist.net/images/anime/3/82431.jpg
281,https://cdn.myanimelist.net/images/anime/6/5237.jpg
3625,https://cdn.myanimelist.net/images/anime/1325/156774.jpg
13249,https://cdn.myanimelist.net/images/anime/4/89537.jpg
21427,https://cdn.myanimelist.net/images/anime/10/56549.jpg
31549,https://cdn.myanimelist.net/images/anime/9/76469.jpg
21771,https://cdn.myanimelist.net/images/anime/8/58769.jpg
4147,https://cdn.myanimelist.net/images/anime/9/86848.jpg
21821,https://cdn.myanimelist.net/images/anime/7/60333.jpg
13309,https://cdn.myanimelist.net/images/anime/9/73732.jpg
33274,https://cdn.myanimelist.net/images/anime/1968/157313.jpg
13427,https://cdn.myanimelist.net/images/anime/6/39245.jpg
611,https://cdn.myanimelist.net/images/anime/6/83128.jpg
1183,https://cdn.myanimelist.net/images/anime/6/20912.jpg
1442,https://cdn.myanimelist.net/images/anime/1108/95688.jpg
16936,https://cdn.myanimelist.net/images/anime/11/45386.jpg
695,https://cdn.myanimelist.net/images/anime/3/22124.jpg
17513,https://cdn.myanimelist.net/images/anime/9/51989.jpg
25943,https://cdn.myanimelist.net/images/anime/10/66053.jpg
1831,https://cdn.myanimelist.net/images/anime/1523/99255.jpg
1058,https://cdn.myanimelist.net/images/anime/2/29756.jpg
625,https://cdn.myanimelist.net/images/anime/1008/131352.jpg
619,https://cdn.myanimelist.net/images/anime/5/69415.jpg
2767,https://cdn.myanimelist.net/images/anime/1819/112990.jpg
1411,https://cdn.myanimelist.net/images/anime/1628/94357.jpg
21267,https://cdn.myanimelist.net/images/anime/12/75228.jpg
32438,https://cdn.myanimelist.net/images/anime/4/79413.jpg
10520,
10735,https://cdn.myanimelist.net/images/anime/9/29571.jpg
19469,https://cdn.myanimelist.net/images/anime/10/54195.jpg
32595,https://cdn.myanimelist.net/images/anime/5/79459.jpg
1342,https://cdn.myanimelist.net/images/anime/13/12874.jpg
5053,https://cdn.myanimelist.net/images/anime/1859/97113.jpg
7453,https://cdn.myanimelist.net/images/anime/10/17813.jpg
4458,https://cdn.myanimelist.net/images/anime/4/8562.jpg
3684,https://cdn.myanimelist.net/images/anime/6/15302.jpg
32608,https://cdn.myanimelist.net/images/anime/12/78289.jpg
9741,https://cdn.myanimelist.net/images/anime/1165/117691.jpg
816,https://cdn.myanimelist.net/images/anime/8/16175.jpg
991,https://cdn.myanimelist.net/images/anime/12/2999.jpg
11661,https://cdn.myanimelist.net/images/anime/3/34269.jpg
13141,https://cdn.myanimelist.net/images/anime/7/38283.jpg
19945,https://cdn.myanimelist.net/images/anime/9/53183.jpg
3127,https://cdn.myanimelist.net/images/anime/1821/156439.jpg
4042,https://cdn.myanimelist.net/images/anime/1280/112865.jpg
33011,https://cdn.myanimelist.net/images/anime/4/82138.jpg
10391,https://cdn.myanimelist.net/images/anime/5/28576.jpg
32191,https://cdn.myanimelist.net/images/anime/1591/123540.jpg
4939,https://cdn.myanimelist.net/images/anime/2/9501.jpg
3886,https://cdn.myanimelist.net/images/anime/1288/97114.jpg
5624,https://cdn.myanimelist.net/images/anime/2/11616.jpg
1811,https://cdn.myanimelist.net/images/anime/1064/96383.jpg
19137,https://cdn.myanimelist.net/images/anime/5/51349.jpg
6305,https://cdn.myanimelist.net/images/anime/2/14118.jpg
1611,https://cdn.myanimelist.net/images/anime/11/38577.jpg
28077,https://cdn.myanimelist.net/images/anime/11/68433.jpg
1759,https://cdn.myanimelist.net/images/anime/1945/134337.jpg
1622,https://cdn.myanimelist.net/images/anime/1791/112469.jpg
17811,https://cdn.myanimelist.net/images/anime/10/69193.jpg
24011,https://cdn.myanimelist.net/images/anime/13/76576.jpg
23835,https://cdn.myanimelist.net/images/anime/11/61635.jpg
354,https://cdn.myanimelist.net/images/anime/1084/153266.jpg
15893,https://cdn.myanimelist.net/images/anime/8/44498.jpg
13259,https://cdn.myanimelist.net/images/anime/10/78122.jpg
2780,https://cdn.myanimelist.net/images/anime/1470/99198.jpg
2053,https://cdn.myanimelist.net/images/anime/6/2954.jpg
10417,https://cdn.myanimelist.net/images/anime/9/31905.jpg
5051,https://cdn.myanimelist.net/images/anime/4/9862.jpg
1027,https://cdn.myanimelist.net/images/anime/1091/94164.jpg
1338,https://cdn.myanimelist.net/images/anime/6/22243.jpg
12501,https://cdn.myanimelist.net/images/anime/11/39157.jpg
31904,https://cdn.myanimelist.net/images/anime/3/79913.jpg
25271,https://cdn.myanimelist.net/images/anime/5/64593.jpg
2453,https://cdn.myanimelist.net/images/anime/8/75160.jpg
1160,https://cdn.myanimelist.net/images/anime/1938/112269.jpg
34013,https://cdn.myanimelist.net/images/anime/7/82323.jpg
20329,https://cdn.myanimelist.net/images/anime/11/55531.jpg
22225,https://cdn.myanimelist.net/images/anime/2/64445.jpg
2384,https://cdn.myanimelist.net/images/anime/2/22356.jpg
8626,https://cdn.myanimelist.net/images/anime/1939/150505.jpg
2524,https://cdn.myanimelist.net/images/anime/1641/144940.jpg
4398,https://cdn.myanimelist.net/images/anime/3/71472.jpg
8297,https://cdn.myanimelist.net/images/anime/1592/112151.jpg
2779,https://cdn.myanimelist.net/images/anime/11/3755.jpg
1343,https://cdn.myanimelist.net/images/anime/1/2384.jpg
9861,https://cdn.myanimelist.net/images/anime/11/27282.jpg
2220,https://cdn.myanimelist.net/images/anime/1/2413.jpg
503,https://cdn.myanimelist.net/images/anime/1405/112180.jpg
13375,https://cdn.myanimelist.net/images/anime/13/78121.jpg
1937,https://cdn.myanimelist.net/images/anime/9/10234.jpg
19287,https://cdn.myanimelist.net/images/anime/3/51725.jpg
1052,https://cdn.myanimelist.net/images/anime/1534/100531.jpg
18231,https://cdn.myanimelist.net/images/anime/8/48913.jpg
1105,
10258,https://cdn.myanimelist.net/images/anime/10/77941.jpg
434,https://cdn.myanimelist.net/images/anime/8/26903.jpg
20857,https://cdn.myanimelist.net/images/anime/9/55113.jpg
305,https://cdn.myanimelist.net/images/anime/1492/94195.jpg
2622,https://cdn.myanimelist.net/images/anime/3/72814.jpg
22955,https://cdn.myanimelist.net/images/anime/12/63633.jpg
964,https://cdn.myanimelist.net/images/anime/10/75237.jpg
30826,
15535,https://cdn.myanimelist.net/images/anime/6/42753.jpg
33462,https://cdn.myanimelist.net/images/anime/11/81589.jpg
1741,https://cdn.myanimelist.net/images/anime/3/5357.jpg
33170,https://cdn.myanimelist.net/images/anime/12/79673.jpg
31498,https://cdn.myanimelist.net/images/anime/4/79400.jpg
1640,https://cdn.myanimelist.net/images/anime/1/1640.jpg
1216,https://cdn.myanimelist.net/images/anime/1144/143840.jpg
25439,https://cdn.myanimelist.net/images/anime/11/64843.jpg
10838,https://cdn.myanimelist.net/images/anime/11/31695.jpg
32950,https://cdn.myanimelist.net/images/anime/2/80584.jpg
13479,https://cdn.myanimelist.net/images/anime/4/37631.jpg
13971,https://cdn.myanimelist.net/images/anime/2/68973.jpg
31519,https://cdn.myanimelist.net/images/anime/3/77048.jpg
3429,https://cdn.myanimelist.net/images/anime/5/10569.jpg
10801,https://cdn.myanimelist.net/images/anime/10/75584.jpg
1613,https://cdn.myanimelist.net/images/anime/1/1613.jpg
31165,https://cdn.myanimelist.net/images/anime/7/75927.jpg
2391,https://cdn.myanimelist.net/images/anime/1121/117789.jpg
2249,https://cdn.myanimelist.net/images/anime/1280/99706.jpg
9170,https://cdn.myanimelist.net/images/anime/5/25438.jpg
6525,https://cdn.myanimelist.net/images/anime/10/23512.jpg
2719,https://cdn.myanimelist.net/images/anime/3/4868.jpg
17849,
2364,https://cdn.myanimelist.net/images/anime/1388/94194.jpg
15021,https://cdn.myanimelist.net/images/anime/7/76446.jpg
1252,https://cdn.myanimelist.net/images/anime/1354/94841.jpg
4827,https://cdn.myanimelist.net/images/anime/3/75133.jpg
6491,https://cdn.myanimelist.net/images/anime/3/15400.jpg
33803,https://cdn.myanimelist.net/images/anime/6/82326.jpg
10104,https://cdn.myanimelist.net/images/anime/12/27874.jpg
1982,https://cdn.myanimelist.net/images/anime/4/12253.jpg
31115,https://cdn.myanimelist.net/images/anime/3/74747.jpg
32084,https://cdn.myanimelist.net/images/anime/7/77128.jpg
23079,https://cdn.myanimelist.net/images/anime/12/64265.jpg
5549,https://cdn.myanimelist.net/images/anime/1258/117454.jpg
2521,https://cdn.myanimelist.net/images/anime/1303/133414.jpg
7782,https://cdn.myanimelist.net/images/anime/6/25042.jpg
19207,https://cdn.myanimelist.net/images/anime/7/51505.jpg
3772,https://cdn.myanimelist.net/images/anime/4/20756.jpg
2591,https://cdn.myanimelist.net/images/anime/6/49963.jpg
1515,https://cdn.myanimelist.net/images/anime/2/20066.jpg
30251,https://cdn.myanimelist.net/images/anime/8/74980.jpg
15891,https://cdn.myanimelist.net/images/anime/12/76953.jpg
2147,https://cdn.myanimelist.net/images/anime/4/18490.jpg
6131,https://cdn.myanimelist.net/images/anime/2/13420.jpg
2317,https://cdn.myanimelist.net/images/anime/1514/146401.jpg
17843,
31439,https://cdn.myanimelist.net/images/anime/3/79135.jpg
33245,https://cdn.myanimelist.net/images/anime/1727/111715.jpg
3026,https://cdn.myanimelist.net/images/anime/1989/94225.jpg
20919,https://cdn.myanimelist.net/images/anime/9/55639.jpg
32606,https://cdn.myanimelist.net/images/anime/1725/134446.jpg
1725,https://cdn.myanimelist.net/images/anime/7/18524.jpg
32697,
1341,https://cdn.myanimelist.net/images/anime/1152/121840.jpg
1340,https://cdn.myanimelist.net/images/anime/12/66755.jpg
16656,https://cdn.myanimelist.net/images/anime/9/65213.jpg
1819,https://cdn.myanimelist.net/images/anime/1041/97142.jpg
30600,https://cdn.myanimelist.net/images/anime/7/73505.jpg
1059,https://cdn.myanimelist.net/images/anime/12/44255.jpg
27927,https://cdn.myanimelist.net/images/anime/13/86398.jpg
7475,https://cdn.myanimelist.net/images/anime/8/64357.jpg
6318,https://cdn.myanimelist.net/images/anime/1848/120404.jpg
30739,https://cdn.myanimelist.net/images/anime/11/73851.jpg
2462,https://cdn.myanimelist.net/images/anime/1870/97434.jpg
2983,https://cdn.myanimelist.net/images/anime/1015/90699.jpg
1285,https://cdn.myanimelist.net/images/anime/4/21433.jpg
10954,https://cdn.myanimelist.net/images/anime/5/56489.jpg
1596,https://cdn.myanimelist.net/images/anime/1681/100065.jpg
2897,https://cdn.myanimelist.net/images/anime/6/4068.jpg
7060,https://cdn.myanimelist.net/images/anime/1819/150567.jpg
5304,https://cdn.myanimelist.net/images/anime/1549/155818.jpg
1949,https://cdn.myanimelist.net/images/anime/1055/112163.jpg
3463,https://cdn.myanimelist.net/images/anime/1401/112244.jpg
12865,https://cdn.myanimelist.net/images/anime/5/36083.jpg
5025,https://cdn.myanimelist.net/images/anime/8/15386.jpg
31108,https://cdn.myanimelist.net/images/anime/4/74722.jpg
1751,https://cdn.myanimelist.net/images/anime/1110/112910.jpg
3882,https://cdn.myanimelist.net/images/anime/4/29427.jpg
13439,
28531,https://cdn.myanimelist.net/images/anime/3/70135.jpg
30947,https://cdn.myanimelist.net/images/anime/12/74464.jpg
15045,
14479,https://cdn.myanimelist.net/images/anime/6/39537.jpg
14563,https://cdn.myanimelist.net/images/anime/4/39693.jpg
537,https://cdn.myanimelist.net/images/anime/6/4615.jpg
30782,https://cdn.myanimelist.net/images/anime/1670/112160.jpg
1455,https://cdn.myanimelist.net/images/anime/1285/94142.jpg
30850,https://cdn.myanimelist.net/images/anime/6/74241.jpg
17395,https://cdn.myanimelist.net/images/anime/1755/112479.jpg
30948,https://cdn.myanimelist.net/images/anime/1695/112630.jpg
2362,https://cdn.myanimelist.net/images/anime/1019/144495.jpg
33113,https://cdn.myanimelist.net/images/anime/2/79983.jpg
33572,https://cdn.myanimelist.net/images/anime/6/80935.jpg
2796,https://cdn.myanimelist.net/images/anime/12/63903.jpg
31244,https://cdn.myanimelist.net/images/anime/11/75880.jpg
2219,https://cdn.myanimelist.net/images/anime/9/73807.jpg
31491,https://cdn.myanimelist.net/images/anime/1297/138526.jpg
1053,https://cdn.myanimelist.net/images/anime/1762/112262.jpg
10639,https://cdn.myanimelist.net/images/anime/10/29286.jpg
33026,https://cdn.myanimelist.net/images/anime/1833/132968.jpg
3306,https://cdn.myanimelist.net/images/anime/8/25644.jpg
11679,https://cdn.myanimelist.net/images/anime/6/32575.jpg
9506,https://cdn.myanimelist.net/images/anime/1462/131712.jpg
2262,https://cdn.myanimelist.net/images/anime/1222/153117.jpg
681,https://cdn.myanimelist.net/images/anime/11/3789.jpg
1031,https://cdn.myanimelist.net/images/anime/8/24282.jpg
1287,https://cdn.myanimelist.net/images/anime/1562/142317.jpg
2967,https://cdn.myanimelist.net/images/anime/2/74243.jpg
2181,https://cdn.myanimelist.net/images/anime/2/34555.jpg
6281,https://cdn.myanimelist.net/images/anime/1796/112242.jpg
10710,https://cdn.myanimelist.net/images/anime/11/29512.jpg
2730,https://cdn.myanimelist.net/images/anime/2/3679.jpg
675,https://cdn.myanimelist.net/images/anime/5/25086.jpg
1560,https://cdn.myanimelist.net/images/anime/2/24751.jpg
10003,https://cdn.myanimelist.net/images/anime/10/27656.jpg
13669,https://cdn.myanimelist.net/images/anime/4/37931.jpg
994,https://cdn.myanimelist.net/images/anime/13/53735.jpg
28761,https://cdn.myanimelist.net/images/anime/4/69727.jpg
725,https://cdn.myanimelist.net/images/anime/1937/113697.jpg
10406,https://cdn.myanimelist.net/images/anime/9/28590.jpg
8064,https://cdn.myanimelist.net/images/anime/12/19699.jpg
8952,https://cdn.myanimelist.net/images/anime/2/25307.jpg
11867,https://cdn.myanimelist.net/images/anime/11/33203.jpg
4389,https://cdn.myanimelist.net/images/anime/12/8326.jpg
17659,https://cdn.myanimelist.net/images/anime/9/47131.jpg
10859,https://cdn.myanimelist.net/images/anime/12/29998.jpg
1286,https://cdn.myanimelist.net/images/anime/1351/96371.jpg
2057,https://cdn.myanimelist.net/images/anime/1556/97264.jpg
765,https://cdn.myanimelist.net/images/anime/6/4489.jpg
600,https://cdn.myanimelist.net/images/anime/7/23556.jpg
13835,https://cdn.myanimelist.net/images/anime/12/38379.jpg
752,https://cdn.myanimelist.net/images/anime/1430/143802.jpg
112,https://cdn.myanimelist.net/images/anime/5/75236.jpg
1621,
1626,https://cdn.myanimelist.net/images/anime/1482/97116.jpg
21335,https://cdn.myanimelist.net/images/anime/6/56319.jpg
23023,https://cdn.myanimelist.net/images/anime/2/84543.jpg
5622,https://cdn.myanimelist.net/images/anime/6/81052.jpg
5656,https://cdn.myanimelist.net/images/anime/8/16205.jpg
20707,https://cdn.myanimelist.net/images/anime/1812/149912.jpg
7025,https://cdn.myanimelist.net/images/anime/1265/154242.jpg
33541,https://cdn.myanimelist.net/images/anime/1261/156259.jpg
29865,https://cdn.myanimelist.net/images/anime/9/71721.jpg
18149,https://cdn.myanimelist.net/images/anime/10/73662.jpg
5158,https://cdn.myanimelist.net/images/anime/10/10299.jpg
6346,https://cdn.myanimelist.net/images/anime/1074/142944.jpg
1529,https://cdn.myanimelist.net/images/anime/1378/91079.jpg
3112,https://cdn.myanimelist.net/images/anime/7/21126.jpg
9744,https://cdn.myanimelist.net/images/anime/8/26989.jpg
4966,https://cdn.myanimelist.net/images/anime/3/68385.jpg
1995,https://cdn.myanimelist.net/images/anime/5/24024.jpg
5715,https://cdn.myanimelist.net/images/anime/1896/141923.jpg
33119,https://cdn.myanimelist.net/images/anime/9/79575.jpg
29941,https://cdn.myanimelist.net/images/anime/4/75013.jpg
1451,https://cdn.myanimelist.net/images/anime/11/44163.jpg
19297,
30705,https://cdn.myanimelist.net/images/anime/11/75142.jpg
31139,https://cdn.myanimelist.net/images/anime/1065/111717.jpg
6392,https://cdn.myanimelist.net/images/anime/9/18187.jpg
1009,https://cdn.myanimelist.net/images/anime/4/64045.jpg
33814,https://cdn.myanimelist.net/images/anime/3/81430.jpg
2146,https://cdn.myanimelist.net/images/anime/1133/148875.jpg
705,
1102,https://cdn.myanimelist.net/images/anime/4/33543.jpg
33690,https://cdn.myanimelist.net/images/anime/4/81048.jpg
5020,https://cdn.myanimelist.net/images/anime/12/24959.jpg
7882,https://cdn.myanimelist.net/images/anime/9/19315.jpg
28981,https://cdn.myanimelist.net/images/anime/1957/111714.jpg
31633,
1765,https://cdn.myanimelist.net/images/anime/1341/96594.jpg
16692,https://cdn.myanimelist.net/images/anime/10/49439.jpg
31578,
11691,https://cdn.myanimelist.net/images/anime/12/32603.jpg
788,https://cdn.myanimelist.net/images/anime/1693/135144.jpg
32467,https://cdn.myanimelist.net/images/anime/6/77902.jpg
2475,https://cdn.myanimelist.net/images/anime/1792/151518.jpg
6535,https://cdn.myanimelist.net/images/anime/13/64699.jpg
32906,https://cdn.myanimelist.net/images/anime/12/78958.jpg
7897,https://cdn.myanimelist.net/images/anime/11/19270.jpg
11687,https://cdn.myanimelist.net/images/anime/1398/134080.jpg
1647,https://cdn.myanimelist.net/images/anime/6/16230.jpg
9056,https://cdn.myanimelist.net/images/anime/1199/150320.jpg
33021,https://cdn.myanimelist.net/images/anime/2/79268.jpg
1585,
2250,https://cdn.myanimelist.net/images/anime/1/2476.jpg
1966,https://cdn.myanimelist.net/images/anime/2/57439.jpg
1812,https://cdn.myanimelist.net/images/anime/1710/101586.jpg
11869,https://cdn.myanimelist.net/images/anime/8/33341.jpg
20811,https://cdn.myanimelist.net/images/anime/2/55013.jpg
3801,https://cdn.myanimelist.net/images/anime/1349/100882.jpg
4531,https://cdn.myanimelist.net/images/anime/1216/94235.jpg
1657,https://cdn.myanimelist.net/images/anime/4/5440.jpg
2776,https://cdn.myanimelist.net/images/anime/7/3752.jpg
16436,https://cdn.myanimelist.net/images/anime/1007/116726.jpg
33394,https://cdn.myanimelist.net/images/anime/9/80373.jpg
22377,https://cdn.myanimelist.net/images/anime/8/58783.jpg
16606,https://cdn.myanimelist.net/images/anime/6/44756.jpg
6950,https://cdn.myanimelist.net/images/anime/13/69011.jpg
19315,
16604,https://cdn.myanimelist.net/images/anime/11/44752.jpg
11689,https://cdn.myanimelist.net/images/anime/2/33509.jpg
11915,https://cdn.myanimelist.net/images/anime/9/33469.jpg
28929,https://cdn.myanimelist.net/images/anime/12/74765.jpg
16610,https://cdn.myanimelist.net/images/anime/6/44760.jpg
2792,https://cdn.myanimelist.net/images/anime/1698/94566.jpg
11883,https://cdn.myanimelist.net/images/anime/2/33245.jpg
11897,https://cdn.myanimelist.net/images/anime/3/33273.jpg
1345,https://cdn.myanimelist.net/images/anime/1871/144500.jpg
5877,
16608,https://cdn.myanimelist.net/images/anime/1093/103199.jpg
6953,https://cdn.myanimelist.net/images/anime/13/16203.jpg
29949,
413,https://cdn.myanimelist.net/images/anime/1651/148871.jpg
13405,https://cdn.myanimelist.net/images/anime/6/37519.jpg
3287,https://cdn.myanimelist.net/images/anime/9/62115.jpg
31485,https://cdn.myanimelist.net/images/anime/6/82689.jpg
30617,https://cdn.myanimelist.net/images/anime/13/73567.jpg
33566,https://cdn.myanimelist.net/images/anime/7/82055.jpg
33712,https://cdn.myanimelist.net/images/anime/5/81119.jpg
33950,https://cdn.myanimelist.net/images/anime/7/84639.jpg
33728,https://cdn.myanimelist.net/images/anime/11/82495.jpg
30818,https://cdn.myanimelist.net/images/anime/10/74209.jpg
33025,
7781,https://cdn.myanimelist.net/images/anime/4/33985.jpg
33219,
31418,https://cdn.myanimelist.net/images/anime/7/87590.jpg
33034,https://cdn.myanimelist.net/images/anime/11/81607.jpg
15227,https://cdn.myanimelist.net/images/anime/2/87704.jpg
15407,https://cdn.myanimelist.net/images/anime/4/75803.jpg
29715,https://cdn.myanimelist.net/images/anime/6/72092.jpg
34238,https://cdn.myanimelist.net/images/anime/6/89191.jpg
15393,https://cdn.myanimelist.net/images/anime/3/42283.jpg
31486,https://cdn.myanimelist.net/images/anime/7/77175.jpg
31861,https://cdn.myanimelist.net/images/anime/1068/133804.jpg
30537,https://cdn.myanimelist.net/images/anime/9/74269.jpg
33048,https://cdn.myanimelist.net/images/anime/5/81701.jpg
2238,https://cdn.myanimelist.net/images/anime/1924/143829.jpg
8634,https://cdn.myanimelist.net/images/anime/8/26233.jpg
10048,https://cdn.myanimelist.net/images/anime/1941/143824.jpg
719,https://cdn.myanimelist.net/images/anime/8/6531.jpg
5774,https://cdn.myanimelist.net/images/anime/5/17008.jpg
3210,https://cdn.myanimelist.net/images/anime/9/27506.jpg
15291,https://cdn.myanimelist.net/images/anime/9/83180.jpg
5902,https://cdn.myanimelist.net/images/anime/5/34517.jpg
3375,https://cdn.myanimelist.net/images/anime/8/31421.jpg
5719,https://cdn.myanimelist.net/images/anime/1712/148531.jpg
747,https://cdn.myanimelist.net/images/anime/6/3718.jpg
5784,https://cdn.myanimelist.net/images/anime/7/75531.jpg
734,https://cdn.myanimelist.net/images/anime/5/72912.jpg
2417,https://cdn.myanimelist.net/images/anime/9/2720.jpg
9761,https://cdn.myanimelist.net/images/anime/2/36823.jpg
1041,https://cdn.myanimelist.net/images/anime/1998/116562.jpg
1042,https://cdn.myanimelist.net/images/anime/5/73227.jpg
2148,https://cdn.myanimelist.net/images/anime/8/88352.jpg
746,https://cdn.myanimelist.net/images/anime/5/11100.jpg
733,https://cdn.myanimelist.net/images/anime/1095/143836.jpg
30262,https://cdn.myanimelist.net/images/anime/3/72624.jpg
8339,https://cdn.myanimelist.net/images/anime/4/21953.jpg
8577,https://cdn.myanimelist.net/images/anime/12/23461.jpg
10845,https://cdn.myanimelist.net/images/anime/3/29932.jpg
10920,https://cdn.myanimelist.net/images/anime/3/30153.jpg
9232,https://cdn.myanimelist.net/images/anime/1695/132476.jpg
1496,https://cdn.myanimelist.net/images/anime/1187/110295.jpg
12239,
2218,https://cdn.myanimelist.net/images/anime/1/2411.jpg
2169,https://cdn.myanimelist.net/images/anime/1/2329.jpg
4149,https://cdn.myanimelist.net/images/anime/1606/94217.jpg
31283,https://cdn.myanimelist.net/images/anime/12/78515.jpg
9600,https://cdn.myanimelist.net/images/anime/10/61779.jpg
2592,https://cdn.myanimelist.net/images/anime/1020/143845.jpg
730,https://cdn.myanimelist.net/images/anime/1886/143847.jpg
6546,
